access_num,page_id,ns_access,working_set_size
0,0,0.00,32
1,1,0.00,32
2,2,0.00,32
3,3,0.00,32
4,4,0.00,32
5,5,0.00,32
6,6,0.00,32
7,7,0.00,32
8,8,0.00,32
9,9,0.00,32
10,10,0.00,32
11,11,0.00,32
12,12,0.00,32
13,13,0.00,32
14,14,0.00,32
15,15,0.00,32
16,16,0.00,32
17,17,0.00,32
18,18,0.00,32
19,19,0.00,32
20,20,0.00,32
21,21,0.00,32
22,22,0.00,32
23,23,0.00,32
24,24,0.00,32
25,25,0.00,32
26,26,0.00,32
27,27,0.00,32
28,28,0.00,32
29,29,0.00,32
30,30,0.00,32
31,31,0.00,32
32,0,0.00,32
33,1,0.00,32
34,2,0.00,32
35,3,0.00,32
36,4,0.00,32
37,5,0.00,32
38,6,0.00,32
39,7,0.00,32
40,8,0.00,32
41,9,0.00,32
42,10,0.00,32
43,11,0.00,32
44,12,0.00,32
45,13,0.00,32
46,14,0.00,32
47,15,0.00,32
48,16,0.00,32
49,17,0.00,32
50,18,0.00,32
51,19,0.00,32
52,20,0.00,32
53,21,0.00,32
54,22,0.00,32
55,23,0.00,32
56,24,0.00,32
57,25,0.00,32
58,26,0.00,32
59,27,0.00,32
60,28,0.00,32
61,29,0.00,32
62,30,0.00,32
63,31,0.00,32
64,0,0.00,32
65,1,0.00,32
66,2,0.00,32
67,3,0.00,32
68,4,0.00,32
69,5,0.00,32
70,6,0.00,32
71,7,0.00,32
72,8,0.00,32
73,9,0.00,32
74,10,0.00,32
75,11,0.00,32
76,12,0.00,32
77,13,0.00,32
78,14,0.00,32
79,15,0.00,32
80,16,0.00,32
81,17,0.00,32
82,18,0.00,32
83,19,0.00,32
84,20,0.00,32
85,21,0.00,32
86,22,0.00,32
87,23,0.00,32
88,24,41.67,32
89,25,0.00,32
90,26,0.00,32
91,27,0.00,32
92,28,0.00,32
93,29,0.00,32
94,30,0.00,32
95,31,0.00,32
96,0,0.00,32
97,1,0.00,32
98,2,0.00,32
99,3,0.00,32
100,4,0.00,32
101,5,0.00,32
102,6,0.00,32
103,7,0.00,32
104,8,0.00,32
105,9,0.00,32
106,10,0.00,32
107,11,0.00,32
108,12,0.00,32
109,13,0.00,32
110,14,0.00,32
111,15,0.00,32
112,16,0.00,32
113,17,0.00,32
114,18,0.00,32
115,19,0.00,32
116,20,0.00,32
117,21,0.00,32
118,22,0.00,32
119,23,0.00,32
120,24,0.00,32
121,25,0.00,32
122,26,0.00,32
123,27,0.00,32
124,28,0.00,32
125,29,0.00,32
126,30,0.00,32
127,31,0.00,32
128,0,0.00,32
129,1,0.00,32
130,2,0.00,32
131,3,0.00,32
132,4,0.00,32
133,5,0.00,32
134,6,0.00,32
135,7,0.00,32
136,8,0.00,32
137,9,0.00,32
138,10,0.00,32
139,11,0.00,32
140,12,0.00,32
141,13,0.00,32
142,14,0.00,32
143,15,0.00,32
144,16,0.00,32
145,17,0.00,32
146,18,0.00,32
147,19,0.00,32
148,20,0.00,32
149,21,0.00,32
150,22,0.00,32
151,23,0.00,32
152,24,0.00,32
153,25,0.00,32
154,26,41.67,32
155,27,0.00,32
156,28,0.00,32
157,29,0.00,32
158,30,0.00,32
159,31,0.00,32
160,0,0.00,32
161,1,0.00,32
162,2,0.00,32
163,3,0.00,32
164,4,0.00,32
165,5,0.00,32
166,6,0.00,32
167,7,0.00,32
168,8,0.00,32
169,9,0.00,32
170,10,0.00,32
171,11,0.00,32
172,12,0.00,32
173,13,0.00,32
174,14,0.00,32
175,15,0.00,32
176,16,0.00,32
177,17,0.00,32
178,18,0.00,32
179,19,0.00,32
180,20,0.00,32
181,21,0.00,32
182,22,0.00,32
183,23,0.00,32
184,24,0.00,32
185,25,0.00,32
186,26,0.00,32
187,27,0.00,32
188,28,0.00,32
189,29,0.00,32
190,30,0.00,32
191,31,0.00,32
192,0,0.00,32
193,1,0.00,32
194,2,0.00,32
195,3,0.00,32
196,4,0.00,32
197,5,0.00,32
198,6,0.00,32
199,7,0.00,32
200,8,0.00,32
201,9,0.00,32
202,10,0.00,32
203,11,0.00,32
204,12,0.00,32
205,13,0.00,32
206,14,0.00,32
207,15,0.00,32
208,16,0.00,32
209,17,0.00,32
210,18,0.00,32
211,19,0.00,32
212,20,0.00,32
213,21,0.00,32
214,22,0.00,32
215,23,0.00,32
216,24,0.00,32
217,25,0.00,32
218,26,0.00,32
219,27,0.00,32
220,28,0.00,32
221,29,0.00,32
222,30,0.00,32
223,31,0.00,32
224,0,0.00,32
225,1,0.00,32
226,2,0.00,32
227,3,0.00,32
228,4,0.00,32
229,5,0.00,32
230,6,0.00,32
231,7,0.00,32
232,8,0.00,32
233,9,0.00,32
234,10,0.00,32
235,11,0.00,32
236,12,0.00,32
237,13,0.00,32
238,14,0.00,32
239,15,0.00,32
240,16,0.00,32
241,17,0.00,32
242,18,0.00,32
243,19,0.00,32
244,20,0.00,32
245,21,0.00,32
246,22,0.00,32
247,23,0.00,32
248,24,0.00,32
249,25,0.00,32
250,26,0.00,32
251,27,0.00,32
252,28,0.00,32
253,29,0.00,32
254,30,0.00,32
255,31,0.00,32
256,0,0.00,32
257,1,0.00,32
258,2,0.00,32
259,3,0.00,32
260,4,0.00,32
261,5,0.00,32
262,6,0.00,32
263,7,0.00,32
264,8,0.00,32
265,9,0.00,32
266,10,0.00,32
267,11,0.00,32
268,12,0.00,32
269,13,0.00,32
270,14,0.00,32
271,15,0.00,32
272,16,0.00,32
273,17,0.00,32
274,18,0.00,32
275,19,0.00,32
276,20,0.00,32
277,21,0.00,32
278,22,0.00,32
279,23,0.00,32
280,24,0.00,32
281,25,0.00,32
282,26,0.00,32
283,27,0.00,32
284,28,0.00,32
285,29,0.00,32
286,30,0.00,32
287,31,0.00,32
288,0,0.00,32
289,1,0.00,32
290,2,0.00,32
291,3,0.00,32
292,4,0.00,32
293,5,0.00,32
294,6,0.00,32
295,7,0.00,32
296,8,0.00,32
297,9,0.00,32
298,10,0.00,32
299,11,0.00,32
300,12,0.00,32
301,13,0.00,32
302,14,0.00,32
303,15,0.00,32
304,16,0.00,32
305,17,0.00,32
306,18,0.00,32
307,19,0.00,32
308,20,0.00,32
309,21,0.00,32
310,22,0.00,32
311,23,0.00,32
312,24,0.00,32
313,25,0.00,32
314,26,0.00,32
315,27,0.00,32
316,28,0.00,32
317,29,0.00,32
318,30,0.00,32
319,31,0.00,32
320,0,0.00,32
321,1,0.00,32
322,2,0.00,32
323,3,0.00,32
324,4,0.00,32
325,5,0.00,32
326,6,0.00,32
327,7,0.00,32
328,8,0.00,32
329,9,0.00,32
330,10,0.00,32
331,11,0.00,32
332,12,0.00,32
333,13,0.00,32
334,14,0.00,32
335,15,0.00,32
336,16,0.00,32
337,17,0.00,32
338,18,0.00,32
339,19,0.00,32
340,20,0.00,32
341,21,0.00,32
342,22,0.00,32
343,23,0.00,32
344,24,0.00,32
345,25,0.00,32
346,26,0.00,32
347,27,0.00,32
348,28,0.00,32
349,29,0.00,32
350,30,0.00,32
351,31,0.00,32
352,0,0.00,32
353,1,0.00,32
354,2,0.00,32
355,3,0.00,32
356,4,0.00,32
357,5,0.00,32
358,6,0.00,32
359,7,0.00,32
360,8,0.00,32
361,9,0.00,32
362,10,0.00,32
363,11,0.00,32
364,12,0.00,32
365,13,0.00,32
366,14,0.00,32
367,15,0.00,32
368,16,0.00,32
369,17,0.00,32
370,18,0.00,32
371,19,0.00,32
372,20,0.00,32
373,21,0.00,32
374,22,0.00,32
375,23,0.00,32
376,24,0.00,32
377,25,0.00,32
378,26,0.00,32
379,27,0.00,32
380,28,0.00,32
381,29,0.00,32
382,30,0.00,32
383,31,0.00,32
384,0,0.00,32
385,1,0.00,32
386,2,0.00,32
387,3,0.00,32
388,4,0.00,32
389,5,0.00,32
390,6,0.00,32
391,7,0.00,32
392,8,0.00,32
393,9,0.00,32
394,10,0.00,32
395,11,0.00,32
396,12,0.00,32
397,13,0.00,32
398,14,0.00,32
399,15,0.00,32
400,16,0.00,32
401,17,0.00,32
402,18,0.00,32
403,19,0.00,32
404,20,0.00,32
405,21,0.00,32
406,22,0.00,32
407,23,0.00,32
408,24,0.00,32
409,25,0.00,32
410,26,0.00,32
411,27,0.00,32
412,28,0.00,32
413,29,0.00,32
414,30,0.00,32
415,31,0.00,32
416,0,0.00,32
417,1,0.00,32
418,2,0.00,32
419,3,0.00,32
420,4,0.00,32
421,5,0.00,32
422,6,0.00,32
423,7,0.00,32
424,8,0.00,32
425,9,0.00,32
426,10,0.00,32
427,11,0.00,32
428,12,0.00,32
429,13,0.00,32
430,14,0.00,32
431,15,0.00,32
432,16,0.00,32
433,17,0.00,32
434,18,0.00,32
435,19,0.00,32
436,20,0.00,32
437,21,0.00,32
438,22,0.00,32
439,23,0.00,32
440,24,0.00,32
441,25,0.00,32
442,26,0.00,32
443,27,0.00,32
444,28,0.00,32
445,29,0.00,32
446,30,41.67,32
447,31,0.00,32
448,0,0.00,32
449,1,0.00,32
450,2,0.00,32
451,3,0.00,32
452,4,0.00,32
453,5,0.00,32
454,6,0.00,32
455,7,0.00,32
456,8,0.00,32
457,9,0.00,32
458,10,0.00,32
459,11,0.00,32
460,12,0.00,32
461,13,0.00,32
462,14,0.00,32
463,15,0.00,32
464,16,0.00,32
465,17,0.00,32
466,18,0.00,32
467,19,0.00,32
468,20,0.00,32
469,21,0.00,32
470,22,0.00,32
471,23,0.00,32
472,24,0.00,32
473,25,0.00,32
474,26,0.00,32
475,27,0.00,32
476,28,0.00,32
477,29,0.00,32
478,30,0.00,32
479,31,0.00,32
480,0,0.00,32
481,1,0.00,32
482,2,0.00,32
483,3,0.00,32
484,4,0.00,32
485,5,0.00,32
486,6,0.00,32
487,7,0.00,32
488,8,0.00,32
489,9,0.00,32
490,10,0.00,32
491,11,0.00,32
492,12,0.00,32
493,13,0.00,32
494,14,0.00,32
495,15,0.00,32
496,16,0.00,32
497,17,0.00,32
498,18,0.00,32
499,19,0.00,32
500,20,0.00,32
501,21,0.00,32
502,22,0.00,32
503,23,0.00,32
504,24,0.00,32
505,25,0.00,32
506,26,0.00,32
507,27,0.00,32
508,28,0.00,32
509,29,0.00,32
510,30,0.00,32
511,31,0.00,32
512,0,0.00,32
513,1,0.00,32
514,2,0.00,32
515,3,0.00,32
516,4,0.00,32
517,5,0.00,32
518,6,0.00,32
519,7,0.00,32
520,8,0.00,32
521,9,0.00,32
522,10,0.00,32
523,11,0.00,32
524,12,0.00,32
525,13,0.00,32
526,14,0.00,32
527,15,0.00,32
528,16,0.00,32
529,17,0.00,32
530,18,0.00,32
531,19,0.00,32
532,20,0.00,32
533,21,0.00,32
534,22,0.00,32
535,23,0.00,32
536,24,0.00,32
537,25,0.00,32
538,26,0.00,32
539,27,0.00,32
540,28,0.00,32
541,29,0.00,32
542,30,0.00,32
543,31,0.00,32
544,0,0.00,32
545,1,0.00,32
546,2,0.00,32
547,3,0.00,32
548,4,0.00,32
549,5,0.00,32
550,6,0.00,32
551,7,0.00,32
552,8,0.00,32
553,9,0.00,32
554,10,0.00,32
555,11,0.00,32
556,12,0.00,32
557,13,0.00,32
558,14,0.00,32
559,15,0.00,32
560,16,0.00,32
561,17,0.00,32
562,18,0.00,32
563,19,0.00,32
564,20,0.00,32
565,21,0.00,32
566,22,0.00,32
567,23,0.00,32
568,24,0.00,32
569,25,0.00,32
570,26,0.00,32
571,27,0.00,32
572,28,0.00,32
573,29,0.00,32
574,30,0.00,32
575,31,0.00,32
576,0,0.00,32
577,1,0.00,32
578,2,0.00,32
579,3,0.00,32
580,4,0.00,32
581,5,0.00,32
582,6,0.00,32
583,7,0.00,32
584,8,0.00,32
585,9,0.00,32
586,10,0.00,32
587,11,0.00,32
588,12,0.00,32
589,13,0.00,32
590,14,0.00,32
591,15,0.00,32
592,16,0.00,32
593,17,0.00,32
594,18,0.00,32
595,19,0.00,32
596,20,0.00,32
597,21,0.00,32
598,22,0.00,32
599,23,0.00,32
600,24,0.00,32
601,25,0.00,32
602,26,0.00,32
603,27,0.00,32
604,28,0.00,32
605,29,0.00,32
606,30,0.00,32
607,31,0.00,32
608,0,0.00,32
609,1,0.00,32
610,2,0.00,32
611,3,0.00,32
612,4,0.00,32
613,5,0.00,32
614,6,0.00,32
615,7,0.00,32
616,8,0.00,32
617,9,0.00,32
618,10,0.00,32
619,11,0.00,32
620,12,0.00,32
621,13,0.00,32
622,14,0.00,32
623,15,0.00,32
624,16,0.00,32
625,17,0.00,32
626,18,0.00,32
627,19,0.00,32
628,20,0.00,32
629,21,0.00,32
630,22,0.00,32
631,23,0.00,32
632,24,0.00,32
633,25,0.00,32
634,26,0.00,32
635,27,0.00,32
636,28,0.00,32
637,29,0.00,32
638,30,0.00,32
639,31,0.00,32
640,0,0.00,32
641,1,0.00,32
642,2,0.00,32
643,3,0.00,32
644,4,0.00,32
645,5,0.00,32
646,6,0.00,32
647,7,0.00,32
648,8,0.00,32
649,9,0.00,32
650,10,0.00,32
651,11,0.00,32
652,12,0.00,32
653,13,0.00,32
654,14,0.00,32
655,15,0.00,32
656,16,0.00,32
657,17,0.00,32
658,18,0.00,32
659,19,0.00,32
660,20,0.00,32
661,21,0.00,32
662,22,0.00,32
663,23,0.00,32
664,24,0.00,32
665,25,0.00,32
666,26,0.00,32
667,27,0.00,32
668,28,0.00,32
669,29,0.00,32
670,30,0.00,32
671,31,0.00,32
672,0,0.00,32
673,1,0.00,32
674,2,0.00,32
675,3,0.00,32
676,4,0.00,32
677,5,0.00,32
678,6,0.00,32
679,7,0.00,32
680,8,0.00,32
681,9,0.00,32
682,10,0.00,32
683,11,0.00,32
684,12,0.00,32
685,13,0.00,32
686,14,0.00,32
687,15,0.00,32
688,16,0.00,32
689,17,0.00,32
690,18,0.00,32
691,19,0.00,32
692,20,0.00,32
693,21,0.00,32
694,22,0.00,32
695,23,0.00,32
696,24,0.00,32
697,25,0.00,32
698,26,0.00,32
699,27,0.00,32
700,28,0.00,32
701,29,0.00,32
702,30,0.00,32
703,31,0.00,32
704,0,0.00,32
705,1,0.00,32
706,2,0.00,32
707,3,0.00,32
708,4,0.00,32
709,5,0.00,32
710,6,0.00,32
711,7,0.00,32
712,8,0.00,32
713,9,0.00,32
714,10,0.00,32
715,11,0.00,32
716,12,0.00,32
717,13,0.00,32
718,14,0.00,32
719,15,0.00,32
720,16,0.00,32
721,17,0.00,32
722,18,0.00,32
723,19,0.00,32
724,20,0.00,32
725,21,0.00,32
726,22,0.00,32
727,23,0.00,32
728,24,0.00,32
729,25,0.00,32
730,26,0.00,32
731,27,0.00,32
732,28,0.00,32
733,29,0.00,32
734,30,0.00,32
735,31,0.00,32
736,0,0.00,32
737,1,0.00,32
738,2,0.00,32
739,3,0.00,32
740,4,0.00,32
741,5,0.00,32
742,6,0.00,32
743,7,0.00,32
744,8,0.00,32
745,9,0.00,32
746,10,0.00,32
747,11,0.00,32
748,12,0.00,32
749,13,0.00,32
750,14,0.00,32
751,15,0.00,32
752,16,0.00,32
753,17,0.00,32
754,18,0.00,32
755,19,0.00,32
756,20,0.00,32
757,21,0.00,32
758,22,41.67,32
759,23,0.00,32
760,24,0.00,32
761,25,0.00,32
762,26,0.00,32
763,27,0.00,32
764,28,0.00,32
765,29,0.00,32
766,30,0.00,32
767,31,0.00,32
768,0,0.00,32
769,1,0.00,32
770,2,0.00,32
771,3,0.00,32
772,4,0.00,32
773,5,0.00,32
774,6,0.00,32
775,7,0.00,32
776,8,0.00,32
777,9,0.00,32
778,10,0.00,32
779,11,0.00,32
780,12,0.00,32
781,13,0.00,32
782,14,0.00,32
783,15,0.00,32
784,16,0.00,32
785,17,0.00,32
786,18,0.00,32
787,19,0.00,32
788,20,0.00,32
789,21,0.00,32
790,22,0.00,32
791,23,0.00,32
792,24,0.00,32
793,25,0.00,32
794,26,0.00,32
795,27,0.00,32
796,28,0.00,32
797,29,0.00,32
798,30,0.00,32
799,31,0.00,32
800,0,0.00,32
801,1,0.00,32
802,2,0.00,32
803,3,0.00,32
804,4,0.00,32
805,5,0.00,32
806,6,0.00,32
807,7,0.00,32
808,8,0.00,32
809,9,0.00,32
810,10,0.00,32
811,11,0.00,32
812,12,41.67,32
813,13,0.00,32
814,14,0.00,32
815,15,0.00,32
816,16,0.00,32
817,17,0.00,32
818,18,0.00,32
819,19,0.00,32
820,20,0.00,32
821,21,0.00,32
822,22,0.00,32
823,23,0.00,32
824,24,0.00,32
825,25,0.00,32
826,26,0.00,32
827,27,0.00,32
828,28,0.00,32
829,29,0.00,32
830,30,0.00,32
831,31,0.00,32
832,0,0.00,32
833,1,0.00,32
834,2,0.00,32
835,3,0.00,32
836,4,0.00,32
837,5,0.00,32
838,6,0.00,32
839,7,0.00,32
840,8,0.00,32
841,9,0.00,32
842,10,0.00,32
843,11,41.67,32
844,12,0.00,32
845,13,0.00,32
846,14,0.00,32
847,15,0.00,32
848,16,0.00,32
849,17,0.00,32
850,18,0.00,32
851,19,0.00,32
852,20,0.00,32
853,21,0.00,32
854,22,0.00,32
855,23,0.00,32
856,24,0.00,32
857,25,0.00,32
858,26,0.00,32
859,27,0.00,32
860,28,0.00,32
861,29,0.00,32
862,30,0.00,32
863,31,0.00,32
864,0,0.00,32
865,1,0.00,32
866,2,0.00,32
867,3,0.00,32
868,4,0.00,32
869,5,0.00,32
870,6,0.00,32
871,7,0.00,32
872,8,0.00,32
873,9,0.00,32
874,10,0.00,32
875,11,0.00,32
876,12,0.00,32
877,13,0.00,32
878,14,0.00,32
879,15,0.00,32
880,16,0.00,32
881,17,0.00,32
882,18,0.00,32
883,19,0.00,32
884,20,0.00,32
885,21,0.00,32
886,22,0.00,32
887,23,0.00,32
888,24,0.00,32
889,25,0.00,32
890,26,0.00,32
891,27,0.00,32
892,28,0.00,32
893,29,0.00,32
894,30,0.00,32
895,31,0.00,32
896,0,0.00,32
897,1,0.00,32
898,2,0.00,32
899,3,0.00,32
900,4,0.00,32
901,5,0.00,32
902,6,0.00,32
903,7,0.00,32
904,8,0.00,32
905,9,0.00,32
906,10,0.00,32
907,11,0.00,32
908,12,0.00,32
909,13,0.00,32
910,14,0.00,32
911,15,0.00,32
912,16,0.00,32
913,17,0.00,32
914,18,0.00,32
915,19,0.00,32
916,20,0.00,32
917,21,0.00,32
918,22,0.00,32
919,23,0.00,32
920,24,0.00,32
921,25,0.00,32
922,26,0.00,32
923,27,0.00,32
924,28,0.00,32
925,29,0.00,32
926,30,0.00,32
927,31,0.00,32
928,0,0.00,32
929,1,0.00,32
930,2,0.00,32
931,3,0.00,32
932,4,0.00,32
933,5,0.00,32
934,6,0.00,32
935,7,0.00,32
936,8,0.00,32
937,9,0.00,32
938,10,0.00,32
939,11,0.00,32
940,12,0.00,32
941,13,0.00,32
942,14,0.00,32
943,15,0.00,32
944,16,0.00,32
945,17,0.00,32
946,18,0.00,32
947,19,0.00,32
948,20,0.00,32
949,21,0.00,32
950,22,0.00,32
951,23,0.00,32
952,24,0.00,32
953,25,0.00,32
954,26,0.00,32
955,27,0.00,32
956,28,0.00,32
957,29,0.00,32
958,30,0.00,32
959,31,0.00,32
960,0,0.00,32
961,1,0.00,32
962,2,0.00,32
963,3,0.00,32
964,4,0.00,32
965,5,0.00,32
966,6,0.00,32
967,7,0.00,32
968,8,0.00,32
969,9,0.00,32
970,10,0.00,32
971,11,0.00,32
972,12,0.00,32
973,13,0.00,32
974,14,0.00,32
975,15,0.00,32
976,16,0.00,32
977,17,0.00,32
978,18,0.00,32
979,19,0.00,32
980,20,0.00,32
981,21,0.00,32
982,22,0.00,32
983,23,0.00,32
984,24,0.00,32
985,25,0.00,32
986,26,0.00,32
987,27,0.00,32
988,28,0.00,32
989,29,0.00,32
990,30,0.00,32
991,31,0.00,32
992,0,0.00,32
993,1,0.00,32
994,2,0.00,32
995,3,0.00,32
996,4,0.00,32
997,5,0.00,32
998,6,0.00,32
999,7,0.00,32
1000,8,0.00,32
1001,9,0.00,32
1002,10,0.00,32
1003,11,0.00,32
1004,12,0.00,32
1005,13,0.00,32
1006,14,0.00,32
1007,15,0.00,32
1008,16,0.00,32
1009,17,0.00,32
1010,18,0.00,32
1011,19,0.00,32
1012,20,0.00,32
1013,21,0.00,32
1014,22,0.00,32
1015,23,0.00,32
1016,24,0.00,32
1017,25,0.00,32
1018,26,0.00,32
1019,27,0.00,32
1020,28,0.00,32
1021,29,0.00,32
1022,30,0.00,32
1023,31,0.00,32
1024,0,0.00,32
1025,1,0.00,32
1026,2,0.00,32
1027,3,0.00,32
1028,4,0.00,32
1029,5,0.00,32
1030,6,0.00,32
1031,7,0.00,32
1032,8,0.00,32
1033,9,0.00,32
1034,10,0.00,32
1035,11,0.00,32
1036,12,0.00,32
1037,13,0.00,32
1038,14,0.00,32
1039,15,0.00,32
1040,16,0.00,32
1041,17,0.00,32
1042,18,0.00,32
1043,19,0.00,32
1044,20,0.00,32
1045,21,0.00,32
1046,22,0.00,32
1047,23,0.00,32
1048,24,0.00,32
1049,25,0.00,32
1050,26,0.00,32
1051,27,41.67,32
1052,28,0.00,32
1053,29,0.00,32
1054,30,0.00,32
1055,31,0.00,32
1056,0,0.00,32
1057,1,0.00,32
1058,2,0.00,32
1059,3,0.00,32
1060,4,0.00,32
1061,5,0.00,32
1062,6,0.00,32
1063,7,0.00,32
1064,8,0.00,32
1065,9,0.00,32
1066,10,0.00,32
1067,11,0.00,32
1068,12,0.00,32
1069,13,0.00,32
1070,14,0.00,32
1071,15,0.00,32
1072,16,0.00,32
1073,17,0.00,32
1074,18,0.00,32
1075,19,0.00,32
1076,20,0.00,32
1077,21,0.00,32
1078,22,0.00,32
1079,23,0.00,32
1080,24,0.00,32
1081,25,0.00,32
1082,26,0.00,32
1083,27,0.00,32
1084,28,0.00,32
1085,29,0.00,32
1086,30,0.00,32
1087,31,0.00,32
1088,0,0.00,32
1089,1,0.00,32
1090,2,0.00,32
1091,3,41.67,32
1092,4,0.00,32
1093,5,0.00,32
1094,6,0.00,32
1095,7,0.00,32
1096,8,0.00,32
1097,9,0.00,32
1098,10,0.00,32
1099,11,0.00,32
1100,12,0.00,32
1101,13,0.00,32
1102,14,0.00,32
1103,15,0.00,32
1104,16,0.00,32
1105,17,0.00,32
1106,18,0.00,32
1107,19,0.00,32
1108,20,0.00,32
1109,21,0.00,32
1110,22,0.00,32
1111,23,0.00,32
1112,24,0.00,32
1113,25,0.00,32
1114,26,0.00,32
1115,27,0.00,32
1116,28,0.00,32
1117,29,0.00,32
1118,30,0.00,32
1119,31,0.00,32
1120,0,0.00,32
1121,1,0.00,32
1122,2,0.00,32
1123,3,0.00,32
1124,4,0.00,32
1125,5,0.00,32
1126,6,0.00,32
1127,7,0.00,32
1128,8,0.00,32
1129,9,0.00,32
1130,10,0.00,32
1131,11,0.00,32
1132,12,0.00,32
1133,13,0.00,32
1134,14,0.00,32
1135,15,0.00,32
1136,16,0.00,32
1137,17,0.00,32
1138,18,0.00,32
1139,19,0.00,32
1140,20,0.00,32
1141,21,0.00,32
1142,22,0.00,32
1143,23,0.00,32
1144,24,0.00,32
1145,25,0.00,32
1146,26,0.00,32
1147,27,0.00,32
1148,28,0.00,32
1149,29,0.00,32
1150,30,0.00,32
1151,31,0.00,32
1152,0,0.00,32
1153,1,0.00,32
1154,2,0.00,32
1155,3,0.00,32
1156,4,0.00,32
1157,5,0.00,32
1158,6,0.00,32
1159,7,0.00,32
1160,8,0.00,32
1161,9,0.00,32
1162,10,0.00,32
1163,11,0.00,32
1164,12,0.00,32
1165,13,0.00,32
1166,14,0.00,32
1167,15,0.00,32
1168,16,0.00,32
1169,17,0.00,32
1170,18,0.00,32
1171,19,0.00,32
1172,20,0.00,32
1173,21,0.00,32
1174,22,0.00,32
1175,23,0.00,32
1176,24,0.00,32
1177,25,0.00,32
1178,26,0.00,32
1179,27,0.00,32
1180,28,0.00,32
1181,29,0.00,32
1182,30,0.00,32
1183,31,0.00,32
1184,0,0.00,32
1185,1,0.00,32
1186,2,0.00,32
1187,3,0.00,32
1188,4,0.00,32
1189,5,0.00,32
1190,6,0.00,32
1191,7,0.00,32
1192,8,0.00,32
1193,9,0.00,32
1194,10,0.00,32
1195,11,0.00,32
1196,12,0.00,32
1197,13,0.00,32
1198,14,0.00,32
1199,15,0.00,32
1200,16,0.00,32
1201,17,0.00,32
1202,18,0.00,32
1203,19,0.00,32
1204,20,0.00,32
1205,21,0.00,32
1206,22,0.00,32
1207,23,0.00,32
1208,24,0.00,32
1209,25,0.00,32
1210,26,0.00,32
1211,27,0.00,32
1212,28,0.00,32
1213,29,0.00,32
1214,30,0.00,32
1215,31,0.00,32
1216,0,0.00,32
1217,1,0.00,32
1218,2,0.00,32
1219,3,0.00,32
1220,4,0.00,32
1221,5,0.00,32
1222,6,0.00,32
1223,7,41.67,32
1224,8,0.00,32
1225,9,0.00,32
1226,10,0.00,32
1227,11,0.00,32
1228,12,0.00,32
1229,13,0.00,32
1230,14,0.00,32
1231,15,0.00,32
1232,16,0.00,32
1233,17,0.00,32
1234,18,0.00,32
1235,19,0.00,32
1236,20,0.00,32
1237,21,0.00,32
1238,22,0.00,32
1239,23,0.00,32
1240,24,0.00,32
1241,25,0.00,32
1242,26,0.00,32
1243,27,0.00,32
1244,28,0.00,32
1245,29,0.00,32
1246,30,0.00,32
1247,31,0.00,32
1248,0,0.00,32
1249,1,0.00,32
1250,2,0.00,32
1251,3,0.00,32
1252,4,0.00,32
1253,5,0.00,32
1254,6,0.00,32
1255,7,0.00,32
1256,8,0.00,32
1257,9,0.00,32
1258,10,0.00,32
1259,11,0.00,32
1260,12,0.00,32
1261,13,0.00,32
1262,14,0.00,32
1263,15,0.00,32
1264,16,0.00,32
1265,17,0.00,32
1266,18,0.00,32
1267,19,0.00,32
1268,20,0.00,32
1269,21,0.00,32
1270,22,0.00,32
1271,23,0.00,32
1272,24,0.00,32
1273,25,0.00,32
1274,26,0.00,32
1275,27,0.00,32
1276,28,0.00,32
1277,29,0.00,32
1278,30,0.00,32
1279,31,0.00,32
1280,0,0.00,32
1281,1,0.00,32
1282,2,0.00,32
1283,3,0.00,32
1284,4,0.00,32
1285,5,0.00,32
1286,6,0.00,32
1287,7,0.00,32
1288,8,0.00,32
1289,9,0.00,32
1290,10,0.00,32
1291,11,0.00,32
1292,12,0.00,32
1293,13,0.00,32
1294,14,0.00,32
1295,15,0.00,32
1296,16,0.00,32
1297,17,0.00,32
1298,18,0.00,32
1299,19,0.00,32
1300,20,0.00,32
1301,21,0.00,32
1302,22,0.00,32
1303,23,0.00,32
1304,24,0.00,32
1305,25,0.00,32
1306,26,41.67,32
1307,27,0.00,32
1308,28,0.00,32
1309,29,0.00,32
1310,30,0.00,32
1311,31,0.00,32
1312,0,0.00,32
1313,1,0.00,32
1314,2,0.00,32
1315,3,0.00,32
1316,4,0.00,32
1317,5,0.00,32
1318,6,0.00,32
1319,7,0.00,32
1320,8,0.00,32
1321,9,0.00,32
1322,10,0.00,32
1323,11,0.00,32
1324,12,0.00,32
1325,13,0.00,32
1326,14,0.00,32
1327,15,0.00,32
1328,16,0.00,32
1329,17,0.00,32
1330,18,0.00,32
1331,19,0.00,32
1332,20,0.00,32
1333,21,0.00,32
1334,22,0.00,32
1335,23,0.00,32
1336,24,0.00,32
1337,25,0.00,32
1338,26,0.00,32
1339,27,0.00,32
1340,28,0.00,32
1341,29,0.00,32
1342,30,0.00,32
1343,31,0.00,32
1344,0,0.00,32
1345,1,0.00,32
1346,2,0.00,32
1347,3,0.00,32
1348,4,0.00,32
1349,5,0.00,32
1350,6,0.00,32
1351,7,0.00,32
1352,8,0.00,32
1353,9,0.00,32
1354,10,0.00,32
1355,11,0.00,32
1356,12,0.00,32
1357,13,0.00,32
1358,14,0.00,32
1359,15,0.00,32
1360,16,0.00,32
1361,17,0.00,32
1362,18,0.00,32
1363,19,0.00,32
1364,20,0.00,32
1365,21,41.67,32
1366,22,0.00,32
1367,23,0.00,32
1368,24,0.00,32
1369,25,0.00,32
1370,26,0.00,32
1371,27,0.00,32
1372,28,0.00,32
1373,29,0.00,32
1374,30,41.67,32
1375,31,0.00,32
1376,0,0.00,32
1377,1,0.00,32
1378,2,0.00,32
1379,3,0.00,32
1380,4,0.00,32
1381,5,0.00,32
1382,6,0.00,32
1383,7,0.00,32
1384,8,0.00,32
1385,9,0.00,32
1386,10,0.00,32
1387,11,0.00,32
1388,12,0.00,32
1389,13,0.00,32
1390,14,0.00,32
1391,15,0.00,32
1392,16,0.00,32
1393,17,0.00,32
1394,18,0.00,32
1395,19,0.00,32
1396,20,0.00,32
1397,21,0.00,32
1398,22,0.00,32
1399,23,0.00,32
1400,24,0.00,32
1401,25,0.00,32
1402,26,0.00,32
1403,27,0.00,32
1404,28,0.00,32
1405,29,0.00,32
1406,30,0.00,32
1407,31,0.00,32
1408,0,0.00,32
1409,1,0.00,32
1410,2,0.00,32
1411,3,0.00,32
1412,4,0.00,32
1413,5,0.00,32
1414,6,0.00,32
1415,7,0.00,32
1416,8,0.00,32
1417,9,0.00,32
1418,10,0.00,32
1419,11,0.00,32
1420,12,0.00,32
1421,13,0.00,32
1422,14,0.00,32
1423,15,0.00,32
1424,16,0.00,32
1425,17,0.00,32
1426,18,0.00,32
1427,19,0.00,32
1428,20,0.00,32
1429,21,0.00,32
1430,22,0.00,32
1431,23,0.00,32
1432,24,0.00,32
1433,25,0.00,32
1434,26,0.00,32
1435,27,0.00,32
1436,28,0.00,32
1437,29,0.00,32
1438,30,0.00,32
1439,31,0.00,32
1440,0,0.00,32
1441,1,0.00,32
1442,2,0.00,32
1443,3,0.00,32
1444,4,0.00,32
1445,5,0.00,32
1446,6,0.00,32
1447,7,0.00,32
1448,8,0.00,32
1449,9,0.00,32
1450,10,0.00,32
1451,11,0.00,32
1452,12,0.00,32
1453,13,0.00,32
1454,14,0.00,32
1455,15,0.00,32
1456,16,0.00,32
1457,17,0.00,32
1458,18,0.00,32
1459,19,0.00,32
1460,20,0.00,32
1461,21,0.00,32
1462,22,0.00,32
1463,23,0.00,32
1464,24,0.00,32
1465,25,0.00,32
1466,26,0.00,32
1467,27,0.00,32
1468,28,0.00,32
1469,29,0.00,32
1470,30,0.00,32
1471,31,0.00,32
1472,0,0.00,32
1473,1,0.00,32
1474,2,0.00,32
1475,3,0.00,32
1476,4,0.00,32
1477,5,0.00,32
1478,6,0.00,32
1479,7,0.00,32
1480,8,0.00,32
1481,9,0.00,32
1482,10,0.00,32
1483,11,0.00,32
1484,12,0.00,32
1485,13,0.00,32
1486,14,0.00,32
1487,15,0.00,32
1488,16,0.00,32
1489,17,0.00,32
1490,18,0.00,32
1491,19,0.00,32
1492,20,0.00,32
1493,21,0.00,32
1494,22,0.00,32
1495,23,0.00,32
1496,24,0.00,32
1497,25,0.00,32
1498,26,0.00,32
1499,27,0.00,32
1500,28,0.00,32
1501,29,0.00,32
1502,30,0.00,32
1503,31,0.00,32
1504,0,0.00,32
1505,1,0.00,32
1506,2,0.00,32
1507,3,0.00,32
1508,4,0.00,32
1509,5,0.00,32
1510,6,0.00,32
1511,7,0.00,32
1512,8,0.00,32
1513,9,0.00,32
1514,10,0.00,32
1515,11,0.00,32
1516,12,0.00,32
1517,13,0.00,32
1518,14,0.00,32
1519,15,0.00,32
1520,16,0.00,32
1521,17,0.00,32
1522,18,0.00,32
1523,19,0.00,32
1524,20,0.00,32
1525,21,0.00,32
1526,22,0.00,32
1527,23,0.00,32
1528,24,0.00,32
1529,25,0.00,32
1530,26,0.00,32
1531,27,0.00,32
1532,28,0.00,32
1533,29,0.00,32
1534,30,0.00,32
1535,31,0.00,32
1536,0,0.00,32
1537,1,0.00,32
1538,2,0.00,32
1539,3,0.00,32
1540,4,0.00,32
1541,5,0.00,32
1542,6,0.00,32
1543,7,0.00,32
1544,8,0.00,32
1545,9,0.00,32
1546,10,0.00,32
1547,11,0.00,32
1548,12,0.00,32
1549,13,0.00,32
1550,14,0.00,32
1551,15,0.00,32
1552,16,0.00,32
1553,17,0.00,32
1554,18,0.00,32
1555,19,0.00,32
1556,20,0.00,32
1557,21,0.00,32
1558,22,0.00,32
1559,23,0.00,32
1560,24,0.00,32
1561,25,0.00,32
1562,26,0.00,32
1563,27,0.00,32
1564,28,0.00,32
1565,29,0.00,32
1566,30,0.00,32
1567,31,0.00,32
1568,0,0.00,32
1569,1,0.00,32
1570,2,0.00,32
1571,3,0.00,32
1572,4,0.00,32
1573,5,0.00,32
1574,6,0.00,32
1575,7,0.00,32
1576,8,0.00,32
1577,9,0.00,32
1578,10,0.00,32
1579,11,0.00,32
1580,12,0.00,32
1581,13,0.00,32
1582,14,0.00,32
1583,15,0.00,32
1584,16,0.00,32
1585,17,0.00,32
1586,18,0.00,32
1587,19,0.00,32
1588,20,0.00,32
1589,21,0.00,32
1590,22,0.00,32
1591,23,0.00,32
1592,24,0.00,32
1593,25,0.00,32
1594,26,0.00,32
1595,27,0.00,32
1596,28,0.00,32
1597,29,0.00,32
1598,30,0.00,32
1599,31,0.00,32
1600,0,0.00,64
1601,1,0.00,64
1602,2,0.00,64
1603,3,0.00,64
1604,4,0.00,64
1605,5,0.00,64
1606,6,0.00,64
1607,7,0.00,64
1608,8,0.00,64
1609,9,0.00,64
1610,10,0.00,64
1611,11,0.00,64
1612,12,0.00,64
1613,13,0.00,64
1614,14,0.00,64
1615,15,0.00,64
1616,16,0.00,64
1617,17,0.00,64
1618,18,0.00,64
1619,19,0.00,64
1620,20,0.00,64
1621,21,0.00,64
1622,22,0.00,64
1623,23,0.00,64
1624,24,0.00,64
1625,25,0.00,64
1626,26,0.00,64
1627,27,0.00,64
1628,28,0.00,64
1629,29,0.00,64
1630,30,0.00,64
1631,31,0.00,64
1632,32,0.00,64
1633,33,0.00,64
1634,34,0.00,64
1635,35,0.00,64
1636,36,0.00,64
1637,37,0.00,64
1638,38,0.00,64
1639,39,0.00,64
1640,40,0.00,64
1641,41,0.00,64
1642,42,0.00,64
1643,43,0.00,64
1644,44,0.00,64
1645,45,0.00,64
1646,46,0.00,64
1647,47,0.00,64
1648,48,0.00,64
1649,49,0.00,64
1650,50,0.00,64
1651,51,0.00,64
1652,52,0.00,64
1653,53,0.00,64
1654,54,0.00,64
1655,55,0.00,64
1656,56,0.00,64
1657,57,0.00,64
1658,58,0.00,64
1659,59,0.00,64
1660,60,0.00,64
1661,61,0.00,64
1662,62,0.00,64
1663,63,0.00,64
1664,0,0.00,64
1665,1,0.00,64
1666,2,0.00,64
1667,3,0.00,64
1668,4,0.00,64
1669,5,0.00,64
1670,6,0.00,64
1671,7,0.00,64
1672,8,0.00,64
1673,9,0.00,64
1674,10,0.00,64
1675,11,0.00,64
1676,12,0.00,64
1677,13,0.00,64
1678,14,0.00,64
1679,15,0.00,64
1680,16,0.00,64
1681,17,0.00,64
1682,18,0.00,64
1683,19,0.00,64
1684,20,0.00,64
1685,21,0.00,64
1686,22,0.00,64
1687,23,0.00,64
1688,24,0.00,64
1689,25,0.00,64
1690,26,0.00,64
1691,27,0.00,64
1692,28,0.00,64
1693,29,0.00,64
1694,30,0.00,64
1695,31,0.00,64
1696,32,0.00,64
1697,33,0.00,64
1698,34,0.00,64
1699,35,0.00,64
1700,36,0.00,64
1701,37,0.00,64
1702,38,0.00,64
1703,39,0.00,64
1704,40,0.00,64
1705,41,0.00,64
1706,42,0.00,64
1707,43,0.00,64
1708,44,0.00,64
1709,45,0.00,64
1710,46,0.00,64
1711,47,0.00,64
1712,48,0.00,64
1713,49,0.00,64
1714,50,0.00,64
1715,51,0.00,64
1716,52,0.00,64
1717,53,0.00,64
1718,54,0.00,64
1719,55,0.00,64
1720,56,0.00,64
1721,57,0.00,64
1722,58,0.00,64
1723,59,0.00,64
1724,60,0.00,64
1725,61,0.00,64
1726,62,0.00,64
1727,63,0.00,64
1728,0,0.00,64
1729,1,0.00,64
1730,2,0.00,64
1731,3,0.00,64
1732,4,0.00,64
1733,5,0.00,64
1734,6,0.00,64
1735,7,0.00,64
1736,8,0.00,64
1737,9,0.00,64
1738,10,0.00,64
1739,11,0.00,64
1740,12,0.00,64
1741,13,0.00,64
1742,14,0.00,64
1743,15,0.00,64
1744,16,0.00,64
1745,17,0.00,64
1746,18,0.00,64
1747,19,0.00,64
1748,20,0.00,64
1749,21,0.00,64
1750,22,0.00,64
1751,23,0.00,64
1752,24,0.00,64
1753,25,0.00,64
1754,26,0.00,64
1755,27,0.00,64
1756,28,0.00,64
1757,29,0.00,64
1758,30,0.00,64
1759,31,0.00,64
1760,32,0.00,64
1761,33,0.00,64
1762,34,0.00,64
1763,35,0.00,64
1764,36,0.00,64
1765,37,0.00,64
1766,38,0.00,64
1767,39,0.00,64
1768,40,0.00,64
1769,41,0.00,64
1770,42,0.00,64
1771,43,0.00,64
1772,44,0.00,64
1773,45,0.00,64
1774,46,0.00,64
1775,47,0.00,64
1776,48,0.00,64
1777,49,0.00,64
1778,50,0.00,64
1779,51,0.00,64
1780,52,0.00,64
1781,53,0.00,64
1782,54,0.00,64
1783,55,0.00,64
1784,56,0.00,64
1785,57,0.00,64
1786,58,0.00,64
1787,59,0.00,64
1788,60,0.00,64
1789,61,0.00,64
1790,62,0.00,64
1791,63,0.00,64
1792,0,0.00,64
1793,1,0.00,64
1794,2,0.00,64
1795,3,0.00,64
1796,4,0.00,64
1797,5,0.00,64
1798,6,0.00,64
1799,7,0.00,64
1800,8,0.00,64
1801,9,0.00,64
1802,10,0.00,64
1803,11,0.00,64
1804,12,0.00,64
1805,13,0.00,64
1806,14,0.00,64
1807,15,0.00,64
1808,16,0.00,64
1809,17,0.00,64
1810,18,0.00,64
1811,19,0.00,64
1812,20,0.00,64
1813,21,0.00,64
1814,22,0.00,64
1815,23,0.00,64
1816,24,0.00,64
1817,25,0.00,64
1818,26,0.00,64
1819,27,0.00,64
1820,28,0.00,64
1821,29,0.00,64
1822,30,0.00,64
1823,31,0.00,64
1824,32,0.00,64
1825,33,0.00,64
1826,34,0.00,64
1827,35,0.00,64
1828,36,0.00,64
1829,37,0.00,64
1830,38,0.00,64
1831,39,0.00,64
1832,40,0.00,64
1833,41,0.00,64
1834,42,0.00,64
1835,43,0.00,64
1836,44,0.00,64
1837,45,0.00,64
1838,46,0.00,64
1839,47,0.00,64
1840,48,0.00,64
1841,49,0.00,64
1842,50,0.00,64
1843,51,0.00,64
1844,52,0.00,64
1845,53,0.00,64
1846,54,0.00,64
1847,55,0.00,64
1848,56,0.00,64
1849,57,0.00,64
1850,58,0.00,64
1851,59,0.00,64
1852,60,0.00,64
1853,61,41.67,64
1854,62,0.00,64
1855,63,0.00,64
1856,0,0.00,64
1857,1,0.00,64
1858,2,0.00,64
1859,3,0.00,64
1860,4,0.00,64
1861,5,0.00,64
1862,6,0.00,64
1863,7,0.00,64
1864,8,0.00,64
1865,9,0.00,64
1866,10,0.00,64
1867,11,0.00,64
1868,12,0.00,64
1869,13,0.00,64
1870,14,0.00,64
1871,15,0.00,64
1872,16,0.00,64
1873,17,0.00,64
1874,18,0.00,64
1875,19,0.00,64
1876,20,0.00,64
1877,21,0.00,64
1878,22,0.00,64
1879,23,0.00,64
1880,24,0.00,64
1881,25,0.00,64
1882,26,0.00,64
1883,27,0.00,64
1884,28,0.00,64
1885,29,0.00,64
1886,30,0.00,64
1887,31,0.00,64
1888,32,0.00,64
1889,33,0.00,64
1890,34,0.00,64
1891,35,0.00,64
1892,36,0.00,64
1893,37,0.00,64
1894,38,0.00,64
1895,39,0.00,64
1896,40,0.00,64
1897,41,0.00,64
1898,42,0.00,64
1899,43,0.00,64
1900,44,0.00,64
1901,45,0.00,64
1902,46,0.00,64
1903,47,0.00,64
1904,48,0.00,64
1905,49,0.00,64
1906,50,0.00,64
1907,51,0.00,64
1908,52,0.00,64
1909,53,0.00,64
1910,54,0.00,64
1911,55,0.00,64
1912,56,0.00,64
1913,57,0.00,64
1914,58,0.00,64
1915,59,0.00,64
1916,60,0.00,64
1917,61,0.00,64
1918,62,0.00,64
1919,63,0.00,64
1920,0,0.00,64
1921,1,0.00,64
1922,2,0.00,64
1923,3,0.00,64
1924,4,0.00,64
1925,5,0.00,64
1926,6,0.00,64
1927,7,0.00,64
1928,8,0.00,64
1929,9,0.00,64
1930,10,0.00,64
1931,11,0.00,64
1932,12,0.00,64
1933,13,0.00,64
1934,14,0.00,64
1935,15,0.00,64
1936,16,0.00,64
1937,17,0.00,64
1938,18,0.00,64
1939,19,0.00,64
1940,20,0.00,64
1941,21,0.00,64
1942,22,0.00,64
1943,23,0.00,64
1944,24,0.00,64
1945,25,0.00,64
1946,26,0.00,64
1947,27,0.00,64
1948,28,0.00,64
1949,29,0.00,64
1950,30,0.00,64
1951,31,0.00,64
1952,32,0.00,64
1953,33,0.00,64
1954,34,0.00,64
1955,35,0.00,64
1956,36,0.00,64
1957,37,0.00,64
1958,38,0.00,64
1959,39,0.00,64
1960,40,0.00,64
1961,41,0.00,64
1962,42,0.00,64
1963,43,0.00,64
1964,44,0.00,64
1965,45,0.00,64
1966,46,0.00,64
1967,47,0.00,64
1968,48,0.00,64
1969,49,0.00,64
1970,50,0.00,64
1971,51,0.00,64
1972,52,0.00,64
1973,53,0.00,64
1974,54,0.00,64
1975,55,0.00,64
1976,56,0.00,64
1977,57,0.00,64
1978,58,0.00,64
1979,59,0.00,64
1980,60,0.00,64
1981,61,41.67,64
1982,62,0.00,64
1983,63,0.00,64
1984,0,0.00,64
1985,1,0.00,64
1986,2,0.00,64
1987,3,0.00,64
1988,4,0.00,64
1989,5,0.00,64
1990,6,0.00,64
1991,7,0.00,64
1992,8,0.00,64
1993,9,0.00,64
1994,10,0.00,64
1995,11,0.00,64
1996,12,0.00,64
1997,13,0.00,64
1998,14,0.00,64
1999,15,0.00,64
2000,16,0.00,64
2001,17,0.00,64
2002,18,0.00,64
2003,19,0.00,64
2004,20,0.00,64
2005,21,41.67,64
2006,22,0.00,64
2007,23,0.00,64
2008,24,0.00,64
2009,25,0.00,64
2010,26,0.00,64
2011,27,0.00,64
2012,28,0.00,64
2013,29,0.00,64
2014,30,0.00,64
2015,31,0.00,64
2016,32,0.00,64
2017,33,0.00,64
2018,34,0.00,64
2019,35,0.00,64
2020,36,0.00,64
2021,37,0.00,64
2022,38,0.00,64
2023,39,0.00,64
2024,40,0.00,64
2025,41,0.00,64
2026,42,0.00,64
2027,43,0.00,64
2028,44,0.00,64
2029,45,0.00,64
2030,46,0.00,64
2031,47,0.00,64
2032,48,0.00,64
2033,49,0.00,64
2034,50,0.00,64
2035,51,0.00,64
2036,52,0.00,64
2037,53,0.00,64
2038,54,0.00,64
2039,55,0.00,64
2040,56,0.00,64
2041,57,0.00,64
2042,58,0.00,64
2043,59,0.00,64
2044,60,0.00,64
2045,61,0.00,64
2046,62,0.00,64
2047,63,0.00,64
2048,0,0.00,64
2049,1,0.00,64
2050,2,0.00,64
2051,3,0.00,64
2052,4,0.00,64
2053,5,0.00,64
2054,6,0.00,64
2055,7,0.00,64
2056,8,0.00,64
2057,9,0.00,64
2058,10,0.00,64
2059,11,0.00,64
2060,12,0.00,64
2061,13,0.00,64
2062,14,0.00,64
2063,15,0.00,64
2064,16,0.00,64
2065,17,0.00,64
2066,18,0.00,64
2067,19,0.00,64
2068,20,0.00,64
2069,21,0.00,64
2070,22,0.00,64
2071,23,0.00,64
2072,24,0.00,64
2073,25,0.00,64
2074,26,0.00,64
2075,27,0.00,64
2076,28,0.00,64
2077,29,0.00,64
2078,30,0.00,64
2079,31,0.00,64
2080,32,0.00,64
2081,33,0.00,64
2082,34,0.00,64
2083,35,0.00,64
2084,36,0.00,64
2085,37,0.00,64
2086,38,0.00,64
2087,39,0.00,64
2088,40,0.00,64
2089,41,0.00,64
2090,42,0.00,64
2091,43,0.00,64
2092,44,0.00,64
2093,45,0.00,64
2094,46,0.00,64
2095,47,0.00,64
2096,48,0.00,64
2097,49,0.00,64
2098,50,0.00,64
2099,51,0.00,64
2100,52,0.00,64
2101,53,0.00,64
2102,54,0.00,64
2103,55,0.00,64
2104,56,0.00,64
2105,57,0.00,64
2106,58,0.00,64
2107,59,0.00,64
2108,60,0.00,64
2109,61,0.00,64
2110,62,0.00,64
2111,63,0.00,64
2112,0,0.00,64
2113,1,0.00,64
2114,2,0.00,64
2115,3,0.00,64
2116,4,0.00,64
2117,5,0.00,64
2118,6,0.00,64
2119,7,0.00,64
2120,8,0.00,64
2121,9,0.00,64
2122,10,0.00,64
2123,11,0.00,64
2124,12,0.00,64
2125,13,0.00,64
2126,14,0.00,64
2127,15,0.00,64
2128,16,0.00,64
2129,17,0.00,64
2130,18,0.00,64
2131,19,0.00,64
2132,20,0.00,64
2133,21,0.00,64
2134,22,0.00,64
2135,23,0.00,64
2136,24,0.00,64
2137,25,0.00,64
2138,26,0.00,64
2139,27,0.00,64
2140,28,0.00,64
2141,29,0.00,64
2142,30,0.00,64
2143,31,0.00,64
2144,32,0.00,64
2145,33,0.00,64
2146,34,0.00,64
2147,35,0.00,64
2148,36,0.00,64
2149,37,0.00,64
2150,38,0.00,64
2151,39,0.00,64
2152,40,0.00,64
2153,41,0.00,64
2154,42,0.00,64
2155,43,0.00,64
2156,44,0.00,64
2157,45,0.00,64
2158,46,0.00,64
2159,47,0.00,64
2160,48,0.00,64
2161,49,0.00,64
2162,50,0.00,64
2163,51,0.00,64
2164,52,0.00,64
2165,53,0.00,64
2166,54,0.00,64
2167,55,0.00,64
2168,56,0.00,64
2169,57,0.00,64
2170,58,0.00,64
2171,59,0.00,64
2172,60,0.00,64
2173,61,0.00,64
2174,62,0.00,64
2175,63,0.00,64
2176,0,0.00,64
2177,1,0.00,64
2178,2,0.00,64
2179,3,0.00,64
2180,4,0.00,64
2181,5,0.00,64
2182,6,0.00,64
2183,7,0.00,64
2184,8,0.00,64
2185,9,0.00,64
2186,10,0.00,64
2187,11,0.00,64
2188,12,0.00,64
2189,13,0.00,64
2190,14,0.00,64
2191,15,0.00,64
2192,16,0.00,64
2193,17,0.00,64
2194,18,0.00,64
2195,19,0.00,64
2196,20,0.00,64
2197,21,0.00,64
2198,22,0.00,64
2199,23,0.00,64
2200,24,0.00,64
2201,25,0.00,64
2202,26,0.00,64
2203,27,41.67,64
2204,28,0.00,64
2205,29,0.00,64
2206,30,0.00,64
2207,31,0.00,64
2208,32,0.00,64
2209,33,0.00,64
2210,34,0.00,64
2211,35,0.00,64
2212,36,0.00,64
2213,37,0.00,64
2214,38,0.00,64
2215,39,0.00,64
2216,40,0.00,64
2217,41,0.00,64
2218,42,0.00,64
2219,43,0.00,64
2220,44,0.00,64
2221,45,0.00,64
2222,46,0.00,64
2223,47,0.00,64
2224,48,0.00,64
2225,49,0.00,64
2226,50,0.00,64
2227,51,0.00,64
2228,52,0.00,64
2229,53,0.00,64
2230,54,0.00,64
2231,55,0.00,64
2232,56,0.00,64
2233,57,0.00,64
2234,58,0.00,64
2235,59,0.00,64
2236,60,0.00,64
2237,61,0.00,64
2238,62,0.00,64
2239,63,0.00,64
2240,0,0.00,64
2241,1,0.00,64
2242,2,0.00,64
2243,3,0.00,64
2244,4,0.00,64
2245,5,0.00,64
2246,6,0.00,64
2247,7,0.00,64
2248,8,0.00,64
2249,9,0.00,64
2250,10,0.00,64
2251,11,0.00,64
2252,12,0.00,64
2253,13,0.00,64
2254,14,0.00,64
2255,15,0.00,64
2256,16,0.00,64
2257,17,0.00,64
2258,18,0.00,64
2259,19,0.00,64
2260,20,0.00,64
2261,21,0.00,64
2262,22,0.00,64
2263,23,0.00,64
2264,24,0.00,64
2265,25,0.00,64
2266,26,0.00,64
2267,27,0.00,64
2268,28,0.00,64
2269,29,0.00,64
2270,30,0.00,64
2271,31,0.00,64
2272,32,0.00,64
2273,33,0.00,64
2274,34,0.00,64
2275,35,0.00,64
2276,36,0.00,64
2277,37,0.00,64
2278,38,0.00,64
2279,39,0.00,64
2280,40,0.00,64
2281,41,0.00,64
2282,42,0.00,64
2283,43,0.00,64
2284,44,0.00,64
2285,45,0.00,64
2286,46,0.00,64
2287,47,0.00,64
2288,48,0.00,64
2289,49,0.00,64
2290,50,0.00,64
2291,51,0.00,64
2292,52,0.00,64
2293,53,0.00,64
2294,54,0.00,64
2295,55,0.00,64
2296,56,0.00,64
2297,57,0.00,64
2298,58,0.00,64
2299,59,0.00,64
2300,60,0.00,64
2301,61,0.00,64
2302,62,0.00,64
2303,63,0.00,64
2304,0,0.00,64
2305,1,0.00,64
2306,2,0.00,64
2307,3,0.00,64
2308,4,0.00,64
2309,5,0.00,64
2310,6,0.00,64
2311,7,0.00,64
2312,8,0.00,64
2313,9,0.00,64
2314,10,0.00,64
2315,11,0.00,64
2316,12,0.00,64
2317,13,0.00,64
2318,14,0.00,64
2319,15,0.00,64
2320,16,0.00,64
2321,17,0.00,64
2322,18,0.00,64
2323,19,0.00,64
2324,20,0.00,64
2325,21,0.00,64
2326,22,0.00,64
2327,23,0.00,64
2328,24,0.00,64
2329,25,0.00,64
2330,26,0.00,64
2331,27,0.00,64
2332,28,0.00,64
2333,29,0.00,64
2334,30,0.00,64
2335,31,0.00,64
2336,32,0.00,64
2337,33,0.00,64
2338,34,0.00,64
2339,35,0.00,64
2340,36,0.00,64
2341,37,0.00,64
2342,38,0.00,64
2343,39,0.00,64
2344,40,0.00,64
2345,41,0.00,64
2346,42,0.00,64
2347,43,0.00,64
2348,44,0.00,64
2349,45,0.00,64
2350,46,0.00,64
2351,47,0.00,64
2352,48,0.00,64
2353,49,0.00,64
2354,50,0.00,64
2355,51,0.00,64
2356,52,0.00,64
2357,53,0.00,64
2358,54,0.00,64
2359,55,0.00,64
2360,56,41.67,64
2361,57,0.00,64
2362,58,0.00,64
2363,59,0.00,64
2364,60,0.00,64
2365,61,0.00,64
2366,62,0.00,64
2367,63,0.00,64
2368,0,0.00,64
2369,1,0.00,64
2370,2,0.00,64
2371,3,0.00,64
2372,4,0.00,64
2373,5,0.00,64
2374,6,0.00,64
2375,7,0.00,64
2376,8,0.00,64
2377,9,41.67,64
2378,10,0.00,64
2379,11,0.00,64
2380,12,0.00,64
2381,13,0.00,64
2382,14,0.00,64
2383,15,0.00,64
2384,16,0.00,64
2385,17,0.00,64
2386,18,0.00,64
2387,19,0.00,64
2388,20,0.00,64
2389,21,0.00,64
2390,22,0.00,64
2391,23,0.00,64
2392,24,0.00,64
2393,25,0.00,64
2394,26,0.00,64
2395,27,0.00,64
2396,28,0.00,64
2397,29,0.00,64
2398,30,0.00,64
2399,31,0.00,64
2400,32,0.00,64
2401,33,0.00,64
2402,34,0.00,64
2403,35,0.00,64
2404,36,0.00,64
2405,37,0.00,64
2406,38,0.00,64
2407,39,0.00,64
2408,40,0.00,64
2409,41,0.00,64
2410,42,0.00,64
2411,43,0.00,64
2412,44,0.00,64
2413,45,0.00,64
2414,46,0.00,64
2415,47,0.00,64
2416,48,0.00,64
2417,49,0.00,64
2418,50,0.00,64
2419,51,0.00,64
2420,52,0.00,64
2421,53,0.00,64
2422,54,0.00,64
2423,55,41.67,64
2424,56,0.00,64
2425,57,0.00,64
2426,58,0.00,64
2427,59,0.00,64
2428,60,0.00,64
2429,61,0.00,64
2430,62,0.00,64
2431,63,0.00,64
2432,0,0.00,64
2433,1,0.00,64
2434,2,0.00,64
2435,3,0.00,64
2436,4,0.00,64
2437,5,0.00,64
2438,6,0.00,64
2439,7,0.00,64
2440,8,0.00,64
2441,9,0.00,64
2442,10,0.00,64
2443,11,0.00,64
2444,12,0.00,64
2445,13,0.00,64
2446,14,0.00,64
2447,15,0.00,64
2448,16,0.00,64
2449,17,0.00,64
2450,18,0.00,64
2451,19,0.00,64
2452,20,0.00,64
2453,21,0.00,64
2454,22,0.00,64
2455,23,0.00,64
2456,24,0.00,64
2457,25,0.00,64
2458,26,0.00,64
2459,27,0.00,64
2460,28,0.00,64
2461,29,0.00,64
2462,30,0.00,64
2463,31,0.00,64
2464,32,0.00,64
2465,33,0.00,64
2466,34,0.00,64
2467,35,0.00,64
2468,36,0.00,64
2469,37,0.00,64
2470,38,0.00,64
2471,39,0.00,64
2472,40,41.67,64
2473,41,0.00,64
2474,42,0.00,64
2475,43,0.00,64
2476,44,0.00,64
2477,45,0.00,64
2478,46,0.00,64
2479,47,0.00,64
2480,48,0.00,64
2481,49,0.00,64
2482,50,0.00,64
2483,51,0.00,64
2484,52,0.00,64
2485,53,0.00,64
2486,54,0.00,64
2487,55,0.00,64
2488,56,0.00,64
2489,57,0.00,64
2490,58,0.00,64
2491,59,0.00,64
2492,60,0.00,64
2493,61,0.00,64
2494,62,0.00,64
2495,63,0.00,64
2496,0,0.00,64
2497,1,0.00,64
2498,2,0.00,64
2499,3,0.00,64
2500,4,0.00,64
2501,5,0.00,64
2502,6,0.00,64
2503,7,0.00,64
2504,8,0.00,64
2505,9,0.00,64
2506,10,0.00,64
2507,11,0.00,64
2508,12,0.00,64
2509,13,0.00,64
2510,14,0.00,64
2511,15,0.00,64
2512,16,0.00,64
2513,17,0.00,64
2514,18,0.00,64
2515,19,0.00,64
2516,20,0.00,64
2517,21,0.00,64
2518,22,0.00,64
2519,23,0.00,64
2520,24,0.00,64
2521,25,0.00,64
2522,26,0.00,64
2523,27,0.00,64
2524,28,0.00,64
2525,29,0.00,64
2526,30,0.00,64
2527,31,0.00,64
2528,32,0.00,64
2529,33,0.00,64
2530,34,0.00,64
2531,35,0.00,64
2532,36,0.00,64
2533,37,0.00,64
2534,38,0.00,64
2535,39,0.00,64
2536,40,0.00,64
2537,41,0.00,64
2538,42,0.00,64
2539,43,0.00,64
2540,44,0.00,64
2541,45,0.00,64
2542,46,0.00,64
2543,47,0.00,64
2544,48,0.00,64
2545,49,0.00,64
2546,50,0.00,64
2547,51,0.00,64
2548,52,0.00,64
2549,53,0.00,64
2550,54,0.00,64
2551,55,0.00,64
2552,56,0.00,64
2553,57,0.00,64
2554,58,0.00,64
2555,59,0.00,64
2556,60,0.00,64
2557,61,0.00,64
2558,62,0.00,64
2559,63,0.00,64
2560,0,0.00,64
2561,1,0.00,64
2562,2,0.00,64
2563,3,0.00,64
2564,4,0.00,64
2565,5,0.00,64
2566,6,0.00,64
2567,7,0.00,64
2568,8,0.00,64
2569,9,0.00,64
2570,10,0.00,64
2571,11,0.00,64
2572,12,0.00,64
2573,13,0.00,64
2574,14,0.00,64
2575,15,0.00,64
2576,16,0.00,64
2577,17,0.00,64
2578,18,0.00,64
2579,19,0.00,64
2580,20,0.00,64
2581,21,0.00,64
2582,22,0.00,64
2583,23,0.00,64
2584,24,0.00,64
2585,25,0.00,64
2586,26,0.00,64
2587,27,0.00,64
2588,28,0.00,64
2589,29,0.00,64
2590,30,41.67,64
2591,31,0.00,64
2592,32,0.00,64
2593,33,0.00,64
2594,34,0.00,64
2595,35,0.00,64
2596,36,0.00,64
2597,37,0.00,64
2598,38,0.00,64
2599,39,0.00,64
2600,40,0.00,64
2601,41,0.00,64
2602,42,0.00,64
2603,43,0.00,64
2604,44,0.00,64
2605,45,0.00,64
2606,46,0.00,64
2607,47,0.00,64
2608,48,0.00,64
2609,49,0.00,64
2610,50,0.00,64
2611,51,0.00,64
2612,52,0.00,64
2613,53,0.00,64
2614,54,0.00,64
2615,55,0.00,64
2616,56,0.00,64
2617,57,0.00,64
2618,58,0.00,64
2619,59,0.00,64
2620,60,0.00,64
2621,61,0.00,64
2622,62,0.00,64
2623,63,0.00,64
2624,0,0.00,64
2625,1,0.00,64
2626,2,0.00,64
2627,3,0.00,64
2628,4,0.00,64
2629,5,0.00,64
2630,6,0.00,64
2631,7,0.00,64
2632,8,0.00,64
2633,9,0.00,64
2634,10,0.00,64
2635,11,0.00,64
2636,12,0.00,64
2637,13,0.00,64
2638,14,0.00,64
2639,15,0.00,64
2640,16,0.00,64
2641,17,0.00,64
2642,18,0.00,64
2643,19,0.00,64
2644,20,0.00,64
2645,21,0.00,64
2646,22,0.00,64
2647,23,0.00,64
2648,24,0.00,64
2649,25,0.00,64
2650,26,0.00,64
2651,27,0.00,64
2652,28,0.00,64
2653,29,0.00,64
2654,30,0.00,64
2655,31,0.00,64
2656,32,0.00,64
2657,33,0.00,64
2658,34,0.00,64
2659,35,0.00,64
2660,36,0.00,64
2661,37,0.00,64
2662,38,0.00,64
2663,39,0.00,64
2664,40,0.00,64
2665,41,0.00,64
2666,42,0.00,64
2667,43,0.00,64
2668,44,0.00,64
2669,45,0.00,64
2670,46,0.00,64
2671,47,0.00,64
2672,48,0.00,64
2673,49,0.00,64
2674,50,0.00,64
2675,51,0.00,64
2676,52,0.00,64
2677,53,0.00,64
2678,54,0.00,64
2679,55,0.00,64
2680,56,0.00,64
2681,57,0.00,64
2682,58,0.00,64
2683,59,0.00,64
2684,60,0.00,64
2685,61,0.00,64
2686,62,0.00,64
2687,63,0.00,64
2688,0,0.00,64
2689,1,0.00,64
2690,2,0.00,64
2691,3,0.00,64
2692,4,0.00,64
2693,5,0.00,64
2694,6,0.00,64
2695,7,0.00,64
2696,8,0.00,64
2697,9,0.00,64
2698,10,0.00,64
2699,11,0.00,64
2700,12,0.00,64
2701,13,0.00,64
2702,14,0.00,64
2703,15,0.00,64
2704,16,0.00,64
2705,17,0.00,64
2706,18,0.00,64
2707,19,0.00,64
2708,20,0.00,64
2709,21,0.00,64
2710,22,0.00,64
2711,23,0.00,64
2712,24,0.00,64
2713,25,0.00,64
2714,26,0.00,64
2715,27,0.00,64
2716,28,0.00,64
2717,29,0.00,64
2718,30,0.00,64
2719,31,0.00,64
2720,32,0.00,64
2721,33,0.00,64
2722,34,0.00,64
2723,35,0.00,64
2724,36,0.00,64
2725,37,0.00,64
2726,38,0.00,64
2727,39,0.00,64
2728,40,0.00,64
2729,41,0.00,64
2730,42,0.00,64
2731,43,0.00,64
2732,44,0.00,64
2733,45,0.00,64
2734,46,0.00,64
2735,47,0.00,64
2736,48,0.00,64
2737,49,0.00,64
2738,50,0.00,64
2739,51,0.00,64
2740,52,0.00,64
2741,53,0.00,64
2742,54,0.00,64
2743,55,0.00,64
2744,56,0.00,64
2745,57,0.00,64
2746,58,0.00,64
2747,59,0.00,64
2748,60,0.00,64
2749,61,0.00,64
2750,62,0.00,64
2751,63,0.00,64
2752,0,0.00,64
2753,1,0.00,64
2754,2,0.00,64
2755,3,0.00,64
2756,4,0.00,64
2757,5,0.00,64
2758,6,0.00,64
2759,7,0.00,64
2760,8,0.00,64
2761,9,0.00,64
2762,10,0.00,64
2763,11,0.00,64
2764,12,0.00,64
2765,13,0.00,64
2766,14,0.00,64
2767,15,0.00,64
2768,16,0.00,64
2769,17,0.00,64
2770,18,0.00,64
2771,19,0.00,64
2772,20,0.00,64
2773,21,0.00,64
2774,22,0.00,64
2775,23,0.00,64
2776,24,0.00,64
2777,25,0.00,64
2778,26,0.00,64
2779,27,0.00,64
2780,28,0.00,64
2781,29,0.00,64
2782,30,0.00,64
2783,31,0.00,64
2784,32,0.00,64
2785,33,0.00,64
2786,34,0.00,64
2787,35,0.00,64
2788,36,0.00,64
2789,37,0.00,64
2790,38,0.00,64
2791,39,0.00,64
2792,40,0.00,64
2793,41,0.00,64
2794,42,0.00,64
2795,43,0.00,64
2796,44,0.00,64
2797,45,0.00,64
2798,46,41.67,64
2799,47,0.00,64
2800,48,0.00,64
2801,49,0.00,64
2802,50,0.00,64
2803,51,0.00,64
2804,52,0.00,64
2805,53,0.00,64
2806,54,0.00,64
2807,55,0.00,64
2808,56,0.00,64
2809,57,0.00,64
2810,58,0.00,64
2811,59,0.00,64
2812,60,0.00,64
2813,61,0.00,64
2814,62,0.00,64
2815,63,0.00,64
2816,0,0.00,64
2817,1,0.00,64
2818,2,0.00,64
2819,3,0.00,64
2820,4,0.00,64
2821,5,0.00,64
2822,6,0.00,64
2823,7,0.00,64
2824,8,0.00,64
2825,9,0.00,64
2826,10,0.00,64
2827,11,0.00,64
2828,12,0.00,64
2829,13,0.00,64
2830,14,0.00,64
2831,15,0.00,64
2832,16,0.00,64
2833,17,0.00,64
2834,18,0.00,64
2835,19,0.00,64
2836,20,0.00,64
2837,21,0.00,64
2838,22,0.00,64
2839,23,0.00,64
2840,24,0.00,64
2841,25,0.00,64
2842,26,0.00,64
2843,27,0.00,64
2844,28,0.00,64
2845,29,0.00,64
2846,30,0.00,64
2847,31,0.00,64
2848,32,0.00,64
2849,33,0.00,64
2850,34,0.00,64
2851,35,0.00,64
2852,36,0.00,64
2853,37,0.00,64
2854,38,0.00,64
2855,39,0.00,64
2856,40,0.00,64
2857,41,0.00,64
2858,42,0.00,64
2859,43,0.00,64
2860,44,0.00,64
2861,45,0.00,64
2862,46,0.00,64
2863,47,0.00,64
2864,48,0.00,64
2865,49,0.00,64
2866,50,0.00,64
2867,51,0.00,64
2868,52,0.00,64
2869,53,0.00,64
2870,54,0.00,64
2871,55,0.00,64
2872,56,0.00,64
2873,57,0.00,64
2874,58,0.00,64
2875,59,0.00,64
2876,60,0.00,64
2877,61,0.00,64
2878,62,0.00,64
2879,63,0.00,64
2880,0,0.00,64
2881,1,0.00,64
2882,2,0.00,64
2883,3,0.00,64
2884,4,0.00,64
2885,5,0.00,64
2886,6,0.00,64
2887,7,0.00,64
2888,8,0.00,64
2889,9,0.00,64
2890,10,0.00,64
2891,11,0.00,64
2892,12,0.00,64
2893,13,0.00,64
2894,14,0.00,64
2895,15,0.00,64
2896,16,0.00,64
2897,17,0.00,64
2898,18,0.00,64
2899,19,0.00,64
2900,20,0.00,64
2901,21,0.00,64
2902,22,0.00,64
2903,23,0.00,64
2904,24,0.00,64
2905,25,0.00,64
2906,26,0.00,64
2907,27,0.00,64
2908,28,0.00,64
2909,29,0.00,64
2910,30,0.00,64
2911,31,0.00,64
2912,32,0.00,64
2913,33,0.00,64
2914,34,0.00,64
2915,35,0.00,64
2916,36,0.00,64
2917,37,0.00,64
2918,38,0.00,64
2919,39,0.00,64
2920,40,0.00,64
2921,41,0.00,64
2922,42,0.00,64
2923,43,0.00,64
2924,44,0.00,64
2925,45,0.00,64
2926,46,0.00,64
2927,47,0.00,64
2928,48,0.00,64
2929,49,0.00,64
2930,50,0.00,64
2931,51,0.00,64
2932,52,0.00,64
2933,53,0.00,64
2934,54,0.00,64
2935,55,0.00,64
2936,56,0.00,64
2937,57,0.00,64
2938,58,0.00,64
2939,59,0.00,64
2940,60,0.00,64
2941,61,0.00,64
2942,62,0.00,64
2943,63,0.00,64
2944,0,0.00,64
2945,1,0.00,64
2946,2,0.00,64
2947,3,0.00,64
2948,4,0.00,64
2949,5,0.00,64
2950,6,0.00,64
2951,7,0.00,64
2952,8,0.00,64
2953,9,0.00,64
2954,10,0.00,64
2955,11,0.00,64
2956,12,0.00,64
2957,13,0.00,64
2958,14,0.00,64
2959,15,0.00,64
2960,16,0.00,64
2961,17,0.00,64
2962,18,0.00,64
2963,19,0.00,64
2964,20,0.00,64
2965,21,0.00,64
2966,22,0.00,64
2967,23,0.00,64
2968,24,0.00,64
2969,25,0.00,64
2970,26,0.00,64
2971,27,0.00,64
2972,28,0.00,64
2973,29,0.00,64
2974,30,0.00,64
2975,31,0.00,64
2976,32,0.00,64
2977,33,0.00,64
2978,34,0.00,64
2979,35,0.00,64
2980,36,0.00,64
2981,37,0.00,64
2982,38,0.00,64
2983,39,0.00,64
2984,40,0.00,64
2985,41,0.00,64
2986,42,0.00,64
2987,43,0.00,64
2988,44,0.00,64
2989,45,0.00,64
2990,46,0.00,64
2991,47,0.00,64
2992,48,0.00,64
2993,49,0.00,64
2994,50,0.00,64
2995,51,0.00,64
2996,52,0.00,64
2997,53,0.00,64
2998,54,0.00,64
2999,55,0.00,64
3000,56,0.00,64
3001,57,0.00,64
3002,58,0.00,64
3003,59,0.00,64
3004,60,0.00,64
3005,61,0.00,64
3006,62,0.00,64
3007,63,0.00,64
3008,0,0.00,64
3009,1,0.00,64
3010,2,0.00,64
3011,3,0.00,64
3012,4,0.00,64
3013,5,0.00,64
3014,6,0.00,64
3015,7,0.00,64
3016,8,0.00,64
3017,9,0.00,64
3018,10,0.00,64
3019,11,0.00,64
3020,12,0.00,64
3021,13,0.00,64
3022,14,0.00,64
3023,15,0.00,64
3024,16,0.00,64
3025,17,0.00,64
3026,18,0.00,64
3027,19,0.00,64
3028,20,0.00,64
3029,21,0.00,64
3030,22,0.00,64
3031,23,0.00,64
3032,24,0.00,64
3033,25,0.00,64
3034,26,0.00,64
3035,27,41.67,64
3036,28,0.00,64
3037,29,0.00,64
3038,30,0.00,64
3039,31,0.00,64
3040,32,0.00,64
3041,33,0.00,64
3042,34,0.00,64
3043,35,0.00,64
3044,36,0.00,64
3045,37,0.00,64
3046,38,0.00,64
3047,39,0.00,64
3048,40,0.00,64
3049,41,0.00,64
3050,42,0.00,64
3051,43,0.00,64
3052,44,0.00,64
3053,45,0.00,64
3054,46,0.00,64
3055,47,0.00,64
3056,48,0.00,64
3057,49,0.00,64
3058,50,0.00,64
3059,51,0.00,64
3060,52,0.00,64
3061,53,0.00,64
3062,54,0.00,64
3063,55,0.00,64
3064,56,0.00,64
3065,57,0.00,64
3066,58,0.00,64
3067,59,0.00,64
3068,60,0.00,64
3069,61,0.00,64
3070,62,0.00,64
3071,63,0.00,64
3072,0,0.00,64
3073,1,0.00,64
3074,2,0.00,64
3075,3,0.00,64
3076,4,0.00,64
3077,5,0.00,64
3078,6,0.00,64
3079,7,0.00,64
3080,8,0.00,64
3081,9,0.00,64
3082,10,0.00,64
3083,11,0.00,64
3084,12,0.00,64
3085,13,0.00,64
3086,14,0.00,64
3087,15,0.00,64
3088,16,0.00,64
3089,17,0.00,64
3090,18,0.00,64
3091,19,0.00,64
3092,20,0.00,64
3093,21,0.00,64
3094,22,0.00,64
3095,23,0.00,64
3096,24,0.00,64
3097,25,0.00,64
3098,26,0.00,64
3099,27,0.00,64
3100,28,0.00,64
3101,29,0.00,64
3102,30,0.00,64
3103,31,0.00,64
3104,32,0.00,64
3105,33,0.00,64
3106,34,0.00,64
3107,35,0.00,64
3108,36,0.00,64
3109,37,0.00,64
3110,38,0.00,64
3111,39,0.00,64
3112,40,0.00,64
3113,41,0.00,64
3114,42,0.00,64
3115,43,0.00,64
3116,44,0.00,64
3117,45,0.00,64
3118,46,0.00,64
3119,47,0.00,64
3120,48,0.00,64
3121,49,0.00,64
3122,50,0.00,64
3123,51,0.00,64
3124,52,0.00,64
3125,53,0.00,64
3126,54,0.00,64
3127,55,0.00,64
3128,56,0.00,64
3129,57,0.00,64
3130,58,0.00,64
3131,59,0.00,64
3132,60,0.00,64
3133,61,0.00,64
3134,62,0.00,64
3135,63,0.00,64
3136,0,0.00,64
3137,1,0.00,64
3138,2,0.00,64
3139,3,0.00,64
3140,4,0.00,64
3141,5,0.00,64
3142,6,0.00,64
3143,7,0.00,64
3144,8,0.00,64
3145,9,0.00,64
3146,10,0.00,64
3147,11,0.00,64
3148,12,41.67,64
3149,13,0.00,64
3150,14,0.00,64
3151,15,0.00,64
3152,16,0.00,64
3153,17,0.00,64
3154,18,0.00,64
3155,19,0.00,64
3156,20,0.00,64
3157,21,0.00,64
3158,22,0.00,64
3159,23,0.00,64
3160,24,0.00,64
3161,25,0.00,64
3162,26,0.00,64
3163,27,0.00,64
3164,28,0.00,64
3165,29,0.00,64
3166,30,0.00,64
3167,31,0.00,64
3168,32,0.00,64
3169,33,0.00,64
3170,34,0.00,64
3171,35,0.00,64
3172,36,0.00,64
3173,37,0.00,64
3174,38,0.00,64
3175,39,0.00,64
3176,40,0.00,64
3177,41,0.00,64
3178,42,0.00,64
3179,43,0.00,64
3180,44,0.00,64
3181,45,0.00,64
3182,46,0.00,64
3183,47,0.00,64
3184,48,0.00,64
3185,49,0.00,64
3186,50,0.00,64
3187,51,0.00,64
3188,52,0.00,64
3189,53,0.00,64
3190,54,0.00,64
3191,55,0.00,64
3192,56,0.00,64
3193,57,0.00,64
3194,58,0.00,64
3195,59,0.00,64
3196,60,0.00,64
3197,61,0.00,64
3198,62,0.00,64
3199,63,0.00,64
3200,0,0.00,64
3201,1,0.00,64
3202,2,0.00,64
3203,3,0.00,64
3204,4,0.00,64
3205,5,0.00,64
3206,6,0.00,64
3207,7,0.00,64
3208,8,0.00,64
3209,9,0.00,64
3210,10,0.00,64
3211,11,0.00,64
3212,12,0.00,64
3213,13,0.00,64
3214,14,0.00,64
3215,15,0.00,64
3216,16,0.00,64
3217,17,0.00,64
3218,18,0.00,64
3219,19,0.00,64
3220,20,0.00,64
3221,21,0.00,64
3222,22,0.00,64
3223,23,0.00,64
3224,24,0.00,64
3225,25,0.00,64
3226,26,0.00,64
3227,27,0.00,64
3228,28,0.00,64
3229,29,0.00,64
3230,30,0.00,64
3231,31,0.00,64
3232,32,0.00,64
3233,33,0.00,64
3234,34,0.00,64
3235,35,0.00,64
3236,36,0.00,64
3237,37,0.00,64
3238,38,0.00,64
3239,39,0.00,64
3240,40,0.00,64
3241,41,0.00,64
3242,42,0.00,64
3243,43,0.00,64
3244,44,0.00,64
3245,45,0.00,64
3246,46,0.00,64
3247,47,0.00,64
3248,48,0.00,64
3249,49,0.00,64
3250,50,0.00,64
3251,51,0.00,64
3252,52,0.00,64
3253,53,0.00,64
3254,54,0.00,64
3255,55,0.00,64
3256,56,0.00,64
3257,57,0.00,64
3258,58,0.00,64
3259,59,0.00,64
3260,60,0.00,64
3261,61,0.00,64
3262,62,0.00,64
3263,63,0.00,64
3264,0,0.00,64
3265,1,0.00,64
3266,2,0.00,64
3267,3,0.00,64
3268,4,0.00,64
3269,5,0.00,64
3270,6,0.00,64
3271,7,0.00,64
3272,8,0.00,64
3273,9,0.00,64
3274,10,0.00,64
3275,11,0.00,64
3276,12,0.00,64
3277,13,0.00,64
3278,14,0.00,64
3279,15,0.00,64
3280,16,0.00,64
3281,17,0.00,64
3282,18,0.00,64
3283,19,0.00,64
3284,20,41.67,64
3285,21,0.00,64
3286,22,0.00,64
3287,23,0.00,64
3288,24,0.00,64
3289,25,0.00,64
3290,26,0.00,64
3291,27,0.00,64
3292,28,0.00,64
3293,29,0.00,64
3294,30,0.00,64
3295,31,0.00,64
3296,32,0.00,64
3297,33,0.00,64
3298,34,0.00,64
3299,35,0.00,64
3300,36,0.00,64
3301,37,0.00,64
3302,38,0.00,64
3303,39,0.00,64
3304,40,0.00,64
3305,41,0.00,64
3306,42,0.00,64
3307,43,0.00,64
3308,44,0.00,64
3309,45,0.00,64
3310,46,0.00,64
3311,47,0.00,64
3312,48,0.00,64
3313,49,0.00,64
3314,50,0.00,64
3315,51,0.00,64
3316,52,0.00,64
3317,53,0.00,64
3318,54,0.00,64
3319,55,0.00,64
3320,56,0.00,64
3321,57,0.00,64
3322,58,0.00,64
3323,59,0.00,64
3324,60,0.00,64
3325,61,0.00,64
3326,62,0.00,64
3327,63,0.00,64
3328,0,0.00,64
3329,1,0.00,64
3330,2,0.00,64
3331,3,0.00,64
3332,4,0.00,64
3333,5,0.00,64
3334,6,0.00,64
3335,7,0.00,64
3336,8,0.00,64
3337,9,0.00,64
3338,10,0.00,64
3339,11,0.00,64
3340,12,0.00,64
3341,13,0.00,64
3342,14,0.00,64
3343,15,0.00,64
3344,16,0.00,64
3345,17,0.00,64
3346,18,0.00,64
3347,19,0.00,64
3348,20,0.00,64
3349,21,0.00,64
3350,22,0.00,64
3351,23,41.67,64
3352,24,0.00,64
3353,25,0.00,64
3354,26,41.67,64
3355,27,0.00,64
3356,28,41.67,64
3357,29,0.00,64
3358,30,0.00,64
3359,31,0.00,64
3360,32,41.67,64
3361,33,0.00,64
3362,34,0.00,64
3363,35,0.00,64
3364,36,0.00,64
3365,37,0.00,64
3366,38,0.00,64
3367,39,0.00,64
3368,40,0.00,64
3369,41,0.00,64
3370,42,0.00,64
3371,43,0.00,64
3372,44,0.00,64
3373,45,0.00,64
3374,46,0.00,64
3375,47,0.00,64
3376,48,0.00,64
3377,49,0.00,64
3378,50,0.00,64
3379,51,0.00,64
3380,52,0.00,64
3381,53,0.00,64
3382,54,0.00,64
3383,55,0.00,64
3384,56,0.00,64
3385,57,0.00,64
3386,58,0.00,64
3387,59,0.00,64
3388,60,0.00,64
3389,61,0.00,64
3390,62,0.00,64
3391,63,0.00,64
3392,0,0.00,64
3393,1,0.00,64
3394,2,0.00,64
3395,3,0.00,64
3396,4,0.00,64
3397,5,0.00,64
3398,6,0.00,64
3399,7,0.00,64
3400,8,0.00,64
3401,9,0.00,64
3402,10,0.00,64
3403,11,0.00,64
3404,12,0.00,64
3405,13,0.00,64
3406,14,0.00,64
3407,15,0.00,64
3408,16,0.00,64
3409,17,0.00,64
3410,18,0.00,64
3411,19,0.00,64
3412,20,0.00,64
3413,21,0.00,64
3414,22,0.00,64
3415,23,0.00,64
3416,24,0.00,64
3417,25,0.00,64
3418,26,0.00,64
3419,27,0.00,64
3420,28,0.00,64
3421,29,0.00,64
3422,30,0.00,64
3423,31,0.00,64
3424,32,0.00,64
3425,33,0.00,64
3426,34,0.00,64
3427,35,0.00,64
3428,36,0.00,64
3429,37,0.00,64
3430,38,0.00,64
3431,39,0.00,64
3432,40,0.00,64
3433,41,0.00,64
3434,42,0.00,64
3435,43,0.00,64
3436,44,0.00,64
3437,45,0.00,64
3438,46,0.00,64
3439,47,0.00,64
3440,48,0.00,64
3441,49,0.00,64
3442,50,0.00,64
3443,51,0.00,64
3444,52,0.00,64
3445,53,0.00,64
3446,54,0.00,64
3447,55,0.00,64
3448,56,0.00,64
3449,57,0.00,64
3450,58,0.00,64
3451,59,0.00,64
3452,60,0.00,64
3453,61,0.00,64
3454,62,0.00,64
3455,63,0.00,64
3456,0,0.00,64
3457,1,0.00,64
3458,2,0.00,64
3459,3,0.00,64
3460,4,0.00,64
3461,5,0.00,64
3462,6,0.00,64
3463,7,0.00,64
3464,8,0.00,64
3465,9,0.00,64
3466,10,0.00,64
3467,11,0.00,64
3468,12,0.00,64
3469,13,0.00,64
3470,14,0.00,64
3471,15,0.00,64
3472,16,0.00,64
3473,17,0.00,64
3474,18,0.00,64
3475,19,0.00,64
3476,20,0.00,64
3477,21,0.00,64
3478,22,0.00,64
3479,23,0.00,64
3480,24,0.00,64
3481,25,0.00,64
3482,26,0.00,64
3483,27,0.00,64
3484,28,0.00,64
3485,29,0.00,64
3486,30,0.00,64
3487,31,0.00,64
3488,32,0.00,64
3489,33,0.00,64
3490,34,0.00,64
3491,35,0.00,64
3492,36,0.00,64
3493,37,0.00,64
3494,38,0.00,64
3495,39,0.00,64
3496,40,0.00,64
3497,41,0.00,64
3498,42,0.00,64
3499,43,0.00,64
3500,44,0.00,64
3501,45,0.00,64
3502,46,0.00,64
3503,47,0.00,64
3504,48,0.00,64
3505,49,0.00,64
3506,50,0.00,64
3507,51,0.00,64
3508,52,0.00,64
3509,53,0.00,64
3510,54,0.00,64
3511,55,0.00,64
3512,56,0.00,64
3513,57,0.00,64
3514,58,0.00,64
3515,59,0.00,64
3516,60,0.00,64
3517,61,0.00,64
3518,62,0.00,64
3519,63,0.00,64
3520,0,0.00,64
3521,1,0.00,64
3522,2,0.00,64
3523,3,0.00,64
3524,4,0.00,64
3525,5,0.00,64
3526,6,0.00,64
3527,7,0.00,64
3528,8,0.00,64
3529,9,0.00,64
3530,10,0.00,64
3531,11,0.00,64
3532,12,0.00,64
3533,13,0.00,64
3534,14,0.00,64
3535,15,0.00,64
3536,16,0.00,64
3537,17,0.00,64
3538,18,0.00,64
3539,19,0.00,64
3540,20,0.00,64
3541,21,0.00,64
3542,22,0.00,64
3543,23,0.00,64
3544,24,0.00,64
3545,25,0.00,64
3546,26,0.00,64
3547,27,0.00,64
3548,28,0.00,64
3549,29,0.00,64
3550,30,0.00,64
3551,31,0.00,64
3552,32,0.00,64
3553,33,0.00,64
3554,34,0.00,64
3555,35,0.00,64
3556,36,0.00,64
3557,37,0.00,64
3558,38,0.00,64
3559,39,0.00,64
3560,40,0.00,64
3561,41,0.00,64
3562,42,0.00,64
3563,43,0.00,64
3564,44,0.00,64
3565,45,0.00,64
3566,46,0.00,64
3567,47,0.00,64
3568,48,0.00,64
3569,49,0.00,64
3570,50,0.00,64
3571,51,0.00,64
3572,52,0.00,64
3573,53,0.00,64
3574,54,0.00,64
3575,55,0.00,64
3576,56,0.00,64
3577,57,0.00,64
3578,58,0.00,64
3579,59,0.00,64
3580,60,0.00,64
3581,61,41.67,64
3582,62,0.00,64
3583,63,0.00,64
3584,0,0.00,64
3585,1,0.00,64
3586,2,0.00,64
3587,3,0.00,64
3588,4,0.00,64
3589,5,0.00,64
3590,6,0.00,64
3591,7,0.00,64
3592,8,0.00,64
3593,9,0.00,64
3594,10,0.00,64
3595,11,0.00,64
3596,12,0.00,64
3597,13,0.00,64
3598,14,0.00,64
3599,15,0.00,64
3600,16,0.00,64
3601,17,0.00,64
3602,18,0.00,64
3603,19,0.00,64
3604,20,0.00,64
3605,21,0.00,64
3606,22,0.00,64
3607,23,0.00,64
3608,24,0.00,64
3609,25,0.00,64
3610,26,0.00,64
3611,27,0.00,64
3612,28,0.00,64
3613,29,0.00,64
3614,30,0.00,64
3615,31,0.00,64
3616,32,0.00,64
3617,33,0.00,64
3618,34,0.00,64
3619,35,0.00,64
3620,36,0.00,64
3621,37,0.00,64
3622,38,0.00,64
3623,39,0.00,64
3624,40,0.00,64
3625,41,0.00,64
3626,42,0.00,64
3627,43,0.00,64
3628,44,0.00,64
3629,45,0.00,64
3630,46,0.00,64
3631,47,0.00,64
3632,48,0.00,64
3633,49,0.00,64
3634,50,0.00,64
3635,51,0.00,64
3636,52,0.00,64
3637,53,0.00,64
3638,54,0.00,64
3639,55,0.00,64
3640,56,0.00,64
3641,57,0.00,64
3642,58,0.00,64
3643,59,0.00,64
3644,60,0.00,64
3645,61,0.00,64
3646,62,0.00,64
3647,63,0.00,64
3648,0,0.00,64
3649,1,0.00,64
3650,2,0.00,64
3651,3,0.00,64
3652,4,0.00,64
3653,5,0.00,64
3654,6,0.00,64
3655,7,0.00,64
3656,8,0.00,64
3657,9,0.00,64
3658,10,0.00,64
3659,11,0.00,64
3660,12,0.00,64
3661,13,0.00,64
3662,14,0.00,64
3663,15,0.00,64
3664,16,0.00,64
3665,17,0.00,64
3666,18,0.00,64
3667,19,0.00,64
3668,20,0.00,64
3669,21,0.00,64
3670,22,0.00,64
3671,23,0.00,64
3672,24,0.00,64
3673,25,0.00,64
3674,26,0.00,64
3675,27,0.00,64
3676,28,0.00,64
3677,29,0.00,64
3678,30,0.00,64
3679,31,0.00,64
3680,32,0.00,64
3681,33,0.00,64
3682,34,0.00,64
3683,35,0.00,64
3684,36,0.00,64
3685,37,0.00,64
3686,38,0.00,64
3687,39,0.00,64
3688,40,0.00,64
3689,41,0.00,64
3690,42,0.00,64
3691,43,0.00,64
3692,44,0.00,64
3693,45,0.00,64
3694,46,0.00,64
3695,47,0.00,64
3696,48,0.00,64
3697,49,0.00,64
3698,50,0.00,64
3699,51,0.00,64
3700,52,0.00,64
3701,53,0.00,64
3702,54,0.00,64
3703,55,0.00,64
3704,56,0.00,64
3705,57,0.00,64
3706,58,0.00,64
3707,59,0.00,64
3708,60,0.00,64
3709,61,0.00,64
3710,62,0.00,64
3711,63,0.00,64
3712,0,0.00,64
3713,1,0.00,64
3714,2,0.00,64
3715,3,41.67,64
3716,4,0.00,64
3717,5,0.00,64
3718,6,0.00,64
3719,7,0.00,64
3720,8,0.00,64
3721,9,0.00,64
3722,10,0.00,64
3723,11,0.00,64
3724,12,0.00,64
3725,13,0.00,64
3726,14,0.00,64
3727,15,0.00,64
3728,16,0.00,64
3729,17,0.00,64
3730,18,0.00,64
3731,19,0.00,64
3732,20,0.00,64
3733,21,0.00,64
3734,22,0.00,64
3735,23,0.00,64
3736,24,0.00,64
3737,25,0.00,64
3738,26,0.00,64
3739,27,0.00,64
3740,28,0.00,64
3741,29,0.00,64
3742,30,0.00,64
3743,31,0.00,64
3744,32,0.00,64
3745,33,0.00,64
3746,34,0.00,64
3747,35,0.00,64
3748,36,0.00,64
3749,37,0.00,64
3750,38,0.00,64
3751,39,0.00,64
3752,40,0.00,64
3753,41,0.00,64
3754,42,0.00,64
3755,43,0.00,64
3756,44,0.00,64
3757,45,0.00,64
3758,46,0.00,64
3759,47,0.00,64
3760,48,0.00,64
3761,49,0.00,64
3762,50,0.00,64
3763,51,0.00,64
3764,52,0.00,64
3765,53,0.00,64
3766,54,0.00,64
3767,55,0.00,64
3768,56,0.00,64
3769,57,41.67,64
3770,58,0.00,64
3771,59,0.00,64
3772,60,0.00,64
3773,61,0.00,64
3774,62,0.00,64
3775,63,0.00,64
3776,0,0.00,64
3777,1,0.00,64
3778,2,0.00,64
3779,3,0.00,64
3780,4,0.00,64
3781,5,0.00,64
3782,6,0.00,64
3783,7,0.00,64
3784,8,0.00,64
3785,9,0.00,64
3786,10,0.00,64
3787,11,0.00,64
3788,12,0.00,64
3789,13,0.00,64
3790,14,0.00,64
3791,15,0.00,64
3792,16,0.00,64
3793,17,0.00,64
3794,18,0.00,64
3795,19,0.00,64
3796,20,0.00,64
3797,21,0.00,64
3798,22,0.00,64
3799,23,0.00,64
3800,24,0.00,64
3801,25,0.00,64
3802,26,0.00,64
3803,27,0.00,64
3804,28,0.00,64
3805,29,0.00,64
3806,30,0.00,64
3807,31,0.00,64
3808,32,0.00,64
3809,33,0.00,64
3810,34,0.00,64
3811,35,0.00,64
3812,36,0.00,64
3813,37,0.00,64
3814,38,0.00,64
3815,39,0.00,64
3816,40,0.00,64
3817,41,0.00,64
3818,42,0.00,64
3819,43,0.00,64
3820,44,0.00,64
3821,45,0.00,64
3822,46,0.00,64
3823,47,0.00,64
3824,48,0.00,64
3825,49,0.00,64
3826,50,0.00,64
3827,51,0.00,64
3828,52,0.00,64
3829,53,0.00,64
3830,54,0.00,64
3831,55,0.00,64
3832,56,0.00,64
3833,57,0.00,64
3834,58,0.00,64
3835,59,0.00,64
3836,60,0.00,64
3837,61,0.00,64
3838,62,0.00,64
3839,63,0.00,64
3840,0,0.00,64
3841,1,0.00,64
3842,2,0.00,64
3843,3,0.00,64
3844,4,0.00,64
3845,5,0.00,64
3846,6,0.00,64
3847,7,0.00,64
3848,8,0.00,64
3849,9,0.00,64
3850,10,0.00,64
3851,11,0.00,64
3852,12,0.00,64
3853,13,0.00,64
3854,14,0.00,64
3855,15,0.00,64
3856,16,0.00,64
3857,17,0.00,64
3858,18,0.00,64
3859,19,0.00,64
3860,20,0.00,64
3861,21,0.00,64
3862,22,0.00,64
3863,23,0.00,64
3864,24,0.00,64
3865,25,0.00,64
3866,26,0.00,64
3867,27,0.00,64
3868,28,0.00,64
3869,29,0.00,64
3870,30,0.00,64
3871,31,0.00,64
3872,32,0.00,64
3873,33,0.00,64
3874,34,0.00,64
3875,35,0.00,64
3876,36,0.00,64
3877,37,0.00,64
3878,38,0.00,64
3879,39,0.00,64
3880,40,0.00,64
3881,41,0.00,64
3882,42,0.00,64
3883,43,0.00,64
3884,44,0.00,64
3885,45,0.00,64
3886,46,0.00,64
3887,47,0.00,64
3888,48,0.00,64
3889,49,0.00,64
3890,50,0.00,64
3891,51,0.00,64
3892,52,0.00,64
3893,53,0.00,64
3894,54,0.00,64
3895,55,0.00,64
3896,56,0.00,64
3897,57,0.00,64
3898,58,0.00,64
3899,59,0.00,64
3900,60,0.00,64
3901,61,0.00,64
3902,62,0.00,64
3903,63,0.00,64
3904,0,0.00,64
3905,1,0.00,64
3906,2,0.00,64
3907,3,0.00,64
3908,4,0.00,64
3909,5,0.00,64
3910,6,0.00,64
3911,7,0.00,64
3912,8,0.00,64
3913,9,0.00,64
3914,10,0.00,64
3915,11,0.00,64
3916,12,0.00,64
3917,13,0.00,64
3918,14,0.00,64
3919,15,0.00,64
3920,16,0.00,64
3921,17,0.00,64
3922,18,0.00,64
3923,19,0.00,64
3924,20,0.00,64
3925,21,0.00,64
3926,22,0.00,64
3927,23,0.00,64
3928,24,0.00,64
3929,25,0.00,64
3930,26,0.00,64
3931,27,0.00,64
3932,28,0.00,64
3933,29,0.00,64
3934,30,0.00,64
3935,31,0.00,64
3936,32,0.00,64
3937,33,0.00,64
3938,34,0.00,64
3939,35,0.00,64
3940,36,0.00,64
3941,37,0.00,64
3942,38,0.00,64
3943,39,0.00,64
3944,40,0.00,64
3945,41,0.00,64
3946,42,0.00,64
3947,43,0.00,64
3948,44,0.00,64
3949,45,0.00,64
3950,46,0.00,64
3951,47,0.00,64
3952,48,0.00,64
3953,49,0.00,64
3954,50,0.00,64
3955,51,0.00,64
3956,52,0.00,64
3957,53,0.00,64
3958,54,0.00,64
3959,55,0.00,64
3960,56,0.00,64
3961,57,0.00,64
3962,58,0.00,64
3963,59,0.00,64
3964,60,0.00,64
3965,61,0.00,64
3966,62,0.00,64
3967,63,0.00,64
3968,0,0.00,64
3969,1,0.00,64
3970,2,0.00,64
3971,3,0.00,64
3972,4,0.00,64
3973,5,0.00,64
3974,6,0.00,64
3975,7,0.00,64
3976,8,0.00,64
3977,9,0.00,64
3978,10,0.00,64
3979,11,0.00,64
3980,12,0.00,64
3981,13,0.00,64
3982,14,0.00,64
3983,15,0.00,64
3984,16,0.00,64
3985,17,0.00,64
3986,18,0.00,64
3987,19,0.00,64
3988,20,0.00,64
3989,21,0.00,64
3990,22,0.00,64
3991,23,0.00,64
3992,24,0.00,64
3993,25,0.00,64
3994,26,0.00,64
3995,27,0.00,64
3996,28,0.00,64
3997,29,0.00,64
3998,30,0.00,64
3999,31,0.00,64
4000,32,0.00,64
4001,33,0.00,64
4002,34,0.00,64
4003,35,0.00,64
4004,36,0.00,64
4005,37,0.00,64
4006,38,0.00,64
4007,39,0.00,64
4008,40,0.00,64
4009,41,0.00,64
4010,42,0.00,64
4011,43,0.00,64
4012,44,0.00,64
4013,45,0.00,64
4014,46,0.00,64
4015,47,0.00,64
4016,48,0.00,64
4017,49,0.00,64
4018,50,0.00,64
4019,51,0.00,64
4020,52,0.00,64
4021,53,0.00,64
4022,54,0.00,64
4023,55,0.00,64
4024,56,0.00,64
4025,57,0.00,64
4026,58,0.00,64
4027,59,0.00,64
4028,60,0.00,64
4029,61,0.00,64
4030,62,0.00,64
4031,63,0.00,64
4032,0,0.00,64
4033,1,0.00,64
4034,2,0.00,64
4035,3,0.00,64
4036,4,0.00,64
4037,5,0.00,64
4038,6,0.00,64
4039,7,0.00,64
4040,8,0.00,64
4041,9,0.00,64
4042,10,0.00,64
4043,11,0.00,64
4044,12,0.00,64
4045,13,0.00,64
4046,14,0.00,64
4047,15,0.00,64
4048,16,0.00,64
4049,17,0.00,64
4050,18,0.00,64
4051,19,0.00,64
4052,20,0.00,64
4053,21,0.00,64
4054,22,0.00,64
4055,23,0.00,64
4056,24,0.00,64
4057,25,0.00,64
4058,26,0.00,64
4059,27,0.00,64
4060,28,0.00,64
4061,29,0.00,64
4062,30,0.00,64
4063,31,0.00,64
4064,32,0.00,64
4065,33,0.00,64
4066,34,0.00,64
4067,35,0.00,64
4068,36,0.00,64
4069,37,0.00,64
4070,38,0.00,64
4071,39,0.00,64
4072,40,0.00,64
4073,41,0.00,64
4074,42,0.00,64
4075,43,0.00,64
4076,44,0.00,64
4077,45,0.00,64
4078,46,0.00,64
4079,47,0.00,64
4080,48,0.00,64
4081,49,0.00,64
4082,50,0.00,64
4083,51,0.00,64
4084,52,0.00,64
4085,53,0.00,64
4086,54,0.00,64
4087,55,0.00,64
4088,56,0.00,64
4089,57,0.00,64
4090,58,0.00,64
4091,59,0.00,64
4092,60,0.00,64
4093,61,0.00,64
4094,62,0.00,64
4095,63,0.00,64
4096,0,0.00,64
4097,1,0.00,64
4098,2,0.00,64
4099,3,0.00,64
4100,4,0.00,64
4101,5,0.00,64
4102,6,0.00,64
4103,7,0.00,64
4104,8,0.00,64
4105,9,0.00,64
4106,10,0.00,64
4107,11,0.00,64
4108,12,0.00,64
4109,13,0.00,64
4110,14,0.00,64
4111,15,0.00,64
4112,16,0.00,64
4113,17,0.00,64
4114,18,0.00,64
4115,19,0.00,64
4116,20,0.00,64
4117,21,0.00,64
4118,22,0.00,64
4119,23,0.00,64
4120,24,0.00,64
4121,25,0.00,64
4122,26,0.00,64
4123,27,0.00,64
4124,28,0.00,64
4125,29,0.00,64
4126,30,0.00,64
4127,31,0.00,64
4128,32,0.00,64
4129,33,0.00,64
4130,34,0.00,64
4131,35,0.00,64
4132,36,0.00,64
4133,37,0.00,64
4134,38,0.00,64
4135,39,0.00,64
4136,40,0.00,64
4137,41,0.00,64
4138,42,0.00,64
4139,43,0.00,64
4140,44,0.00,64
4141,45,0.00,64
4142,46,0.00,64
4143,47,0.00,64
4144,48,0.00,64
4145,49,0.00,64
4146,50,0.00,64
4147,51,0.00,64
4148,52,0.00,64
4149,53,0.00,64
4150,54,0.00,64
4151,55,0.00,64
4152,56,0.00,64
4153,57,0.00,64
4154,58,0.00,64
4155,59,0.00,64
4156,60,0.00,64
4157,61,0.00,64
4158,62,0.00,64
4159,63,0.00,64
4160,0,0.00,64
4161,1,0.00,64
4162,2,0.00,64
4163,3,0.00,64
4164,4,0.00,64
4165,5,0.00,64
4166,6,0.00,64
4167,7,0.00,64
4168,8,0.00,64
4169,9,0.00,64
4170,10,0.00,64
4171,11,0.00,64
4172,12,0.00,64
4173,13,0.00,64
4174,14,0.00,64
4175,15,0.00,64
4176,16,0.00,64
4177,17,41.67,64
4178,18,0.00,64
4179,19,0.00,64
4180,20,0.00,64
4181,21,0.00,64
4182,22,0.00,64
4183,23,0.00,64
4184,24,0.00,64
4185,25,0.00,64
4186,26,0.00,64
4187,27,0.00,64
4188,28,0.00,64
4189,29,0.00,64
4190,30,0.00,64
4191,31,0.00,64
4192,32,0.00,64
4193,33,0.00,64
4194,34,41.67,64
4195,35,0.00,64
4196,36,0.00,64
4197,37,0.00,64
4198,38,0.00,64
4199,39,0.00,64
4200,40,0.00,64
4201,41,0.00,64
4202,42,0.00,64
4203,43,0.00,64
4204,44,0.00,64
4205,45,0.00,64
4206,46,0.00,64
4207,47,0.00,64
4208,48,0.00,64
4209,49,0.00,64
4210,50,0.00,64
4211,51,0.00,64
4212,52,0.00,64
4213,53,0.00,64
4214,54,0.00,64
4215,55,0.00,64
4216,56,0.00,64
4217,57,0.00,64
4218,58,0.00,64
4219,59,0.00,64
4220,60,0.00,64
4221,61,0.00,64
4222,62,0.00,64
4223,63,0.00,64
4224,0,0.00,64
4225,1,0.00,64
4226,2,0.00,64
4227,3,0.00,64
4228,4,0.00,64
4229,5,0.00,64
4230,6,0.00,64
4231,7,0.00,64
4232,8,0.00,64
4233,9,0.00,64
4234,10,0.00,64
4235,11,0.00,64
4236,12,0.00,64
4237,13,0.00,64
4238,14,0.00,64
4239,15,0.00,64
4240,16,0.00,64
4241,17,0.00,64
4242,18,0.00,64
4243,19,0.00,64
4244,20,0.00,64
4245,21,0.00,64
4246,22,0.00,64
4247,23,0.00,64
4248,24,0.00,64
4249,25,0.00,64
4250,26,0.00,64
4251,27,0.00,64
4252,28,0.00,64
4253,29,0.00,64
4254,30,0.00,64
4255,31,0.00,64
4256,32,0.00,64
4257,33,0.00,64
4258,34,0.00,64
4259,35,0.00,64
4260,36,0.00,64
4261,37,0.00,64
4262,38,0.00,64
4263,39,0.00,64
4264,40,0.00,64
4265,41,0.00,64
4266,42,0.00,64
4267,43,0.00,64
4268,44,0.00,64
4269,45,0.00,64
4270,46,0.00,64
4271,47,0.00,64
4272,48,0.00,64
4273,49,0.00,64
4274,50,0.00,64
4275,51,0.00,64
4276,52,0.00,64
4277,53,0.00,64
4278,54,0.00,64
4279,55,0.00,64
4280,56,0.00,64
4281,57,0.00,64
4282,58,0.00,64
4283,59,0.00,64
4284,60,0.00,64
4285,61,0.00,64
4286,62,0.00,64
4287,63,0.00,64
4288,0,0.00,64
4289,1,0.00,64
4290,2,41.67,64
4291,3,0.00,64
4292,4,0.00,64
4293,5,0.00,64
4294,6,0.00,64
4295,7,0.00,64
4296,8,0.00,64
4297,9,0.00,64
4298,10,0.00,64
4299,11,0.00,64
4300,12,0.00,64
4301,13,0.00,64
4302,14,0.00,64
4303,15,0.00,64
4304,16,0.00,64
4305,17,0.00,64
4306,18,0.00,64
4307,19,0.00,64
4308,20,0.00,64
4309,21,0.00,64
4310,22,0.00,64
4311,23,0.00,64
4312,24,0.00,64
4313,25,0.00,64
4314,26,0.00,64
4315,27,0.00,64
4316,28,0.00,64
4317,29,0.00,64
4318,30,0.00,64
4319,31,0.00,64
4320,32,0.00,64
4321,33,0.00,64
4322,34,0.00,64
4323,35,0.00,64
4324,36,0.00,64
4325,37,0.00,64
4326,38,0.00,64
4327,39,0.00,64
4328,40,0.00,64
4329,41,0.00,64
4330,42,0.00,64
4331,43,0.00,64
4332,44,0.00,64
4333,45,0.00,64
4334,46,0.00,64
4335,47,0.00,64
4336,48,0.00,64
4337,49,0.00,64
4338,50,0.00,64
4339,51,0.00,64
4340,52,0.00,64
4341,53,0.00,64
4342,54,0.00,64
4343,55,0.00,64
4344,56,0.00,64
4345,57,0.00,64
4346,58,0.00,64
4347,59,0.00,64
4348,60,0.00,64
4349,61,0.00,64
4350,62,0.00,64
4351,63,0.00,64
4352,0,0.00,64
4353,1,0.00,64
4354,2,0.00,64
4355,3,0.00,64
4356,4,0.00,64
4357,5,0.00,64
4358,6,0.00,64
4359,7,0.00,64
4360,8,0.00,64
4361,9,0.00,64
4362,10,0.00,64
4363,11,0.00,64
4364,12,0.00,64
4365,13,0.00,64
4366,14,0.00,64
4367,15,0.00,64
4368,16,0.00,64
4369,17,0.00,64
4370,18,0.00,64
4371,19,0.00,64
4372,20,0.00,64
4373,21,0.00,64
4374,22,0.00,64
4375,23,0.00,64
4376,24,0.00,64
4377,25,0.00,64
4378,26,0.00,64
4379,27,0.00,64
4380,28,0.00,64
4381,29,0.00,64
4382,30,0.00,64
4383,31,0.00,64
4384,32,0.00,64
4385,33,0.00,64
4386,34,0.00,64
4387,35,0.00,64
4388,36,0.00,64
4389,37,0.00,64
4390,38,0.00,64
4391,39,0.00,64
4392,40,0.00,64
4393,41,0.00,64
4394,42,0.00,64
4395,43,0.00,64
4396,44,0.00,64
4397,45,0.00,64
4398,46,0.00,64
4399,47,0.00,64
4400,48,0.00,64
4401,49,0.00,64
4402,50,0.00,64
4403,51,0.00,64
4404,52,0.00,64
4405,53,0.00,64
4406,54,0.00,64
4407,55,0.00,64
4408,56,0.00,64
4409,57,0.00,64
4410,58,0.00,64
4411,59,0.00,64
4412,60,0.00,64
4413,61,0.00,64
4414,62,0.00,64
4415,63,0.00,64
4416,0,0.00,64
4417,1,0.00,64
4418,2,0.00,64
4419,3,0.00,64
4420,4,0.00,64
4421,5,0.00,64
4422,6,0.00,64
4423,7,0.00,64
4424,8,0.00,64
4425,9,0.00,64
4426,10,0.00,64
4427,11,0.00,64
4428,12,0.00,64
4429,13,0.00,64
4430,14,0.00,64
4431,15,0.00,64
4432,16,0.00,64
4433,17,0.00,64
4434,18,0.00,64
4435,19,0.00,64
4436,20,0.00,64
4437,21,0.00,64
4438,22,0.00,64
4439,23,0.00,64
4440,24,0.00,64
4441,25,0.00,64
4442,26,0.00,64
4443,27,0.00,64
4444,28,0.00,64
4445,29,0.00,64
4446,30,0.00,64
4447,31,0.00,64
4448,32,0.00,64
4449,33,0.00,64
4450,34,0.00,64
4451,35,0.00,64
4452,36,0.00,64
4453,37,0.00,64
4454,38,0.00,64
4455,39,0.00,64
4456,40,0.00,64
4457,41,0.00,64
4458,42,0.00,64
4459,43,0.00,64
4460,44,0.00,64
4461,45,0.00,64
4462,46,0.00,64
4463,47,0.00,64
4464,48,0.00,64
4465,49,0.00,64
4466,50,0.00,64
4467,51,0.00,64
4468,52,0.00,64
4469,53,0.00,64
4470,54,0.00,64
4471,55,0.00,64
4472,56,0.00,64
4473,57,0.00,64
4474,58,0.00,64
4475,59,0.00,64
4476,60,0.00,64
4477,61,0.00,64
4478,62,0.00,64
4479,63,0.00,64
4480,0,0.00,64
4481,1,0.00,64
4482,2,0.00,64
4483,3,0.00,64
4484,4,0.00,64
4485,5,0.00,64
4486,6,0.00,64
4487,7,0.00,64
4488,8,0.00,64
4489,9,0.00,64
4490,10,0.00,64
4491,11,0.00,64
4492,12,0.00,64
4493,13,0.00,64
4494,14,0.00,64
4495,15,0.00,64
4496,16,0.00,64
4497,17,0.00,64
4498,18,0.00,64
4499,19,0.00,64
4500,20,0.00,64
4501,21,0.00,64
4502,22,0.00,64
4503,23,0.00,64
4504,24,0.00,64
4505,25,0.00,64
4506,26,0.00,64
4507,27,0.00,64
4508,28,0.00,64
4509,29,0.00,64
4510,30,0.00,64
4511,31,0.00,64
4512,32,0.00,64
4513,33,0.00,64
4514,34,0.00,64
4515,35,0.00,64
4516,36,0.00,64
4517,37,0.00,64
4518,38,0.00,64
4519,39,0.00,64
4520,40,41.67,64
4521,41,0.00,64
4522,42,0.00,64
4523,43,0.00,64
4524,44,0.00,64
4525,45,0.00,64
4526,46,0.00,64
4527,47,0.00,64
4528,48,0.00,64
4529,49,0.00,64
4530,50,0.00,64
4531,51,0.00,64
4532,52,0.00,64
4533,53,0.00,64
4534,54,0.00,64
4535,55,0.00,64
4536,56,0.00,64
4537,57,0.00,64
4538,58,0.00,64
4539,59,0.00,64
4540,60,0.00,64
4541,61,0.00,64
4542,62,0.00,64
4543,63,0.00,64
4544,0,0.00,64
4545,1,0.00,64
4546,2,0.00,64
4547,3,0.00,64
4548,4,0.00,64
4549,5,0.00,64
4550,6,0.00,64
4551,7,0.00,64
4552,8,0.00,64
4553,9,0.00,64
4554,10,0.00,64
4555,11,0.00,64
4556,12,0.00,64
4557,13,0.00,64
4558,14,0.00,64
4559,15,0.00,64
4560,16,0.00,64
4561,17,0.00,64
4562,18,0.00,64
4563,19,0.00,64
4564,20,0.00,64
4565,21,0.00,64
4566,22,0.00,64
4567,23,0.00,64
4568,24,0.00,64
4569,25,0.00,64
4570,26,0.00,64
4571,27,0.00,64
4572,28,0.00,64
4573,29,0.00,64
4574,30,0.00,64
4575,31,0.00,64
4576,32,0.00,64
4577,33,0.00,64
4578,34,0.00,64
4579,35,0.00,64
4580,36,0.00,64
4581,37,0.00,64
4582,38,0.00,64
4583,39,0.00,64
4584,40,0.00,64
4585,41,0.00,64
4586,42,0.00,64
4587,43,0.00,64
4588,44,0.00,64
4589,45,0.00,64
4590,46,0.00,64
4591,47,0.00,64
4592,48,0.00,64
4593,49,0.00,64
4594,50,0.00,64
4595,51,0.00,64
4596,52,0.00,64
4597,53,0.00,64
4598,54,0.00,64
4599,55,0.00,64
4600,56,0.00,64
4601,57,0.00,64
4602,58,0.00,64
4603,59,0.00,64
4604,60,0.00,64
4605,61,0.00,64
4606,62,0.00,64
4607,63,0.00,64
4608,0,0.00,64
4609,1,0.00,64
4610,2,0.00,64
4611,3,0.00,64
4612,4,0.00,64
4613,5,0.00,64
4614,6,0.00,64
4615,7,0.00,64
4616,8,0.00,64
4617,9,0.00,64
4618,10,0.00,64
4619,11,0.00,64
4620,12,0.00,64
4621,13,0.00,64
4622,14,0.00,64
4623,15,0.00,64
4624,16,0.00,64
4625,17,0.00,64
4626,18,0.00,64
4627,19,0.00,64
4628,20,0.00,64
4629,21,0.00,64
4630,22,0.00,64
4631,23,0.00,64
4632,24,0.00,64
4633,25,0.00,64
4634,26,0.00,64
4635,27,0.00,64
4636,28,0.00,64
4637,29,0.00,64
4638,30,0.00,64
4639,31,0.00,64
4640,32,0.00,64
4641,33,0.00,64
4642,34,0.00,64
4643,35,0.00,64
4644,36,0.00,64
4645,37,0.00,64
4646,38,0.00,64
4647,39,0.00,64
4648,40,0.00,64
4649,41,0.00,64
4650,42,0.00,64
4651,43,0.00,64
4652,44,0.00,64
4653,45,0.00,64
4654,46,0.00,64
4655,47,0.00,64
4656,48,0.00,64
4657,49,0.00,64
4658,50,0.00,64
4659,51,0.00,64
4660,52,0.00,64
4661,53,0.00,64
4662,54,0.00,64
4663,55,0.00,64
4664,56,0.00,64
4665,57,0.00,64
4666,58,0.00,64
4667,59,0.00,64
4668,60,0.00,64
4669,61,0.00,64
4670,62,0.00,64
4671,63,0.00,64
4672,0,0.00,64
4673,1,0.00,64
4674,2,0.00,64
4675,3,0.00,64
4676,4,0.00,64
4677,5,0.00,64
4678,6,0.00,64
4679,7,0.00,64
4680,8,0.00,64
4681,9,0.00,64
4682,10,0.00,64
4683,11,0.00,64
4684,12,0.00,64
4685,13,0.00,64
4686,14,0.00,64
4687,15,0.00,64
4688,16,0.00,64
4689,17,0.00,64
4690,18,0.00,64
4691,19,0.00,64
4692,20,0.00,64
4693,21,0.00,64
4694,22,0.00,64
4695,23,0.00,64
4696,24,0.00,64
4697,25,0.00,64
4698,26,0.00,64
4699,27,0.00,64
4700,28,0.00,64
4701,29,0.00,64
4702,30,0.00,64
4703,31,0.00,64
4704,32,0.00,64
4705,33,0.00,64
4706,34,0.00,64
4707,35,0.00,64
4708,36,0.00,64
4709,37,0.00,64
4710,38,0.00,64
4711,39,0.00,64
4712,40,0.00,64
4713,41,0.00,64
4714,42,0.00,64
4715,43,0.00,64
4716,44,0.00,64
4717,45,0.00,64
4718,46,0.00,64
4719,47,0.00,64
4720,48,0.00,64
4721,49,0.00,64
4722,50,0.00,64
4723,51,0.00,64
4724,52,0.00,64
4725,53,0.00,64
4726,54,0.00,64
4727,55,0.00,64
4728,56,0.00,64
4729,57,0.00,64
4730,58,0.00,64
4731,59,0.00,64
4732,60,0.00,64
4733,61,0.00,64
4734,62,0.00,64
4735,63,0.00,64
4736,0,0.00,64
4737,1,0.00,64
4738,2,0.00,64
4739,3,0.00,64
4740,4,0.00,64
4741,5,0.00,64
4742,6,0.00,64
4743,7,0.00,64
4744,8,0.00,64
4745,9,0.00,64
4746,10,0.00,64
4747,11,0.00,64
4748,12,0.00,64
4749,13,0.00,64
4750,14,0.00,64
4751,15,0.00,64
4752,16,0.00,64
4753,17,0.00,64
4754,18,0.00,64
4755,19,0.00,64
4756,20,0.00,64
4757,21,0.00,64
4758,22,0.00,64
4759,23,0.00,64
4760,24,0.00,64
4761,25,0.00,64
4762,26,0.00,64
4763,27,0.00,64
4764,28,0.00,64
4765,29,0.00,64
4766,30,0.00,64
4767,31,0.00,64
4768,32,0.00,64
4769,33,0.00,64
4770,34,0.00,64
4771,35,0.00,64
4772,36,0.00,64
4773,37,0.00,64
4774,38,0.00,64
4775,39,0.00,64
4776,40,0.00,64
4777,41,0.00,64
4778,42,0.00,64
4779,43,0.00,64
4780,44,0.00,64
4781,45,0.00,64
4782,46,0.00,64
4783,47,0.00,64
4784,48,0.00,64
4785,49,0.00,64
4786,50,0.00,64
4787,51,0.00,64
4788,52,0.00,64
4789,53,0.00,64
4790,54,0.00,64
4791,55,0.00,64
4792,56,0.00,64
4793,57,0.00,64
4794,58,0.00,64
4795,59,0.00,64
4796,60,0.00,64
4797,61,0.00,64
4798,62,0.00,64
4799,63,0.00,64
4800,0,0.00,128
4801,1,0.00,128
4802,2,0.00,128
4803,3,0.00,128
4804,4,0.00,128
4805,5,0.00,128
4806,6,0.00,128
4807,7,0.00,128
4808,8,0.00,128
4809,9,0.00,128
4810,10,0.00,128
4811,11,0.00,128
4812,12,0.00,128
4813,13,0.00,128
4814,14,0.00,128
4815,15,0.00,128
4816,16,0.00,128
4817,17,0.00,128
4818,18,0.00,128
4819,19,0.00,128
4820,20,0.00,128
4821,21,0.00,128
4822,22,0.00,128
4823,23,0.00,128
4824,24,0.00,128
4825,25,0.00,128
4826,26,0.00,128
4827,27,0.00,128
4828,28,0.00,128
4829,29,0.00,128
4830,30,0.00,128
4831,31,0.00,128
4832,32,0.00,128
4833,33,0.00,128
4834,34,0.00,128
4835,35,0.00,128
4836,36,0.00,128
4837,37,0.00,128
4838,38,41.67,128
4839,39,0.00,128
4840,40,0.00,128
4841,41,0.00,128
4842,42,0.00,128
4843,43,0.00,128
4844,44,0.00,128
4845,45,0.00,128
4846,46,0.00,128
4847,47,0.00,128
4848,48,0.00,128
4849,49,0.00,128
4850,50,0.00,128
4851,51,0.00,128
4852,52,0.00,128
4853,53,0.00,128
4854,54,0.00,128
4855,55,0.00,128
4856,56,0.00,128
4857,57,0.00,128
4858,58,0.00,128
4859,59,0.00,128
4860,60,0.00,128
4861,61,0.00,128
4862,62,0.00,128
4863,63,0.00,128
4864,64,0.00,128
4865,65,0.00,128
4866,66,0.00,128
4867,67,0.00,128
4868,68,0.00,128
4869,69,0.00,128
4870,70,0.00,128
4871,71,0.00,128
4872,72,0.00,128
4873,73,0.00,128
4874,74,0.00,128
4875,75,0.00,128
4876,76,0.00,128
4877,77,0.00,128
4878,78,0.00,128
4879,79,0.00,128
4880,80,0.00,128
4881,81,0.00,128
4882,82,0.00,128
4883,83,0.00,128
4884,84,0.00,128
4885,85,0.00,128
4886,86,0.00,128
4887,87,0.00,128
4888,88,0.00,128
4889,89,0.00,128
4890,90,0.00,128
4891,91,0.00,128
4892,92,0.00,128
4893,93,0.00,128
4894,94,0.00,128
4895,95,0.00,128
4896,96,0.00,128
4897,97,0.00,128
4898,98,0.00,128
4899,99,0.00,128
4900,100,0.00,128
4901,101,0.00,128
4902,102,0.00,128
4903,103,0.00,128
4904,104,0.00,128
4905,105,0.00,128
4906,106,0.00,128
4907,107,0.00,128
4908,108,0.00,128
4909,109,0.00,128
4910,110,0.00,128
4911,111,0.00,128
4912,112,0.00,128
4913,113,0.00,128
4914,114,0.00,128
4915,115,0.00,128
4916,116,0.00,128
4917,117,0.00,128
4918,118,0.00,128
4919,119,0.00,128
4920,120,0.00,128
4921,121,0.00,128
4922,122,0.00,128
4923,123,0.00,128
4924,124,0.00,128
4925,125,0.00,128
4926,126,0.00,128
4927,127,0.00,128
4928,0,0.00,128
4929,1,0.00,128
4930,2,0.00,128
4931,3,0.00,128
4932,4,0.00,128
4933,5,0.00,128
4934,6,0.00,128
4935,7,0.00,128
4936,8,0.00,128
4937,9,0.00,128
4938,10,0.00,128
4939,11,0.00,128
4940,12,0.00,128
4941,13,0.00,128
4942,14,0.00,128
4943,15,0.00,128
4944,16,0.00,128
4945,17,0.00,128
4946,18,0.00,128
4947,19,0.00,128
4948,20,0.00,128
4949,21,0.00,128
4950,22,0.00,128
4951,23,0.00,128
4952,24,0.00,128
4953,25,0.00,128
4954,26,0.00,128
4955,27,0.00,128
4956,28,0.00,128
4957,29,0.00,128
4958,30,0.00,128
4959,31,0.00,128
4960,32,0.00,128
4961,33,0.00,128
4962,34,0.00,128
4963,35,0.00,128
4964,36,0.00,128
4965,37,0.00,128
4966,38,0.00,128
4967,39,0.00,128
4968,40,0.00,128
4969,41,0.00,128
4970,42,0.00,128
4971,43,0.00,128
4972,44,0.00,128
4973,45,0.00,128
4974,46,0.00,128
4975,47,0.00,128
4976,48,0.00,128
4977,49,0.00,128
4978,50,0.00,128
4979,51,0.00,128
4980,52,0.00,128
4981,53,0.00,128
4982,54,0.00,128
4983,55,0.00,128
4984,56,0.00,128
4985,57,0.00,128
4986,58,0.00,128
4987,59,0.00,128
4988,60,0.00,128
4989,61,0.00,128
4990,62,0.00,128
4991,63,0.00,128
4992,64,0.00,128
4993,65,0.00,128
4994,66,0.00,128
4995,67,0.00,128
4996,68,0.00,128
4997,69,0.00,128
4998,70,0.00,128
4999,71,0.00,128
5000,72,0.00,128
5001,73,0.00,128
5002,74,0.00,128
5003,75,0.00,128
5004,76,0.00,128
5005,77,0.00,128
5006,78,0.00,128
5007,79,0.00,128
5008,80,0.00,128
5009,81,0.00,128
5010,82,0.00,128
5011,83,0.00,128
5012,84,0.00,128
5013,85,0.00,128
5014,86,41.67,128
5015,87,0.00,128
5016,88,0.00,128
5017,89,0.00,128
5018,90,0.00,128
5019,91,0.00,128
5020,92,0.00,128
5021,93,0.00,128
5022,94,0.00,128
5023,95,0.00,128
5024,96,0.00,128
5025,97,0.00,128
5026,98,0.00,128
5027,99,0.00,128
5028,100,0.00,128
5029,101,0.00,128
5030,102,0.00,128
5031,103,0.00,128
5032,104,0.00,128
5033,105,0.00,128
5034,106,0.00,128
5035,107,0.00,128
5036,108,0.00,128
5037,109,0.00,128
5038,110,0.00,128
5039,111,0.00,128
5040,112,0.00,128
5041,113,0.00,128
5042,114,0.00,128
5043,115,0.00,128
5044,116,0.00,128
5045,117,0.00,128
5046,118,0.00,128
5047,119,0.00,128
5048,120,0.00,128
5049,121,0.00,128
5050,122,0.00,128
5051,123,0.00,128
5052,124,0.00,128
5053,125,0.00,128
5054,126,0.00,128
5055,127,0.00,128
5056,0,0.00,128
5057,1,0.00,128
5058,2,0.00,128
5059,3,0.00,128
5060,4,0.00,128
5061,5,0.00,128
5062,6,0.00,128
5063,7,0.00,128
5064,8,0.00,128
5065,9,0.00,128
5066,10,0.00,128
5067,11,0.00,128
5068,12,0.00,128
5069,13,0.00,128
5070,14,0.00,128
5071,15,0.00,128
5072,16,0.00,128
5073,17,0.00,128
5074,18,0.00,128
5075,19,0.00,128
5076,20,0.00,128
5077,21,0.00,128
5078,22,0.00,128
5079,23,0.00,128
5080,24,0.00,128
5081,25,0.00,128
5082,26,0.00,128
5083,27,0.00,128
5084,28,0.00,128
5085,29,0.00,128
5086,30,0.00,128
5087,31,0.00,128
5088,32,0.00,128
5089,33,0.00,128
5090,34,0.00,128
5091,35,0.00,128
5092,36,41.67,128
5093,37,0.00,128
5094,38,0.00,128
5095,39,0.00,128
5096,40,0.00,128
5097,41,0.00,128
5098,42,0.00,128
5099,43,0.00,128
5100,44,0.00,128
5101,45,0.00,128
5102,46,0.00,128
5103,47,0.00,128
5104,48,0.00,128
5105,49,0.00,128
5106,50,0.00,128
5107,51,0.00,128
5108,52,0.00,128
5109,53,0.00,128
5110,54,0.00,128
5111,55,0.00,128
5112,56,0.00,128
5113,57,0.00,128
5114,58,0.00,128
5115,59,0.00,128
5116,60,0.00,128
5117,61,0.00,128
5118,62,0.00,128
5119,63,0.00,128
5120,64,0.00,128
5121,65,0.00,128
5122,66,0.00,128
5123,67,0.00,128
5124,68,0.00,128
5125,69,0.00,128
5126,70,0.00,128
5127,71,0.00,128
5128,72,0.00,128
5129,73,0.00,128
5130,74,0.00,128
5131,75,0.00,128
5132,76,0.00,128
5133,77,0.00,128
5134,78,0.00,128
5135,79,0.00,128
5136,80,0.00,128
5137,81,0.00,128
5138,82,0.00,128
5139,83,0.00,128
5140,84,0.00,128
5141,85,0.00,128
5142,86,0.00,128
5143,87,0.00,128
5144,88,0.00,128
5145,89,0.00,128
5146,90,0.00,128
5147,91,0.00,128
5148,92,0.00,128
5149,93,0.00,128
5150,94,0.00,128
5151,95,0.00,128
5152,96,0.00,128
5153,97,0.00,128
5154,98,0.00,128
5155,99,0.00,128
5156,100,0.00,128
5157,101,0.00,128
5158,102,0.00,128
5159,103,0.00,128
5160,104,0.00,128
5161,105,0.00,128
5162,106,0.00,128
5163,107,0.00,128
5164,108,0.00,128
5165,109,0.00,128
5166,110,0.00,128
5167,111,0.00,128
5168,112,0.00,128
5169,113,0.00,128
5170,114,0.00,128
5171,115,0.00,128
5172,116,0.00,128
5173,117,0.00,128
5174,118,0.00,128
5175,119,0.00,128
5176,120,0.00,128
5177,121,0.00,128
5178,122,0.00,128
5179,123,0.00,128
5180,124,0.00,128
5181,125,0.00,128
5182,126,0.00,128
5183,127,0.00,128
5184,0,0.00,128
5185,1,0.00,128
5186,2,0.00,128
5187,3,0.00,128
5188,4,0.00,128
5189,5,0.00,128
5190,6,0.00,128
5191,7,0.00,128
5192,8,0.00,128
5193,9,0.00,128
5194,10,0.00,128
5195,11,0.00,128
5196,12,0.00,128
5197,13,0.00,128
5198,14,0.00,128
5199,15,0.00,128
5200,16,0.00,128
5201,17,0.00,128
5202,18,0.00,128
5203,19,0.00,128
5204,20,0.00,128
5205,21,0.00,128
5206,22,0.00,128
5207,23,0.00,128
5208,24,0.00,128
5209,25,0.00,128
5210,26,0.00,128
5211,27,0.00,128
5212,28,0.00,128
5213,29,0.00,128
5214,30,0.00,128
5215,31,0.00,128
5216,32,0.00,128
5217,33,0.00,128
5218,34,0.00,128
5219,35,0.00,128
5220,36,0.00,128
5221,37,0.00,128
5222,38,0.00,128
5223,39,0.00,128
5224,40,0.00,128
5225,41,0.00,128
5226,42,0.00,128
5227,43,0.00,128
5228,44,0.00,128
5229,45,0.00,128
5230,46,0.00,128
5231,47,0.00,128
5232,48,0.00,128
5233,49,0.00,128
5234,50,0.00,128
5235,51,41.67,128
5236,52,41.67,128
5237,53,0.00,128
5238,54,0.00,128
5239,55,0.00,128
5240,56,0.00,128
5241,57,0.00,128
5242,58,0.00,128
5243,59,0.00,128
5244,60,0.00,128
5245,61,0.00,128
5246,62,0.00,128
5247,63,0.00,128
5248,64,0.00,128
5249,65,0.00,128
5250,66,0.00,128
5251,67,0.00,128
5252,68,0.00,128
5253,69,0.00,128
5254,70,0.00,128
5255,71,0.00,128
5256,72,0.00,128
5257,73,0.00,128
5258,74,0.00,128
5259,75,41.67,128
5260,76,0.00,128
5261,77,0.00,128
5262,78,0.00,128
5263,79,0.00,128
5264,80,0.00,128
5265,81,0.00,128
5266,82,0.00,128
5267,83,0.00,128
5268,84,0.00,128
5269,85,0.00,128
5270,86,0.00,128
5271,87,0.00,128
5272,88,0.00,128
5273,89,0.00,128
5274,90,0.00,128
5275,91,0.00,128
5276,92,0.00,128
5277,93,0.00,128
5278,94,0.00,128
5279,95,0.00,128
5280,96,0.00,128
5281,97,0.00,128
5282,98,0.00,128
5283,99,41.67,128
5284,100,0.00,128
5285,101,0.00,128
5286,102,0.00,128
5287,103,0.00,128
5288,104,0.00,128
5289,105,0.00,128
5290,106,0.00,128
5291,107,41.67,128
5292,108,0.00,128
5293,109,0.00,128
5294,110,0.00,128
5295,111,0.00,128
5296,112,0.00,128
5297,113,0.00,128
5298,114,0.00,128
5299,115,0.00,128
5300,116,0.00,128
5301,117,0.00,128
5302,118,0.00,128
5303,119,0.00,128
5304,120,0.00,128
5305,121,0.00,128
5306,122,0.00,128
5307,123,0.00,128
5308,124,0.00,128
5309,125,0.00,128
5310,126,0.00,128
5311,127,0.00,128
5312,0,0.00,128
5313,1,0.00,128
5314,2,0.00,128
5315,3,0.00,128
5316,4,0.00,128
5317,5,41.67,128
5318,6,0.00,128
5319,7,0.00,128
5320,8,0.00,128
5321,9,0.00,128
5322,10,0.00,128
5323,11,0.00,128
5324,12,0.00,128
5325,13,0.00,128
5326,14,0.00,128
5327,15,0.00,128
5328,16,0.00,128
5329,17,0.00,128
5330,18,0.00,128
5331,19,0.00,128
5332,20,0.00,128
5333,21,0.00,128
5334,22,0.00,128
5335,23,0.00,128
5336,24,0.00,128
5337,25,0.00,128
5338,26,0.00,128
5339,27,0.00,128
5340,28,0.00,128
5341,29,0.00,128
5342,30,0.00,128
5343,31,0.00,128
5344,32,0.00,128
5345,33,0.00,128
5346,34,0.00,128
5347,35,0.00,128
5348,36,0.00,128
5349,37,0.00,128
5350,38,0.00,128
5351,39,0.00,128
5352,40,0.00,128
5353,41,0.00,128
5354,42,0.00,128
5355,43,0.00,128
5356,44,0.00,128
5357,45,0.00,128
5358,46,0.00,128
5359,47,0.00,128
5360,48,0.00,128
5361,49,0.00,128
5362,50,0.00,128
5363,51,0.00,128
5364,52,0.00,128
5365,53,0.00,128
5366,54,0.00,128
5367,55,0.00,128
5368,56,0.00,128
5369,57,0.00,128
5370,58,0.00,128
5371,59,0.00,128
5372,60,0.00,128
5373,61,0.00,128
5374,62,0.00,128
5375,63,0.00,128
5376,64,0.00,128
5377,65,0.00,128
5378,66,0.00,128
5379,67,0.00,128
5380,68,0.00,128
5381,69,0.00,128
5382,70,0.00,128
5383,71,0.00,128
5384,72,0.00,128
5385,73,0.00,128
5386,74,0.00,128
5387,75,0.00,128
5388,76,0.00,128
5389,77,0.00,128
5390,78,0.00,128
5391,79,0.00,128
5392,80,0.00,128
5393,81,0.00,128
5394,82,0.00,128
5395,83,0.00,128
5396,84,0.00,128
5397,85,0.00,128
5398,86,0.00,128
5399,87,0.00,128
5400,88,0.00,128
5401,89,0.00,128
5402,90,0.00,128
5403,91,0.00,128
5404,92,0.00,128
5405,93,0.00,128
5406,94,0.00,128
5407,95,0.00,128
5408,96,0.00,128
5409,97,0.00,128
5410,98,0.00,128
5411,99,0.00,128
5412,100,0.00,128
5413,101,0.00,128
5414,102,0.00,128
5415,103,0.00,128
5416,104,0.00,128
5417,105,0.00,128
5418,106,0.00,128
5419,107,0.00,128
5420,108,0.00,128
5421,109,0.00,128
5422,110,0.00,128
5423,111,0.00,128
5424,112,0.00,128
5425,113,0.00,128
5426,114,0.00,128
5427,115,0.00,128
5428,116,0.00,128
5429,117,0.00,128
5430,118,0.00,128
5431,119,0.00,128
5432,120,0.00,128
5433,121,0.00,128
5434,122,41.67,128
5435,123,0.00,128
5436,124,0.00,128
5437,125,0.00,128
5438,126,0.00,128
5439,127,0.00,128
5440,0,0.00,128
5441,1,0.00,128
5442,2,0.00,128
5443,3,0.00,128
5444,4,0.00,128
5445,5,0.00,128
5446,6,0.00,128
5447,7,0.00,128
5448,8,0.00,128
5449,9,0.00,128
5450,10,0.00,128
5451,11,0.00,128
5452,12,0.00,128
5453,13,0.00,128
5454,14,0.00,128
5455,15,0.00,128
5456,16,0.00,128
5457,17,0.00,128
5458,18,0.00,128
5459,19,0.00,128
5460,20,0.00,128
5461,21,0.00,128
5462,22,0.00,128
5463,23,0.00,128
5464,24,0.00,128
5465,25,0.00,128
5466,26,0.00,128
5467,27,0.00,128
5468,28,0.00,128
5469,29,0.00,128
5470,30,0.00,128
5471,31,0.00,128
5472,32,0.00,128
5473,33,0.00,128
5474,34,0.00,128
5475,35,0.00,128
5476,36,0.00,128
5477,37,0.00,128
5478,38,0.00,128
5479,39,0.00,128
5480,40,0.00,128
5481,41,0.00,128
5482,42,0.00,128
5483,43,0.00,128
5484,44,0.00,128
5485,45,0.00,128
5486,46,0.00,128
5487,47,0.00,128
5488,48,0.00,128
5489,49,0.00,128
5490,50,0.00,128
5491,51,0.00,128
5492,52,0.00,128
5493,53,0.00,128
5494,54,0.00,128
5495,55,0.00,128
5496,56,0.00,128
5497,57,0.00,128
5498,58,0.00,128
5499,59,0.00,128
5500,60,0.00,128
5501,61,0.00,128
5502,62,0.00,128
5503,63,0.00,128
5504,64,0.00,128
5505,65,0.00,128
5506,66,0.00,128
5507,67,0.00,128
5508,68,0.00,128
5509,69,0.00,128
5510,70,0.00,128
5511,71,0.00,128
5512,72,0.00,128
5513,73,0.00,128
5514,74,0.00,128
5515,75,0.00,128
5516,76,0.00,128
5517,77,0.00,128
5518,78,0.00,128
5519,79,0.00,128
5520,80,0.00,128
5521,81,0.00,128
5522,82,0.00,128
5523,83,0.00,128
5524,84,0.00,128
5525,85,0.00,128
5526,86,0.00,128
5527,87,0.00,128
5528,88,0.00,128
5529,89,0.00,128
5530,90,0.00,128
5531,91,0.00,128
5532,92,0.00,128
5533,93,0.00,128
5534,94,0.00,128
5535,95,0.00,128
5536,96,0.00,128
5537,97,0.00,128
5538,98,0.00,128
5539,99,0.00,128
5540,100,41.67,128
5541,101,0.00,128
5542,102,0.00,128
5543,103,0.00,128
5544,104,0.00,128
5545,105,0.00,128
5546,106,0.00,128
5547,107,0.00,128
5548,108,0.00,128
5549,109,0.00,128
5550,110,0.00,128
5551,111,0.00,128
5552,112,0.00,128
5553,113,0.00,128
5554,114,0.00,128
5555,115,0.00,128
5556,116,0.00,128
5557,117,0.00,128
5558,118,0.00,128
5559,119,0.00,128
5560,120,0.00,128
5561,121,0.00,128
5562,122,0.00,128
5563,123,0.00,128
5564,124,0.00,128
5565,125,0.00,128
5566,126,0.00,128
5567,127,0.00,128
5568,0,0.00,128
5569,1,0.00,128
5570,2,0.00,128
5571,3,0.00,128
5572,4,0.00,128
5573,5,0.00,128
5574,6,0.00,128
5575,7,0.00,128
5576,8,0.00,128
5577,9,0.00,128
5578,10,0.00,128
5579,11,0.00,128
5580,12,0.00,128
5581,13,0.00,128
5582,14,0.00,128
5583,15,0.00,128
5584,16,0.00,128
5585,17,0.00,128
5586,18,0.00,128
5587,19,0.00,128
5588,20,0.00,128
5589,21,0.00,128
5590,22,0.00,128
5591,23,0.00,128
5592,24,0.00,128
5593,25,0.00,128
5594,26,0.00,128
5595,27,0.00,128
5596,28,0.00,128
5597,29,0.00,128
5598,30,0.00,128
5599,31,0.00,128
5600,32,0.00,128
5601,33,0.00,128
5602,34,0.00,128
5603,35,0.00,128
5604,36,0.00,128
5605,37,0.00,128
5606,38,0.00,128
5607,39,0.00,128
5608,40,0.00,128
5609,41,0.00,128
5610,42,0.00,128
5611,43,0.00,128
5612,44,0.00,128
5613,45,0.00,128
5614,46,0.00,128
5615,47,0.00,128
5616,48,0.00,128
5617,49,0.00,128
5618,50,0.00,128
5619,51,0.00,128
5620,52,0.00,128
5621,53,0.00,128
5622,54,0.00,128
5623,55,0.00,128
5624,56,0.00,128
5625,57,0.00,128
5626,58,0.00,128
5627,59,0.00,128
5628,60,0.00,128
5629,61,0.00,128
5630,62,0.00,128
5631,63,0.00,128
5632,64,0.00,128
5633,65,0.00,128
5634,66,0.00,128
5635,67,0.00,128
5636,68,0.00,128
5637,69,0.00,128
5638,70,0.00,128
5639,71,0.00,128
5640,72,0.00,128
5641,73,0.00,128
5642,74,0.00,128
5643,75,0.00,128
5644,76,0.00,128
5645,77,0.00,128
5646,78,0.00,128
5647,79,0.00,128
5648,80,0.00,128
5649,81,0.00,128
5650,82,0.00,128
5651,83,0.00,128
5652,84,0.00,128
5653,85,0.00,128
5654,86,0.00,128
5655,87,0.00,128
5656,88,0.00,128
5657,89,0.00,128
5658,90,0.00,128
5659,91,0.00,128
5660,92,0.00,128
5661,93,0.00,128
5662,94,0.00,128
5663,95,0.00,128
5664,96,41.67,128
5665,97,0.00,128
5666,98,41.67,128
5667,99,0.00,128
5668,100,0.00,128
5669,101,0.00,128
5670,102,0.00,128
5671,103,0.00,128
5672,104,0.00,128
5673,105,0.00,128
5674,106,0.00,128
5675,107,0.00,128
5676,108,0.00,128
5677,109,0.00,128
5678,110,0.00,128
5679,111,0.00,128
5680,112,0.00,128
5681,113,0.00,128
5682,114,0.00,128
5683,115,0.00,128
5684,116,0.00,128
5685,117,0.00,128
5686,118,0.00,128
5687,119,0.00,128
5688,120,0.00,128
5689,121,0.00,128
5690,122,0.00,128
5691,123,0.00,128
5692,124,0.00,128
5693,125,0.00,128
5694,126,0.00,128
5695,127,0.00,128
5696,0,0.00,128
5697,1,0.00,128
5698,2,0.00,128
5699,3,0.00,128
5700,4,0.00,128
5701,5,0.00,128
5702,6,0.00,128
5703,7,0.00,128
5704,8,0.00,128
5705,9,0.00,128
5706,10,0.00,128
5707,11,0.00,128
5708,12,0.00,128
5709,13,0.00,128
5710,14,0.00,128
5711,15,0.00,128
5712,16,0.00,128
5713,17,0.00,128
5714,18,0.00,128
5715,19,0.00,128
5716,20,0.00,128
5717,21,0.00,128
5718,22,0.00,128
5719,23,0.00,128
5720,24,0.00,128
5721,25,0.00,128
5722,26,0.00,128
5723,27,0.00,128
5724,28,0.00,128
5725,29,0.00,128
5726,30,0.00,128
5727,31,0.00,128
5728,32,0.00,128
5729,33,0.00,128
5730,34,0.00,128
5731,35,0.00,128
5732,36,0.00,128
5733,37,0.00,128
5734,38,0.00,128
5735,39,0.00,128
5736,40,0.00,128
5737,41,0.00,128
5738,42,0.00,128
5739,43,0.00,128
5740,44,0.00,128
5741,45,0.00,128
5742,46,0.00,128
5743,47,0.00,128
5744,48,0.00,128
5745,49,0.00,128
5746,50,0.00,128
5747,51,0.00,128
5748,52,0.00,128
5749,53,0.00,128
5750,54,0.00,128
5751,55,0.00,128
5752,56,0.00,128
5753,57,0.00,128
5754,58,0.00,128
5755,59,0.00,128
5756,60,0.00,128
5757,61,0.00,128
5758,62,0.00,128
5759,63,0.00,128
5760,64,0.00,128
5761,65,0.00,128
5762,66,0.00,128
5763,67,0.00,128
5764,68,0.00,128
5765,69,0.00,128
5766,70,0.00,128
5767,71,0.00,128
5768,72,0.00,128
5769,73,0.00,128
5770,74,0.00,128
5771,75,0.00,128
5772,76,0.00,128
5773,77,0.00,128
5774,78,0.00,128
5775,79,0.00,128
5776,80,0.00,128
5777,81,0.00,128
5778,82,0.00,128
5779,83,0.00,128
5780,84,0.00,128
5781,85,0.00,128
5782,86,0.00,128
5783,87,0.00,128
5784,88,0.00,128
5785,89,0.00,128
5786,90,0.00,128
5787,91,0.00,128
5788,92,0.00,128
5789,93,0.00,128
5790,94,0.00,128
5791,95,0.00,128
5792,96,0.00,128
5793,97,0.00,128
5794,98,0.00,128
5795,99,0.00,128
5796,100,0.00,128
5797,101,0.00,128
5798,102,0.00,128
5799,103,0.00,128
5800,104,0.00,128
5801,105,0.00,128
5802,106,0.00,128
5803,107,0.00,128
5804,108,0.00,128
5805,109,0.00,128
5806,110,0.00,128
5807,111,0.00,128
5808,112,0.00,128
5809,113,0.00,128
5810,114,0.00,128
5811,115,0.00,128
5812,116,0.00,128
5813,117,0.00,128
5814,118,0.00,128
5815,119,0.00,128
5816,120,0.00,128
5817,121,0.00,128
5818,122,0.00,128
5819,123,0.00,128
5820,124,0.00,128
5821,125,0.00,128
5822,126,0.00,128
5823,127,0.00,128
5824,0,0.00,128
5825,1,0.00,128
5826,2,0.00,128
5827,3,0.00,128
5828,4,0.00,128
5829,5,0.00,128
5830,6,0.00,128
5831,7,0.00,128
5832,8,0.00,128
5833,9,0.00,128
5834,10,0.00,128
5835,11,0.00,128
5836,12,0.00,128
5837,13,41.67,128
5838,14,0.00,128
5839,15,0.00,128
5840,16,0.00,128
5841,17,0.00,128
5842,18,0.00,128
5843,19,0.00,128
5844,20,0.00,128
5845,21,0.00,128
5846,22,0.00,128
5847,23,0.00,128
5848,24,0.00,128
5849,25,0.00,128
5850,26,0.00,128
5851,27,0.00,128
5852,28,0.00,128
5853,29,0.00,128
5854,30,0.00,128
5855,31,0.00,128
5856,32,0.00,128
5857,33,0.00,128
5858,34,0.00,128
5859,35,0.00,128
5860,36,0.00,128
5861,37,0.00,128
5862,38,0.00,128
5863,39,0.00,128
5864,40,0.00,128
5865,41,0.00,128
5866,42,0.00,128
5867,43,0.00,128
5868,44,0.00,128
5869,45,0.00,128
5870,46,0.00,128
5871,47,0.00,128
5872,48,0.00,128
5873,49,41.67,128
5874,50,0.00,128
5875,51,0.00,128
5876,52,0.00,128
5877,53,0.00,128
5878,54,0.00,128
5879,55,0.00,128
5880,56,0.00,128
5881,57,0.00,128
5882,58,0.00,128
5883,59,0.00,128
5884,60,0.00,128
5885,61,0.00,128
5886,62,0.00,128
5887,63,0.00,128
5888,64,0.00,128
5889,65,0.00,128
5890,66,0.00,128
5891,67,0.00,128
5892,68,0.00,128
5893,69,0.00,128
5894,70,0.00,128
5895,71,0.00,128
5896,72,0.00,128
5897,73,0.00,128
5898,74,0.00,128
5899,75,0.00,128
5900,76,0.00,128
5901,77,0.00,128
5902,78,0.00,128
5903,79,0.00,128
5904,80,0.00,128
5905,81,0.00,128
5906,82,0.00,128
5907,83,0.00,128
5908,84,0.00,128
5909,85,0.00,128
5910,86,0.00,128
5911,87,0.00,128
5912,88,0.00,128
5913,89,0.00,128
5914,90,0.00,128
5915,91,0.00,128
5916,92,0.00,128
5917,93,0.00,128
5918,94,0.00,128
5919,95,0.00,128
5920,96,0.00,128
5921,97,0.00,128
5922,98,0.00,128
5923,99,0.00,128
5924,100,0.00,128
5925,101,0.00,128
5926,102,0.00,128
5927,103,0.00,128
5928,104,0.00,128
5929,105,0.00,128
5930,106,0.00,128
5931,107,0.00,128
5932,108,0.00,128
5933,109,0.00,128
5934,110,0.00,128
5935,111,0.00,128
5936,112,0.00,128
5937,113,0.00,128
5938,114,0.00,128
5939,115,0.00,128
5940,116,0.00,128
5941,117,0.00,128
5942,118,0.00,128
5943,119,0.00,128
5944,120,0.00,128
5945,121,0.00,128
5946,122,0.00,128
5947,123,0.00,128
5948,124,0.00,128
5949,125,0.00,128
5950,126,0.00,128
5951,127,0.00,128
5952,0,0.00,128
5953,1,0.00,128
5954,2,0.00,128
5955,3,0.00,128
5956,4,0.00,128
5957,5,0.00,128
5958,6,0.00,128
5959,7,0.00,128
5960,8,0.00,128
5961,9,0.00,128
5962,10,0.00,128
5963,11,0.00,128
5964,12,0.00,128
5965,13,0.00,128
5966,14,0.00,128
5967,15,0.00,128
5968,16,0.00,128
5969,17,0.00,128
5970,18,0.00,128
5971,19,0.00,128
5972,20,0.00,128
5973,21,0.00,128
5974,22,0.00,128
5975,23,0.00,128
5976,24,0.00,128
5977,25,0.00,128
5978,26,0.00,128
5979,27,0.00,128
5980,28,0.00,128
5981,29,0.00,128
5982,30,0.00,128
5983,31,0.00,128
5984,32,0.00,128
5985,33,0.00,128
5986,34,0.00,128
5987,35,0.00,128
5988,36,0.00,128
5989,37,0.00,128
5990,38,0.00,128
5991,39,0.00,128
5992,40,0.00,128
5993,41,0.00,128
5994,42,0.00,128
5995,43,0.00,128
5996,44,0.00,128
5997,45,0.00,128
5998,46,0.00,128
5999,47,0.00,128
6000,48,0.00,128
6001,49,0.00,128
6002,50,0.00,128
6003,51,0.00,128
6004,52,0.00,128
6005,53,0.00,128
6006,54,0.00,128
6007,55,0.00,128
6008,56,0.00,128
6009,57,0.00,128
6010,58,0.00,128
6011,59,0.00,128
6012,60,0.00,128
6013,61,0.00,128
6014,62,0.00,128
6015,63,0.00,128
6016,64,0.00,128
6017,65,0.00,128
6018,66,0.00,128
6019,67,0.00,128
6020,68,0.00,128
6021,69,0.00,128
6022,70,0.00,128
6023,71,0.00,128
6024,72,0.00,128
6025,73,0.00,128
6026,74,0.00,128
6027,75,0.00,128
6028,76,0.00,128
6029,77,0.00,128
6030,78,0.00,128
6031,79,0.00,128
6032,80,0.00,128
6033,81,0.00,128
6034,82,0.00,128
6035,83,0.00,128
6036,84,0.00,128
6037,85,0.00,128
6038,86,0.00,128
6039,87,0.00,128
6040,88,0.00,128
6041,89,0.00,128
6042,90,0.00,128
6043,91,0.00,128
6044,92,0.00,128
6045,93,0.00,128
6046,94,0.00,128
6047,95,0.00,128
6048,96,0.00,128
6049,97,0.00,128
6050,98,0.00,128
6051,99,0.00,128
6052,100,0.00,128
6053,101,0.00,128
6054,102,0.00,128
6055,103,0.00,128
6056,104,0.00,128
6057,105,0.00,128
6058,106,0.00,128
6059,107,0.00,128
6060,108,0.00,128
6061,109,0.00,128
6062,110,0.00,128
6063,111,0.00,128
6064,112,0.00,128
6065,113,0.00,128
6066,114,0.00,128
6067,115,0.00,128
6068,116,0.00,128
6069,117,0.00,128
6070,118,0.00,128
6071,119,0.00,128
6072,120,0.00,128
6073,121,0.00,128
6074,122,0.00,128
6075,123,0.00,128
6076,124,0.00,128
6077,125,0.00,128
6078,126,0.00,128
6079,127,0.00,128
6080,0,0.00,128
6081,1,0.00,128
6082,2,0.00,128
6083,3,0.00,128
6084,4,0.00,128
6085,5,0.00,128
6086,6,0.00,128
6087,7,0.00,128
6088,8,0.00,128
6089,9,0.00,128
6090,10,0.00,128
6091,11,0.00,128
6092,12,0.00,128
6093,13,0.00,128
6094,14,0.00,128
6095,15,0.00,128
6096,16,0.00,128
6097,17,0.00,128
6098,18,0.00,128
6099,19,0.00,128
6100,20,0.00,128
6101,21,0.00,128
6102,22,0.00,128
6103,23,0.00,128
6104,24,0.00,128
6105,25,0.00,128
6106,26,0.00,128
6107,27,0.00,128
6108,28,0.00,128
6109,29,0.00,128
6110,30,0.00,128
6111,31,0.00,128
6112,32,0.00,128
6113,33,0.00,128
6114,34,0.00,128
6115,35,0.00,128
6116,36,0.00,128
6117,37,0.00,128
6118,38,0.00,128
6119,39,0.00,128
6120,40,0.00,128
6121,41,0.00,128
6122,42,0.00,128
6123,43,0.00,128
6124,44,0.00,128
6125,45,0.00,128
6126,46,0.00,128
6127,47,0.00,128
6128,48,0.00,128
6129,49,0.00,128
6130,50,0.00,128
6131,51,0.00,128
6132,52,0.00,128
6133,53,0.00,128
6134,54,0.00,128
6135,55,0.00,128
6136,56,0.00,128
6137,57,0.00,128
6138,58,0.00,128
6139,59,0.00,128
6140,60,0.00,128
6141,61,0.00,128
6142,62,0.00,128
6143,63,0.00,128
6144,64,0.00,128
6145,65,0.00,128
6146,66,0.00,128
6147,67,0.00,128
6148,68,0.00,128
6149,69,0.00,128
6150,70,0.00,128
6151,71,0.00,128
6152,72,0.00,128
6153,73,0.00,128
6154,74,0.00,128
6155,75,0.00,128
6156,76,0.00,128
6157,77,0.00,128
6158,78,0.00,128
6159,79,0.00,128
6160,80,0.00,128
6161,81,0.00,128
6162,82,0.00,128
6163,83,0.00,128
6164,84,0.00,128
6165,85,0.00,128
6166,86,0.00,128
6167,87,0.00,128
6168,88,0.00,128
6169,89,0.00,128
6170,90,0.00,128
6171,91,0.00,128
6172,92,0.00,128
6173,93,0.00,128
6174,94,0.00,128
6175,95,0.00,128
6176,96,0.00,128
6177,97,0.00,128
6178,98,0.00,128
6179,99,0.00,128
6180,100,0.00,128
6181,101,0.00,128
6182,102,0.00,128
6183,103,0.00,128
6184,104,0.00,128
6185,105,0.00,128
6186,106,0.00,128
6187,107,0.00,128
6188,108,0.00,128
6189,109,0.00,128
6190,110,0.00,128
6191,111,0.00,128
6192,112,0.00,128
6193,113,0.00,128
6194,114,0.00,128
6195,115,0.00,128
6196,116,0.00,128
6197,117,0.00,128
6198,118,0.00,128
6199,119,0.00,128
6200,120,0.00,128
6201,121,0.00,128
6202,122,0.00,128
6203,123,0.00,128
6204,124,0.00,128
6205,125,0.00,128
6206,126,0.00,128
6207,127,0.00,128
6208,0,0.00,128
6209,1,0.00,128
6210,2,0.00,128
6211,3,0.00,128
6212,4,0.00,128
6213,5,0.00,128
6214,6,0.00,128
6215,7,0.00,128
6216,8,0.00,128
6217,9,0.00,128
6218,10,0.00,128
6219,11,0.00,128
6220,12,0.00,128
6221,13,0.00,128
6222,14,0.00,128
6223,15,0.00,128
6224,16,0.00,128
6225,17,0.00,128
6226,18,0.00,128
6227,19,0.00,128
6228,20,0.00,128
6229,21,0.00,128
6230,22,0.00,128
6231,23,0.00,128
6232,24,0.00,128
6233,25,0.00,128
6234,26,0.00,128
6235,27,0.00,128
6236,28,0.00,128
6237,29,0.00,128
6238,30,0.00,128
6239,31,0.00,128
6240,32,0.00,128
6241,33,0.00,128
6242,34,0.00,128
6243,35,0.00,128
6244,36,0.00,128
6245,37,0.00,128
6246,38,0.00,128
6247,39,0.00,128
6248,40,0.00,128
6249,41,0.00,128
6250,42,0.00,128
6251,43,0.00,128
6252,44,0.00,128
6253,45,0.00,128
6254,46,0.00,128
6255,47,0.00,128
6256,48,0.00,128
6257,49,0.00,128
6258,50,0.00,128
6259,51,0.00,128
6260,52,0.00,128
6261,53,0.00,128
6262,54,0.00,128
6263,55,0.00,128
6264,56,0.00,128
6265,57,0.00,128
6266,58,0.00,128
6267,59,0.00,128
6268,60,41.67,128
6269,61,0.00,128
6270,62,0.00,128
6271,63,0.00,128
6272,64,0.00,128
6273,65,0.00,128
6274,66,0.00,128
6275,67,0.00,128
6276,68,0.00,128
6277,69,0.00,128
6278,70,0.00,128
6279,71,0.00,128
6280,72,0.00,128
6281,73,0.00,128
6282,74,0.00,128
6283,75,0.00,128
6284,76,0.00,128
6285,77,0.00,128
6286,78,0.00,128
6287,79,0.00,128
6288,80,0.00,128
6289,81,0.00,128
6290,82,0.00,128
6291,83,0.00,128
6292,84,0.00,128
6293,85,0.00,128
6294,86,0.00,128
6295,87,0.00,128
6296,88,0.00,128
6297,89,0.00,128
6298,90,0.00,128
6299,91,0.00,128
6300,92,0.00,128
6301,93,0.00,128
6302,94,0.00,128
6303,95,0.00,128
6304,96,0.00,128
6305,97,0.00,128
6306,98,0.00,128
6307,99,0.00,128
6308,100,0.00,128
6309,101,0.00,128
6310,102,0.00,128
6311,103,0.00,128
6312,104,0.00,128
6313,105,0.00,128
6314,106,0.00,128
6315,107,0.00,128
6316,108,0.00,128
6317,109,0.00,128
6318,110,0.00,128
6319,111,0.00,128
6320,112,0.00,128
6321,113,0.00,128
6322,114,0.00,128
6323,115,0.00,128
6324,116,0.00,128
6325,117,0.00,128
6326,118,0.00,128
6327,119,0.00,128
6328,120,0.00,128
6329,121,0.00,128
6330,122,0.00,128
6331,123,0.00,128
6332,124,0.00,128
6333,125,0.00,128
6334,126,0.00,128
6335,127,0.00,128
6336,0,0.00,128
6337,1,0.00,128
6338,2,0.00,128
6339,3,0.00,128
6340,4,0.00,128
6341,5,0.00,128
6342,6,0.00,128
6343,7,0.00,128
6344,8,0.00,128
6345,9,0.00,128
6346,10,0.00,128
6347,11,0.00,128
6348,12,0.00,128
6349,13,0.00,128
6350,14,0.00,128
6351,15,0.00,128
6352,16,0.00,128
6353,17,0.00,128
6354,18,0.00,128
6355,19,0.00,128
6356,20,0.00,128
6357,21,0.00,128
6358,22,0.00,128
6359,23,0.00,128
6360,24,0.00,128
6361,25,0.00,128
6362,26,0.00,128
6363,27,0.00,128
6364,28,0.00,128
6365,29,0.00,128
6366,30,0.00,128
6367,31,0.00,128
6368,32,0.00,128
6369,33,0.00,128
6370,34,0.00,128
6371,35,0.00,128
6372,36,0.00,128
6373,37,0.00,128
6374,38,0.00,128
6375,39,0.00,128
6376,40,0.00,128
6377,41,0.00,128
6378,42,0.00,128
6379,43,0.00,128
6380,44,0.00,128
6381,45,0.00,128
6382,46,0.00,128
6383,47,0.00,128
6384,48,0.00,128
6385,49,0.00,128
6386,50,0.00,128
6387,51,0.00,128
6388,52,0.00,128
6389,53,0.00,128
6390,54,0.00,128
6391,55,0.00,128
6392,56,0.00,128
6393,57,0.00,128
6394,58,0.00,128
6395,59,0.00,128
6396,60,0.00,128
6397,61,0.00,128
6398,62,0.00,128
6399,63,0.00,128
6400,64,0.00,128
6401,65,0.00,128
6402,66,0.00,128
6403,67,0.00,128
6404,68,0.00,128
6405,69,0.00,128
6406,70,0.00,128
6407,71,0.00,128
6408,72,0.00,128
6409,73,0.00,128
6410,74,0.00,128
6411,75,0.00,128
6412,76,0.00,128
6413,77,0.00,128
6414,78,0.00,128
6415,79,0.00,128
6416,80,0.00,128
6417,81,0.00,128
6418,82,0.00,128
6419,83,0.00,128
6420,84,0.00,128
6421,85,0.00,128
6422,86,0.00,128
6423,87,0.00,128
6424,88,0.00,128
6425,89,0.00,128
6426,90,0.00,128
6427,91,0.00,128
6428,92,0.00,128
6429,93,0.00,128
6430,94,0.00,128
6431,95,0.00,128
6432,96,0.00,128
6433,97,0.00,128
6434,98,0.00,128
6435,99,0.00,128
6436,100,0.00,128
6437,101,0.00,128
6438,102,0.00,128
6439,103,0.00,128
6440,104,0.00,128
6441,105,0.00,128
6442,106,0.00,128
6443,107,0.00,128
6444,108,0.00,128
6445,109,0.00,128
6446,110,0.00,128
6447,111,0.00,128
6448,112,0.00,128
6449,113,0.00,128
6450,114,0.00,128
6451,115,0.00,128
6452,116,0.00,128
6453,117,0.00,128
6454,118,0.00,128
6455,119,0.00,128
6456,120,0.00,128
6457,121,0.00,128
6458,122,0.00,128
6459,123,0.00,128
6460,124,0.00,128
6461,125,0.00,128
6462,126,0.00,128
6463,127,0.00,128
6464,0,0.00,128
6465,1,0.00,128
6466,2,0.00,128
6467,3,0.00,128
6468,4,0.00,128
6469,5,0.00,128
6470,6,0.00,128
6471,7,0.00,128
6472,8,0.00,128
6473,9,0.00,128
6474,10,0.00,128
6475,11,0.00,128
6476,12,0.00,128
6477,13,0.00,128
6478,14,0.00,128
6479,15,0.00,128
6480,16,0.00,128
6481,17,0.00,128
6482,18,0.00,128
6483,19,0.00,128
6484,20,0.00,128
6485,21,0.00,128
6486,22,0.00,128
6487,23,0.00,128
6488,24,0.00,128
6489,25,0.00,128
6490,26,0.00,128
6491,27,0.00,128
6492,28,0.00,128
6493,29,0.00,128
6494,30,0.00,128
6495,31,0.00,128
6496,32,0.00,128
6497,33,0.00,128
6498,34,0.00,128
6499,35,0.00,128
6500,36,0.00,128
6501,37,0.00,128
6502,38,0.00,128
6503,39,0.00,128
6504,40,0.00,128
6505,41,0.00,128
6506,42,0.00,128
6507,43,0.00,128
6508,44,0.00,128
6509,45,0.00,128
6510,46,0.00,128
6511,47,0.00,128
6512,48,0.00,128
6513,49,0.00,128
6514,50,0.00,128
6515,51,0.00,128
6516,52,0.00,128
6517,53,0.00,128
6518,54,0.00,128
6519,55,0.00,128
6520,56,0.00,128
6521,57,0.00,128
6522,58,0.00,128
6523,59,0.00,128
6524,60,0.00,128
6525,61,0.00,128
6526,62,0.00,128
6527,63,0.00,128
6528,64,0.00,128
6529,65,0.00,128
6530,66,0.00,128
6531,67,0.00,128
6532,68,0.00,128
6533,69,0.00,128
6534,70,0.00,128
6535,71,0.00,128
6536,72,0.00,128
6537,73,0.00,128
6538,74,0.00,128
6539,75,0.00,128
6540,76,0.00,128
6541,77,0.00,128
6542,78,0.00,128
6543,79,0.00,128
6544,80,0.00,128
6545,81,0.00,128
6546,82,0.00,128
6547,83,0.00,128
6548,84,0.00,128
6549,85,0.00,128
6550,86,0.00,128
6551,87,0.00,128
6552,88,0.00,128
6553,89,0.00,128
6554,90,0.00,128
6555,91,0.00,128
6556,92,0.00,128
6557,93,0.00,128
6558,94,0.00,128
6559,95,0.00,128
6560,96,0.00,128
6561,97,0.00,128
6562,98,0.00,128
6563,99,0.00,128
6564,100,0.00,128
6565,101,0.00,128
6566,102,0.00,128
6567,103,0.00,128
6568,104,0.00,128
6569,105,0.00,128
6570,106,0.00,128
6571,107,0.00,128
6572,108,0.00,128
6573,109,0.00,128
6574,110,0.00,128
6575,111,0.00,128
6576,112,0.00,128
6577,113,0.00,128
6578,114,0.00,128
6579,115,0.00,128
6580,116,0.00,128
6581,117,0.00,128
6582,118,0.00,128
6583,119,0.00,128
6584,120,0.00,128
6585,121,0.00,128
6586,122,0.00,128
6587,123,0.00,128
6588,124,0.00,128
6589,125,0.00,128
6590,126,0.00,128
6591,127,0.00,128
6592,0,0.00,128
6593,1,0.00,128
6594,2,0.00,128
6595,3,0.00,128
6596,4,0.00,128
6597,5,0.00,128
6598,6,0.00,128
6599,7,0.00,128
6600,8,0.00,128
6601,9,0.00,128
6602,10,0.00,128
6603,11,0.00,128
6604,12,0.00,128
6605,13,0.00,128
6606,14,0.00,128
6607,15,0.00,128
6608,16,0.00,128
6609,17,0.00,128
6610,18,0.00,128
6611,19,0.00,128
6612,20,0.00,128
6613,21,0.00,128
6614,22,0.00,128
6615,23,0.00,128
6616,24,0.00,128
6617,25,0.00,128
6618,26,0.00,128
6619,27,0.00,128
6620,28,0.00,128
6621,29,0.00,128
6622,30,0.00,128
6623,31,0.00,128
6624,32,0.00,128
6625,33,0.00,128
6626,34,0.00,128
6627,35,0.00,128
6628,36,0.00,128
6629,37,0.00,128
6630,38,0.00,128
6631,39,0.00,128
6632,40,0.00,128
6633,41,0.00,128
6634,42,0.00,128
6635,43,0.00,128
6636,44,0.00,128
6637,45,0.00,128
6638,46,0.00,128
6639,47,0.00,128
6640,48,0.00,128
6641,49,0.00,128
6642,50,0.00,128
6643,51,0.00,128
6644,52,0.00,128
6645,53,0.00,128
6646,54,0.00,128
6647,55,0.00,128
6648,56,0.00,128
6649,57,0.00,128
6650,58,0.00,128
6651,59,0.00,128
6652,60,0.00,128
6653,61,0.00,128
6654,62,0.00,128
6655,63,0.00,128
6656,64,0.00,128
6657,65,0.00,128
6658,66,0.00,128
6659,67,0.00,128
6660,68,0.00,128
6661,69,0.00,128
6662,70,0.00,128
6663,71,0.00,128
6664,72,0.00,128
6665,73,0.00,128
6666,74,0.00,128
6667,75,0.00,128
6668,76,0.00,128
6669,77,0.00,128
6670,78,0.00,128
6671,79,0.00,128
6672,80,0.00,128
6673,81,0.00,128
6674,82,0.00,128
6675,83,0.00,128
6676,84,0.00,128
6677,85,0.00,128
6678,86,0.00,128
6679,87,0.00,128
6680,88,0.00,128
6681,89,0.00,128
6682,90,0.00,128
6683,91,0.00,128
6684,92,0.00,128
6685,93,0.00,128
6686,94,0.00,128
6687,95,0.00,128
6688,96,0.00,128
6689,97,0.00,128
6690,98,0.00,128
6691,99,0.00,128
6692,100,0.00,128
6693,101,0.00,128
6694,102,0.00,128
6695,103,0.00,128
6696,104,0.00,128
6697,105,0.00,128
6698,106,0.00,128
6699,107,0.00,128
6700,108,0.00,128
6701,109,0.00,128
6702,110,0.00,128
6703,111,0.00,128
6704,112,0.00,128
6705,113,0.00,128
6706,114,0.00,128
6707,115,0.00,128
6708,116,0.00,128
6709,117,0.00,128
6710,118,0.00,128
6711,119,0.00,128
6712,120,0.00,128
6713,121,0.00,128
6714,122,0.00,128
6715,123,0.00,128
6716,124,0.00,128
6717,125,0.00,128
6718,126,0.00,128
6719,127,0.00,128
6720,0,0.00,128
6721,1,0.00,128
6722,2,0.00,128
6723,3,0.00,128
6724,4,0.00,128
6725,5,0.00,128
6726,6,0.00,128
6727,7,0.00,128
6728,8,0.00,128
6729,9,0.00,128
6730,10,0.00,128
6731,11,0.00,128
6732,12,0.00,128
6733,13,0.00,128
6734,14,0.00,128
6735,15,0.00,128
6736,16,0.00,128
6737,17,0.00,128
6738,18,0.00,128
6739,19,0.00,128
6740,20,0.00,128
6741,21,0.00,128
6742,22,0.00,128
6743,23,0.00,128
6744,24,0.00,128
6745,25,0.00,128
6746,26,0.00,128
6747,27,0.00,128
6748,28,0.00,128
6749,29,0.00,128
6750,30,0.00,128
6751,31,0.00,128
6752,32,0.00,128
6753,33,0.00,128
6754,34,0.00,128
6755,35,0.00,128
6756,36,0.00,128
6757,37,0.00,128
6758,38,0.00,128
6759,39,0.00,128
6760,40,0.00,128
6761,41,0.00,128
6762,42,0.00,128
6763,43,0.00,128
6764,44,0.00,128
6765,45,0.00,128
6766,46,0.00,128
6767,47,0.00,128
6768,48,0.00,128
6769,49,0.00,128
6770,50,0.00,128
6771,51,0.00,128
6772,52,0.00,128
6773,53,0.00,128
6774,54,0.00,128
6775,55,0.00,128
6776,56,0.00,128
6777,57,0.00,128
6778,58,0.00,128
6779,59,0.00,128
6780,60,0.00,128
6781,61,0.00,128
6782,62,0.00,128
6783,63,0.00,128
6784,64,0.00,128
6785,65,0.00,128
6786,66,0.00,128
6787,67,0.00,128
6788,68,0.00,128
6789,69,0.00,128
6790,70,0.00,128
6791,71,0.00,128
6792,72,0.00,128
6793,73,0.00,128
6794,74,0.00,128
6795,75,0.00,128
6796,76,0.00,128
6797,77,0.00,128
6798,78,0.00,128
6799,79,0.00,128
6800,80,0.00,128
6801,81,0.00,128
6802,82,0.00,128
6803,83,0.00,128
6804,84,0.00,128
6805,85,0.00,128
6806,86,0.00,128
6807,87,0.00,128
6808,88,0.00,128
6809,89,0.00,128
6810,90,0.00,128
6811,91,0.00,128
6812,92,0.00,128
6813,93,0.00,128
6814,94,0.00,128
6815,95,0.00,128
6816,96,0.00,128
6817,97,0.00,128
6818,98,0.00,128
6819,99,0.00,128
6820,100,0.00,128
6821,101,0.00,128
6822,102,0.00,128
6823,103,0.00,128
6824,104,0.00,128
6825,105,0.00,128
6826,106,0.00,128
6827,107,0.00,128
6828,108,0.00,128
6829,109,0.00,128
6830,110,0.00,128
6831,111,0.00,128
6832,112,0.00,128
6833,113,0.00,128
6834,114,0.00,128
6835,115,0.00,128
6836,116,0.00,128
6837,117,0.00,128
6838,118,0.00,128
6839,119,0.00,128
6840,120,0.00,128
6841,121,0.00,128
6842,122,0.00,128
6843,123,0.00,128
6844,124,0.00,128
6845,125,0.00,128
6846,126,0.00,128
6847,127,0.00,128
6848,0,0.00,128
6849,1,0.00,128
6850,2,0.00,128
6851,3,0.00,128
6852,4,0.00,128
6853,5,0.00,128
6854,6,0.00,128
6855,7,0.00,128
6856,8,0.00,128
6857,9,0.00,128
6858,10,0.00,128
6859,11,0.00,128
6860,12,0.00,128
6861,13,0.00,128
6862,14,0.00,128
6863,15,0.00,128
6864,16,0.00,128
6865,17,0.00,128
6866,18,0.00,128
6867,19,0.00,128
6868,20,0.00,128
6869,21,0.00,128
6870,22,0.00,128
6871,23,0.00,128
6872,24,0.00,128
6873,25,0.00,128
6874,26,0.00,128
6875,27,0.00,128
6876,28,0.00,128
6877,29,0.00,128
6878,30,0.00,128
6879,31,0.00,128
6880,32,0.00,128
6881,33,0.00,128
6882,34,0.00,128
6883,35,0.00,128
6884,36,0.00,128
6885,37,0.00,128
6886,38,0.00,128
6887,39,0.00,128
6888,40,0.00,128
6889,41,0.00,128
6890,42,0.00,128
6891,43,0.00,128
6892,44,0.00,128
6893,45,0.00,128
6894,46,0.00,128
6895,47,41.67,128
6896,48,0.00,128
6897,49,0.00,128
6898,50,0.00,128
6899,51,0.00,128
6900,52,0.00,128
6901,53,0.00,128
6902,54,0.00,128
6903,55,0.00,128
6904,56,0.00,128
6905,57,0.00,128
6906,58,0.00,128
6907,59,0.00,128
6908,60,0.00,128
6909,61,0.00,128
6910,62,0.00,128
6911,63,0.00,128
6912,64,0.00,128
6913,65,0.00,128
6914,66,0.00,128
6915,67,0.00,128
6916,68,0.00,128
6917,69,0.00,128
6918,70,0.00,128
6919,71,0.00,128
6920,72,0.00,128
6921,73,0.00,128
6922,74,0.00,128
6923,75,0.00,128
6924,76,0.00,128
6925,77,0.00,128
6926,78,0.00,128
6927,79,0.00,128
6928,80,0.00,128
6929,81,0.00,128
6930,82,0.00,128
6931,83,0.00,128
6932,84,0.00,128
6933,85,0.00,128
6934,86,0.00,128
6935,87,0.00,128
6936,88,0.00,128
6937,89,0.00,128
6938,90,0.00,128
6939,91,0.00,128
6940,92,0.00,128
6941,93,0.00,128
6942,94,0.00,128
6943,95,0.00,128
6944,96,0.00,128
6945,97,0.00,128
6946,98,0.00,128
6947,99,0.00,128
6948,100,0.00,128
6949,101,0.00,128
6950,102,0.00,128
6951,103,0.00,128
6952,104,0.00,128
6953,105,0.00,128
6954,106,0.00,128
6955,107,0.00,128
6956,108,0.00,128
6957,109,0.00,128
6958,110,0.00,128
6959,111,0.00,128
6960,112,0.00,128
6961,113,0.00,128
6962,114,0.00,128
6963,115,0.00,128
6964,116,0.00,128
6965,117,0.00,128
6966,118,0.00,128
6967,119,0.00,128
6968,120,0.00,128
6969,121,0.00,128
6970,122,0.00,128
6971,123,0.00,128
6972,124,0.00,128
6973,125,0.00,128
6974,126,0.00,128
6975,127,0.00,128
6976,0,0.00,128
6977,1,0.00,128
6978,2,0.00,128
6979,3,0.00,128
6980,4,0.00,128
6981,5,0.00,128
6982,6,0.00,128
6983,7,0.00,128
6984,8,0.00,128
6985,9,0.00,128
6986,10,0.00,128
6987,11,0.00,128
6988,12,0.00,128
6989,13,0.00,128
6990,14,0.00,128
6991,15,0.00,128
6992,16,0.00,128
6993,17,0.00,128
6994,18,0.00,128
6995,19,0.00,128
6996,20,0.00,128
6997,21,0.00,128
6998,22,0.00,128
6999,23,0.00,128
7000,24,0.00,128
7001,25,0.00,128
7002,26,0.00,128
7003,27,0.00,128
7004,28,0.00,128
7005,29,0.00,128
7006,30,0.00,128
7007,31,0.00,128
7008,32,0.00,128
7009,33,0.00,128
7010,34,0.00,128
7011,35,0.00,128
7012,36,0.00,128
7013,37,0.00,128
7014,38,0.00,128
7015,39,0.00,128
7016,40,0.00,128
7017,41,0.00,128
7018,42,0.00,128
7019,43,0.00,128
7020,44,0.00,128
7021,45,0.00,128
7022,46,0.00,128
7023,47,0.00,128
7024,48,0.00,128
7025,49,0.00,128
7026,50,0.00,128
7027,51,0.00,128
7028,52,0.00,128
7029,53,0.00,128
7030,54,0.00,128
7031,55,0.00,128
7032,56,0.00,128
7033,57,0.00,128
7034,58,0.00,128
7035,59,0.00,128
7036,60,0.00,128
7037,61,0.00,128
7038,62,0.00,128
7039,63,0.00,128
7040,64,0.00,128
7041,65,0.00,128
7042,66,0.00,128
7043,67,0.00,128
7044,68,0.00,128
7045,69,0.00,128
7046,70,0.00,128
7047,71,0.00,128
7048,72,0.00,128
7049,73,0.00,128
7050,74,0.00,128
7051,75,0.00,128
7052,76,0.00,128
7053,77,0.00,128
7054,78,0.00,128
7055,79,0.00,128
7056,80,0.00,128
7057,81,0.00,128
7058,82,0.00,128
7059,83,0.00,128
7060,84,0.00,128
7061,85,0.00,128
7062,86,0.00,128
7063,87,0.00,128
7064,88,0.00,128
7065,89,0.00,128
7066,90,0.00,128
7067,91,0.00,128
7068,92,0.00,128
7069,93,0.00,128
7070,94,0.00,128
7071,95,0.00,128
7072,96,0.00,128
7073,97,0.00,128
7074,98,0.00,128
7075,99,0.00,128
7076,100,0.00,128
7077,101,0.00,128
7078,102,0.00,128
7079,103,0.00,128
7080,104,0.00,128
7081,105,0.00,128
7082,106,0.00,128
7083,107,0.00,128
7084,108,0.00,128
7085,109,0.00,128
7086,110,0.00,128
7087,111,0.00,128
7088,112,0.00,128
7089,113,0.00,128
7090,114,0.00,128
7091,115,0.00,128
7092,116,0.00,128
7093,117,0.00,128
7094,118,0.00,128
7095,119,0.00,128
7096,120,0.00,128
7097,121,0.00,128
7098,122,0.00,128
7099,123,0.00,128
7100,124,0.00,128
7101,125,0.00,128
7102,126,0.00,128
7103,127,0.00,128
7104,0,0.00,128
7105,1,0.00,128
7106,2,0.00,128
7107,3,0.00,128
7108,4,0.00,128
7109,5,0.00,128
7110,6,0.00,128
7111,7,0.00,128
7112,8,0.00,128
7113,9,0.00,128
7114,10,0.00,128
7115,11,0.00,128
7116,12,0.00,128
7117,13,0.00,128
7118,14,0.00,128
7119,15,0.00,128
7120,16,0.00,128
7121,17,0.00,128
7122,18,0.00,128
7123,19,0.00,128
7124,20,0.00,128
7125,21,0.00,128
7126,22,0.00,128
7127,23,0.00,128
7128,24,0.00,128
7129,25,0.00,128
7130,26,0.00,128
7131,27,0.00,128
7132,28,0.00,128
7133,29,0.00,128
7134,30,0.00,128
7135,31,0.00,128
7136,32,0.00,128
7137,33,0.00,128
7138,34,0.00,128
7139,35,0.00,128
7140,36,0.00,128
7141,37,0.00,128
7142,38,0.00,128
7143,39,0.00,128
7144,40,0.00,128
7145,41,0.00,128
7146,42,0.00,128
7147,43,0.00,128
7148,44,0.00,128
7149,45,0.00,128
7150,46,0.00,128
7151,47,0.00,128
7152,48,0.00,128
7153,49,0.00,128
7154,50,0.00,128
7155,51,0.00,128
7156,52,0.00,128
7157,53,0.00,128
7158,54,0.00,128
7159,55,0.00,128
7160,56,0.00,128
7161,57,0.00,128
7162,58,0.00,128
7163,59,0.00,128
7164,60,0.00,128
7165,61,0.00,128
7166,62,0.00,128
7167,63,0.00,128
7168,64,0.00,128
7169,65,0.00,128
7170,66,0.00,128
7171,67,0.00,128
7172,68,0.00,128
7173,69,0.00,128
7174,70,0.00,128
7175,71,0.00,128
7176,72,0.00,128
7177,73,0.00,128
7178,74,0.00,128
7179,75,0.00,128
7180,76,0.00,128
7181,77,0.00,128
7182,78,0.00,128
7183,79,0.00,128
7184,80,0.00,128
7185,81,0.00,128
7186,82,0.00,128
7187,83,0.00,128
7188,84,0.00,128
7189,85,0.00,128
7190,86,0.00,128
7191,87,0.00,128
7192,88,0.00,128
7193,89,0.00,128
7194,90,0.00,128
7195,91,0.00,128
7196,92,0.00,128
7197,93,0.00,128
7198,94,0.00,128
7199,95,0.00,128
7200,96,0.00,128
7201,97,0.00,128
7202,98,0.00,128
7203,99,0.00,128
7204,100,0.00,128
7205,101,0.00,128
7206,102,0.00,128
7207,103,0.00,128
7208,104,0.00,128
7209,105,0.00,128
7210,106,0.00,128
7211,107,0.00,128
7212,108,0.00,128
7213,109,0.00,128
7214,110,0.00,128
7215,111,0.00,128
7216,112,0.00,128
7217,113,0.00,128
7218,114,0.00,128
7219,115,0.00,128
7220,116,0.00,128
7221,117,0.00,128
7222,118,0.00,128
7223,119,0.00,128
7224,120,0.00,128
7225,121,0.00,128
7226,122,0.00,128
7227,123,0.00,128
7228,124,0.00,128
7229,125,0.00,128
7230,126,0.00,128
7231,127,0.00,128
7232,0,0.00,128
7233,1,0.00,128
7234,2,0.00,128
7235,3,0.00,128
7236,4,0.00,128
7237,5,0.00,128
7238,6,0.00,128
7239,7,0.00,128
7240,8,0.00,128
7241,9,0.00,128
7242,10,0.00,128
7243,11,0.00,128
7244,12,0.00,128
7245,13,0.00,128
7246,14,0.00,128
7247,15,0.00,128
7248,16,0.00,128
7249,17,0.00,128
7250,18,0.00,128
7251,19,0.00,128
7252,20,0.00,128
7253,21,0.00,128
7254,22,0.00,128
7255,23,0.00,128
7256,24,0.00,128
7257,25,0.00,128
7258,26,0.00,128
7259,27,0.00,128
7260,28,0.00,128
7261,29,0.00,128
7262,30,0.00,128
7263,31,0.00,128
7264,32,0.00,128
7265,33,0.00,128
7266,34,0.00,128
7267,35,0.00,128
7268,36,41.67,128
7269,37,0.00,128
7270,38,0.00,128
7271,39,0.00,128
7272,40,0.00,128
7273,41,0.00,128
7274,42,0.00,128
7275,43,0.00,128
7276,44,0.00,128
7277,45,0.00,128
7278,46,0.00,128
7279,47,0.00,128
7280,48,0.00,128
7281,49,0.00,128
7282,50,0.00,128
7283,51,0.00,128
7284,52,0.00,128
7285,53,0.00,128
7286,54,0.00,128
7287,55,0.00,128
7288,56,0.00,128
7289,57,0.00,128
7290,58,0.00,128
7291,59,0.00,128
7292,60,41.67,128
7293,61,0.00,128
7294,62,0.00,128
7295,63,0.00,128
7296,64,0.00,128
7297,65,0.00,128
7298,66,0.00,128
7299,67,0.00,128
7300,68,0.00,128
7301,69,0.00,128
7302,70,0.00,128
7303,71,0.00,128
7304,72,0.00,128
7305,73,0.00,128
7306,74,0.00,128
7307,75,0.00,128
7308,76,0.00,128
7309,77,0.00,128
7310,78,0.00,128
7311,79,0.00,128
7312,80,0.00,128
7313,81,0.00,128
7314,82,0.00,128
7315,83,0.00,128
7316,84,0.00,128
7317,85,0.00,128
7318,86,0.00,128
7319,87,0.00,128
7320,88,0.00,128
7321,89,0.00,128
7322,90,0.00,128
7323,91,0.00,128
7324,92,0.00,128
7325,93,0.00,128
7326,94,0.00,128
7327,95,0.00,128
7328,96,0.00,128
7329,97,0.00,128
7330,98,0.00,128
7331,99,0.00,128
7332,100,0.00,128
7333,101,0.00,128
7334,102,0.00,128
7335,103,0.00,128
7336,104,0.00,128
7337,105,0.00,128
7338,106,0.00,128
7339,107,0.00,128
7340,108,0.00,128
7341,109,0.00,128
7342,110,0.00,128
7343,111,0.00,128
7344,112,0.00,128
7345,113,0.00,128
7346,114,0.00,128
7347,115,0.00,128
7348,116,0.00,128
7349,117,41.67,128
7350,118,0.00,128
7351,119,0.00,128
7352,120,0.00,128
7353,121,0.00,128
7354,122,0.00,128
7355,123,0.00,128
7356,124,0.00,128
7357,125,0.00,128
7358,126,0.00,128
7359,127,0.00,128
7360,0,0.00,128
7361,1,0.00,128
7362,2,0.00,128
7363,3,0.00,128
7364,4,0.00,128
7365,5,0.00,128
7366,6,0.00,128
7367,7,0.00,128
7368,8,0.00,128
7369,9,0.00,128
7370,10,0.00,128
7371,11,0.00,128
7372,12,0.00,128
7373,13,0.00,128
7374,14,0.00,128
7375,15,0.00,128
7376,16,0.00,128
7377,17,0.00,128
7378,18,0.00,128
7379,19,0.00,128
7380,20,0.00,128
7381,21,0.00,128
7382,22,0.00,128
7383,23,0.00,128
7384,24,0.00,128
7385,25,0.00,128
7386,26,0.00,128
7387,27,0.00,128
7388,28,0.00,128
7389,29,0.00,128
7390,30,0.00,128
7391,31,0.00,128
7392,32,0.00,128
7393,33,0.00,128
7394,34,0.00,128
7395,35,41.67,128
7396,36,0.00,128
7397,37,0.00,128
7398,38,0.00,128
7399,39,0.00,128
7400,40,0.00,128
7401,41,0.00,128
7402,42,0.00,128
7403,43,0.00,128
7404,44,0.00,128
7405,45,0.00,128
7406,46,0.00,128
7407,47,0.00,128
7408,48,0.00,128
7409,49,0.00,128
7410,50,0.00,128
7411,51,0.00,128
7412,52,0.00,128
7413,53,0.00,128
7414,54,0.00,128
7415,55,0.00,128
7416,56,0.00,128
7417,57,0.00,128
7418,58,0.00,128
7419,59,0.00,128
7420,60,0.00,128
7421,61,0.00,128
7422,62,0.00,128
7423,63,0.00,128
7424,64,0.00,128
7425,65,0.00,128
7426,66,0.00,128
7427,67,0.00,128
7428,68,0.00,128
7429,69,0.00,128
7430,70,0.00,128
7431,71,0.00,128
7432,72,0.00,128
7433,73,0.00,128
7434,74,41.67,128
7435,75,0.00,128
7436,76,0.00,128
7437,77,0.00,128
7438,78,0.00,128
7439,79,0.00,128
7440,80,0.00,128
7441,81,0.00,128
7442,82,0.00,128
7443,83,0.00,128
7444,84,0.00,128
7445,85,0.00,128
7446,86,0.00,128
7447,87,0.00,128
7448,88,0.00,128
7449,89,0.00,128
7450,90,0.00,128
7451,91,0.00,128
7452,92,0.00,128
7453,93,0.00,128
7454,94,0.00,128
7455,95,0.00,128
7456,96,0.00,128
7457,97,0.00,128
7458,98,0.00,128
7459,99,0.00,128
7460,100,0.00,128
7461,101,0.00,128
7462,102,0.00,128
7463,103,0.00,128
7464,104,0.00,128
7465,105,0.00,128
7466,106,0.00,128
7467,107,0.00,128
7468,108,0.00,128
7469,109,0.00,128
7470,110,0.00,128
7471,111,0.00,128
7472,112,0.00,128
7473,113,0.00,128
7474,114,0.00,128
7475,115,0.00,128
7476,116,0.00,128
7477,117,0.00,128
7478,118,0.00,128
7479,119,0.00,128
7480,120,0.00,128
7481,121,0.00,128
7482,122,0.00,128
7483,123,0.00,128
7484,124,0.00,128
7485,125,0.00,128
7486,126,0.00,128
7487,127,0.00,128
7488,0,0.00,128
7489,1,0.00,128
7490,2,0.00,128
7491,3,0.00,128
7492,4,0.00,128
7493,5,0.00,128
7494,6,0.00,128
7495,7,0.00,128
7496,8,0.00,128
7497,9,0.00,128
7498,10,0.00,128
7499,11,0.00,128
7500,12,0.00,128
7501,13,0.00,128
7502,14,0.00,128
7503,15,0.00,128
7504,16,0.00,128
7505,17,0.00,128
7506,18,0.00,128
7507,19,0.00,128
7508,20,0.00,128
7509,21,0.00,128
7510,22,0.00,128
7511,23,0.00,128
7512,24,0.00,128
7513,25,0.00,128
7514,26,0.00,128
7515,27,0.00,128
7516,28,0.00,128
7517,29,0.00,128
7518,30,0.00,128
7519,31,0.00,128
7520,32,0.00,128
7521,33,0.00,128
7522,34,0.00,128
7523,35,0.00,128
7524,36,0.00,128
7525,37,0.00,128
7526,38,0.00,128
7527,39,0.00,128
7528,40,0.00,128
7529,41,0.00,128
7530,42,0.00,128
7531,43,0.00,128
7532,44,0.00,128
7533,45,0.00,128
7534,46,0.00,128
7535,47,0.00,128
7536,48,0.00,128
7537,49,0.00,128
7538,50,0.00,128
7539,51,0.00,128
7540,52,0.00,128
7541,53,0.00,128
7542,54,0.00,128
7543,55,0.00,128
7544,56,0.00,128
7545,57,0.00,128
7546,58,0.00,128
7547,59,0.00,128
7548,60,0.00,128
7549,61,0.00,128
7550,62,0.00,128
7551,63,0.00,128
7552,64,0.00,128
7553,65,0.00,128
7554,66,0.00,128
7555,67,0.00,128
7556,68,0.00,128
7557,69,0.00,128
7558,70,0.00,128
7559,71,0.00,128
7560,72,0.00,128
7561,73,0.00,128
7562,74,0.00,128
7563,75,0.00,128
7564,76,0.00,128
7565,77,0.00,128
7566,78,0.00,128
7567,79,0.00,128
7568,80,0.00,128
7569,81,0.00,128
7570,82,0.00,128
7571,83,0.00,128
7572,84,0.00,128
7573,85,0.00,128
7574,86,0.00,128
7575,87,0.00,128
7576,88,0.00,128
7577,89,0.00,128
7578,90,0.00,128
7579,91,0.00,128
7580,92,0.00,128
7581,93,0.00,128
7582,94,0.00,128
7583,95,0.00,128
7584,96,0.00,128
7585,97,0.00,128
7586,98,0.00,128
7587,99,0.00,128
7588,100,0.00,128
7589,101,0.00,128
7590,102,0.00,128
7591,103,0.00,128
7592,104,0.00,128
7593,105,0.00,128
7594,106,0.00,128
7595,107,0.00,128
7596,108,0.00,128
7597,109,0.00,128
7598,110,0.00,128
7599,111,0.00,128
7600,112,0.00,128
7601,113,0.00,128
7602,114,0.00,128
7603,115,0.00,128
7604,116,0.00,128
7605,117,0.00,128
7606,118,0.00,128
7607,119,0.00,128
7608,120,0.00,128
7609,121,0.00,128
7610,122,0.00,128
7611,123,0.00,128
7612,124,0.00,128
7613,125,0.00,128
7614,126,0.00,128
7615,127,0.00,128
7616,0,0.00,128
7617,1,0.00,128
7618,2,0.00,128
7619,3,0.00,128
7620,4,0.00,128
7621,5,0.00,128
7622,6,0.00,128
7623,7,0.00,128
7624,8,0.00,128
7625,9,0.00,128
7626,10,0.00,128
7627,11,0.00,128
7628,12,0.00,128
7629,13,0.00,128
7630,14,0.00,128
7631,15,0.00,128
7632,16,0.00,128
7633,17,0.00,128
7634,18,0.00,128
7635,19,0.00,128
7636,20,0.00,128
7637,21,0.00,128
7638,22,0.00,128
7639,23,0.00,128
7640,24,0.00,128
7641,25,0.00,128
7642,26,0.00,128
7643,27,0.00,128
7644,28,0.00,128
7645,29,0.00,128
7646,30,0.00,128
7647,31,0.00,128
7648,32,0.00,128
7649,33,0.00,128
7650,34,0.00,128
7651,35,0.00,128
7652,36,0.00,128
7653,37,0.00,128
7654,38,0.00,128
7655,39,0.00,128
7656,40,0.00,128
7657,41,0.00,128
7658,42,0.00,128
7659,43,0.00,128
7660,44,0.00,128
7661,45,0.00,128
7662,46,0.00,128
7663,47,0.00,128
7664,48,0.00,128
7665,49,0.00,128
7666,50,0.00,128
7667,51,0.00,128
7668,52,0.00,128
7669,53,0.00,128
7670,54,0.00,128
7671,55,0.00,128
7672,56,0.00,128
7673,57,0.00,128
7674,58,0.00,128
7675,59,0.00,128
7676,60,0.00,128
7677,61,0.00,128
7678,62,0.00,128
7679,63,0.00,128
7680,64,0.00,128
7681,65,0.00,128
7682,66,0.00,128
7683,67,0.00,128
7684,68,0.00,128
7685,69,0.00,128
7686,70,0.00,128
7687,71,0.00,128
7688,72,0.00,128
7689,73,0.00,128
7690,74,0.00,128
7691,75,0.00,128
7692,76,0.00,128
7693,77,0.00,128
7694,78,0.00,128
7695,79,0.00,128
7696,80,0.00,128
7697,81,0.00,128
7698,82,0.00,128
7699,83,0.00,128
7700,84,0.00,128
7701,85,0.00,128
7702,86,0.00,128
7703,87,0.00,128
7704,88,0.00,128
7705,89,0.00,128
7706,90,0.00,128
7707,91,0.00,128
7708,92,0.00,128
7709,93,0.00,128
7710,94,0.00,128
7711,95,0.00,128
7712,96,0.00,128
7713,97,0.00,128
7714,98,0.00,128
7715,99,0.00,128
7716,100,0.00,128
7717,101,0.00,128
7718,102,0.00,128
7719,103,0.00,128
7720,104,0.00,128
7721,105,0.00,128
7722,106,0.00,128
7723,107,0.00,128
7724,108,0.00,128
7725,109,0.00,128
7726,110,0.00,128
7727,111,0.00,128
7728,112,0.00,128
7729,113,0.00,128
7730,114,0.00,128
7731,115,41.67,128
7732,116,0.00,128
7733,117,0.00,128
7734,118,0.00,128
7735,119,0.00,128
7736,120,0.00,128
7737,121,0.00,128
7738,122,0.00,128
7739,123,0.00,128
7740,124,0.00,128
7741,125,0.00,128
7742,126,0.00,128
7743,127,0.00,128
7744,0,0.00,128
7745,1,0.00,128
7746,2,0.00,128
7747,3,0.00,128
7748,4,0.00,128
7749,5,0.00,128
7750,6,0.00,128
7751,7,0.00,128
7752,8,0.00,128
7753,9,0.00,128
7754,10,0.00,128
7755,11,0.00,128
7756,12,0.00,128
7757,13,0.00,128
7758,14,0.00,128
7759,15,0.00,128
7760,16,0.00,128
7761,17,0.00,128
7762,18,0.00,128
7763,19,0.00,128
7764,20,0.00,128
7765,21,0.00,128
7766,22,0.00,128
7767,23,0.00,128
7768,24,0.00,128
7769,25,0.00,128
7770,26,0.00,128
7771,27,0.00,128
7772,28,0.00,128
7773,29,0.00,128
7774,30,0.00,128
7775,31,0.00,128
7776,32,0.00,128
7777,33,0.00,128
7778,34,0.00,128
7779,35,0.00,128
7780,36,0.00,128
7781,37,0.00,128
7782,38,0.00,128
7783,39,0.00,128
7784,40,0.00,128
7785,41,0.00,128
7786,42,0.00,128
7787,43,0.00,128
7788,44,0.00,128
7789,45,0.00,128
7790,46,0.00,128
7791,47,0.00,128
7792,48,0.00,128
7793,49,0.00,128
7794,50,0.00,128
7795,51,0.00,128
7796,52,0.00,128
7797,53,0.00,128
7798,54,0.00,128
7799,55,0.00,128
7800,56,0.00,128
7801,57,0.00,128
7802,58,0.00,128
7803,59,0.00,128
7804,60,0.00,128
7805,61,0.00,128
7806,62,0.00,128
7807,63,0.00,128
7808,64,0.00,128
7809,65,0.00,128
7810,66,0.00,128
7811,67,0.00,128
7812,68,0.00,128
7813,69,0.00,128
7814,70,0.00,128
7815,71,0.00,128
7816,72,0.00,128
7817,73,0.00,128
7818,74,0.00,128
7819,75,0.00,128
7820,76,0.00,128
7821,77,0.00,128
7822,78,0.00,128
7823,79,0.00,128
7824,80,0.00,128
7825,81,0.00,128
7826,82,0.00,128
7827,83,0.00,128
7828,84,0.00,128
7829,85,0.00,128
7830,86,0.00,128
7831,87,0.00,128
7832,88,0.00,128
7833,89,0.00,128
7834,90,0.00,128
7835,91,0.00,128
7836,92,0.00,128
7837,93,0.00,128
7838,94,0.00,128
7839,95,0.00,128
7840,96,0.00,128
7841,97,0.00,128
7842,98,0.00,128
7843,99,0.00,128
7844,100,0.00,128
7845,101,0.00,128
7846,102,0.00,128
7847,103,0.00,128
7848,104,0.00,128
7849,105,0.00,128
7850,106,0.00,128
7851,107,0.00,128
7852,108,0.00,128
7853,109,0.00,128
7854,110,0.00,128
7855,111,0.00,128
7856,112,0.00,128
7857,113,0.00,128
7858,114,0.00,128
7859,115,0.00,128
7860,116,0.00,128
7861,117,0.00,128
7862,118,0.00,128
7863,119,0.00,128
7864,120,0.00,128
7865,121,0.00,128
7866,122,0.00,128
7867,123,0.00,128
7868,124,0.00,128
7869,125,0.00,128
7870,126,0.00,128
7871,127,0.00,128
7872,0,0.00,128
7873,1,0.00,128
7874,2,0.00,128
7875,3,0.00,128
7876,4,0.00,128
7877,5,0.00,128
7878,6,0.00,128
7879,7,0.00,128
7880,8,0.00,128
7881,9,0.00,128
7882,10,0.00,128
7883,11,0.00,128
7884,12,0.00,128
7885,13,0.00,128
7886,14,0.00,128
7887,15,0.00,128
7888,16,0.00,128
7889,17,0.00,128
7890,18,0.00,128
7891,19,0.00,128
7892,20,0.00,128
7893,21,0.00,128
7894,22,0.00,128
7895,23,0.00,128
7896,24,0.00,128
7897,25,0.00,128
7898,26,0.00,128
7899,27,0.00,128
7900,28,0.00,128
7901,29,0.00,128
7902,30,0.00,128
7903,31,0.00,128
7904,32,0.00,128
7905,33,0.00,128
7906,34,0.00,128
7907,35,0.00,128
7908,36,0.00,128
7909,37,0.00,128
7910,38,0.00,128
7911,39,0.00,128
7912,40,0.00,128
7913,41,0.00,128
7914,42,0.00,128
7915,43,0.00,128
7916,44,0.00,128
7917,45,0.00,128
7918,46,0.00,128
7919,47,0.00,128
7920,48,0.00,128
7921,49,0.00,128
7922,50,0.00,128
7923,51,0.00,128
7924,52,0.00,128
7925,53,0.00,128
7926,54,0.00,128
7927,55,0.00,128
7928,56,0.00,128
7929,57,0.00,128
7930,58,0.00,128
7931,59,0.00,128
7932,60,0.00,128
7933,61,0.00,128
7934,62,0.00,128
7935,63,0.00,128
7936,64,0.00,128
7937,65,0.00,128
7938,66,0.00,128
7939,67,0.00,128
7940,68,0.00,128
7941,69,0.00,128
7942,70,0.00,128
7943,71,0.00,128
7944,72,0.00,128
7945,73,0.00,128
7946,74,0.00,128
7947,75,0.00,128
7948,76,0.00,128
7949,77,0.00,128
7950,78,0.00,128
7951,79,0.00,128
7952,80,0.00,128
7953,81,0.00,128
7954,82,0.00,128
7955,83,0.00,128
7956,84,0.00,128
7957,85,0.00,128
7958,86,0.00,128
7959,87,0.00,128
7960,88,0.00,128
7961,89,0.00,128
7962,90,0.00,128
7963,91,0.00,128
7964,92,0.00,128
7965,93,0.00,128
7966,94,0.00,128
7967,95,0.00,128
7968,96,0.00,128
7969,97,0.00,128
7970,98,0.00,128
7971,99,0.00,128
7972,100,0.00,128
7973,101,0.00,128
7974,102,0.00,128
7975,103,0.00,128
7976,104,0.00,128
7977,105,0.00,128
7978,106,0.00,128
7979,107,0.00,128
7980,108,0.00,128
7981,109,0.00,128
7982,110,0.00,128
7983,111,0.00,128
7984,112,0.00,128
7985,113,0.00,128
7986,114,0.00,128
7987,115,0.00,128
7988,116,0.00,128
7989,117,0.00,128
7990,118,0.00,128
7991,119,0.00,128
7992,120,0.00,128
7993,121,0.00,128
7994,122,0.00,128
7995,123,0.00,128
7996,124,0.00,128
7997,125,0.00,128
7998,126,0.00,128
7999,127,0.00,128
8000,0,0.00,128
8001,1,0.00,128
8002,2,0.00,128
8003,3,0.00,128
8004,4,0.00,128
8005,5,0.00,128
8006,6,0.00,128
8007,7,0.00,128
8008,8,0.00,128
8009,9,0.00,128
8010,10,0.00,128
8011,11,0.00,128
8012,12,0.00,128
8013,13,0.00,128
8014,14,0.00,128
8015,15,0.00,128
8016,16,0.00,128
8017,17,0.00,128
8018,18,0.00,128
8019,19,0.00,128
8020,20,0.00,128
8021,21,0.00,128
8022,22,0.00,128
8023,23,0.00,128
8024,24,0.00,128
8025,25,0.00,128
8026,26,0.00,128
8027,27,0.00,128
8028,28,0.00,128
8029,29,0.00,128
8030,30,0.00,128
8031,31,0.00,128
8032,32,0.00,128
8033,33,0.00,128
8034,34,0.00,128
8035,35,0.00,128
8036,36,0.00,128
8037,37,0.00,128
8038,38,0.00,128
8039,39,0.00,128
8040,40,0.00,128
8041,41,0.00,128
8042,42,0.00,128
8043,43,0.00,128
8044,44,0.00,128
8045,45,0.00,128
8046,46,0.00,128
8047,47,0.00,128
8048,48,0.00,128
8049,49,0.00,128
8050,50,0.00,128
8051,51,0.00,128
8052,52,0.00,128
8053,53,0.00,128
8054,54,0.00,128
8055,55,0.00,128
8056,56,0.00,128
8057,57,0.00,128
8058,58,0.00,128
8059,59,0.00,128
8060,60,0.00,128
8061,61,0.00,128
8062,62,0.00,128
8063,63,0.00,128
8064,64,0.00,128
8065,65,0.00,128
8066,66,0.00,128
8067,67,0.00,128
8068,68,0.00,128
8069,69,0.00,128
8070,70,0.00,128
8071,71,0.00,128
8072,72,0.00,128
8073,73,0.00,128
8074,74,0.00,128
8075,75,0.00,128
8076,76,0.00,128
8077,77,0.00,128
8078,78,0.00,128
8079,79,0.00,128
8080,80,0.00,128
8081,81,0.00,128
8082,82,0.00,128
8083,83,0.00,128
8084,84,0.00,128
8085,85,0.00,128
8086,86,0.00,128
8087,87,0.00,128
8088,88,0.00,128
8089,89,0.00,128
8090,90,0.00,128
8091,91,0.00,128
8092,92,0.00,128
8093,93,0.00,128
8094,94,0.00,128
8095,95,0.00,128
8096,96,0.00,128
8097,97,0.00,128
8098,98,0.00,128
8099,99,0.00,128
8100,100,0.00,128
8101,101,0.00,128
8102,102,41.67,128
8103,103,0.00,128
8104,104,0.00,128
8105,105,0.00,128
8106,106,0.00,128
8107,107,0.00,128
8108,108,0.00,128
8109,109,0.00,128
8110,110,0.00,128
8111,111,0.00,128
8112,112,0.00,128
8113,113,0.00,128
8114,114,0.00,128
8115,115,0.00,128
8116,116,0.00,128
8117,117,0.00,128
8118,118,0.00,128
8119,119,0.00,128
8120,120,0.00,128
8121,121,0.00,128
8122,122,0.00,128
8123,123,0.00,128
8124,124,0.00,128
8125,125,0.00,128
8126,126,0.00,128
8127,127,0.00,128
8128,0,0.00,128
8129,1,0.00,128
8130,2,0.00,128
8131,3,0.00,128
8132,4,0.00,128
8133,5,0.00,128
8134,6,0.00,128
8135,7,0.00,128
8136,8,0.00,128
8137,9,0.00,128
8138,10,0.00,128
8139,11,0.00,128
8140,12,0.00,128
8141,13,0.00,128
8142,14,0.00,128
8143,15,0.00,128
8144,16,0.00,128
8145,17,0.00,128
8146,18,0.00,128
8147,19,0.00,128
8148,20,0.00,128
8149,21,0.00,128
8150,22,0.00,128
8151,23,0.00,128
8152,24,0.00,128
8153,25,0.00,128
8154,26,0.00,128
8155,27,0.00,128
8156,28,0.00,128
8157,29,0.00,128
8158,30,0.00,128
8159,31,0.00,128
8160,32,0.00,128
8161,33,0.00,128
8162,34,0.00,128
8163,35,0.00,128
8164,36,0.00,128
8165,37,0.00,128
8166,38,0.00,128
8167,39,0.00,128
8168,40,0.00,128
8169,41,0.00,128
8170,42,0.00,128
8171,43,0.00,128
8172,44,0.00,128
8173,45,0.00,128
8174,46,0.00,128
8175,47,0.00,128
8176,48,0.00,128
8177,49,0.00,128
8178,50,0.00,128
8179,51,0.00,128
8180,52,0.00,128
8181,53,0.00,128
8182,54,0.00,128
8183,55,0.00,128
8184,56,0.00,128
8185,57,0.00,128
8186,58,0.00,128
8187,59,0.00,128
8188,60,0.00,128
8189,61,0.00,128
8190,62,0.00,128
8191,63,0.00,128
8192,64,0.00,128
8193,65,0.00,128
8194,66,0.00,128
8195,67,0.00,128
8196,68,0.00,128
8197,69,0.00,128
8198,70,0.00,128
8199,71,0.00,128
8200,72,0.00,128
8201,73,0.00,128
8202,74,0.00,128
8203,75,0.00,128
8204,76,0.00,128
8205,77,0.00,128
8206,78,0.00,128
8207,79,0.00,128
8208,80,0.00,128
8209,81,0.00,128
8210,82,0.00,128
8211,83,0.00,128
8212,84,0.00,128
8213,85,0.00,128
8214,86,0.00,128
8215,87,0.00,128
8216,88,0.00,128
8217,89,0.00,128
8218,90,0.00,128
8219,91,0.00,128
8220,92,0.00,128
8221,93,0.00,128
8222,94,0.00,128
8223,95,0.00,128
8224,96,0.00,128
8225,97,0.00,128
8226,98,0.00,128
8227,99,0.00,128
8228,100,0.00,128
8229,101,0.00,128
8230,102,0.00,128
8231,103,0.00,128
8232,104,0.00,128
8233,105,0.00,128
8234,106,0.00,128
8235,107,0.00,128
8236,108,0.00,128
8237,109,0.00,128
8238,110,0.00,128
8239,111,0.00,128
8240,112,0.00,128
8241,113,0.00,128
8242,114,0.00,128
8243,115,0.00,128
8244,116,0.00,128
8245,117,0.00,128
8246,118,0.00,128
8247,119,0.00,128
8248,120,0.00,128
8249,121,0.00,128
8250,122,0.00,128
8251,123,0.00,128
8252,124,0.00,128
8253,125,0.00,128
8254,126,0.00,128
8255,127,0.00,128
8256,0,0.00,128
8257,1,0.00,128
8258,2,0.00,128
8259,3,0.00,128
8260,4,0.00,128
8261,5,0.00,128
8262,6,0.00,128
8263,7,0.00,128
8264,8,0.00,128
8265,9,0.00,128
8266,10,0.00,128
8267,11,0.00,128
8268,12,0.00,128
8269,13,0.00,128
8270,14,0.00,128
8271,15,0.00,128
8272,16,0.00,128
8273,17,0.00,128
8274,18,0.00,128
8275,19,0.00,128
8276,20,0.00,128
8277,21,0.00,128
8278,22,0.00,128
8279,23,0.00,128
8280,24,0.00,128
8281,25,0.00,128
8282,26,0.00,128
8283,27,0.00,128
8284,28,0.00,128
8285,29,0.00,128
8286,30,0.00,128
8287,31,0.00,128
8288,32,0.00,128
8289,33,0.00,128
8290,34,0.00,128
8291,35,0.00,128
8292,36,0.00,128
8293,37,0.00,128
8294,38,0.00,128
8295,39,0.00,128
8296,40,0.00,128
8297,41,0.00,128
8298,42,0.00,128
8299,43,0.00,128
8300,44,0.00,128
8301,45,0.00,128
8302,46,0.00,128
8303,47,0.00,128
8304,48,0.00,128
8305,49,0.00,128
8306,50,0.00,128
8307,51,0.00,128
8308,52,0.00,128
8309,53,0.00,128
8310,54,0.00,128
8311,55,0.00,128
8312,56,0.00,128
8313,57,0.00,128
8314,58,0.00,128
8315,59,0.00,128
8316,60,0.00,128
8317,61,0.00,128
8318,62,0.00,128
8319,63,0.00,128
8320,64,0.00,128
8321,65,0.00,128
8322,66,0.00,128
8323,67,0.00,128
8324,68,0.00,128
8325,69,0.00,128
8326,70,0.00,128
8327,71,0.00,128
8328,72,0.00,128
8329,73,0.00,128
8330,74,0.00,128
8331,75,0.00,128
8332,76,0.00,128
8333,77,0.00,128
8334,78,0.00,128
8335,79,0.00,128
8336,80,0.00,128
8337,81,0.00,128
8338,82,0.00,128
8339,83,0.00,128
8340,84,0.00,128
8341,85,0.00,128
8342,86,0.00,128
8343,87,0.00,128
8344,88,0.00,128
8345,89,0.00,128
8346,90,0.00,128
8347,91,0.00,128
8348,92,0.00,128
8349,93,0.00,128
8350,94,0.00,128
8351,95,0.00,128
8352,96,0.00,128
8353,97,0.00,128
8354,98,0.00,128
8355,99,0.00,128
8356,100,0.00,128
8357,101,0.00,128
8358,102,0.00,128
8359,103,0.00,128
8360,104,0.00,128
8361,105,0.00,128
8362,106,0.00,128
8363,107,0.00,128
8364,108,0.00,128
8365,109,0.00,128
8366,110,0.00,128
8367,111,0.00,128
8368,112,0.00,128
8369,113,0.00,128
8370,114,0.00,128
8371,115,0.00,128
8372,116,0.00,128
8373,117,0.00,128
8374,118,0.00,128
8375,119,0.00,128
8376,120,0.00,128
8377,121,0.00,128
8378,122,0.00,128
8379,123,0.00,128
8380,124,0.00,128
8381,125,0.00,128
8382,126,0.00,128
8383,127,0.00,128
8384,0,0.00,128
8385,1,0.00,128
8386,2,0.00,128
8387,3,0.00,128
8388,4,0.00,128
8389,5,0.00,128
8390,6,0.00,128
8391,7,0.00,128
8392,8,0.00,128
8393,9,0.00,128
8394,10,0.00,128
8395,11,0.00,128
8396,12,0.00,128
8397,13,0.00,128
8398,14,0.00,128
8399,15,0.00,128
8400,16,0.00,128
8401,17,0.00,128
8402,18,0.00,128
8403,19,0.00,128
8404,20,0.00,128
8405,21,0.00,128
8406,22,0.00,128
8407,23,0.00,128
8408,24,0.00,128
8409,25,0.00,128
8410,26,0.00,128
8411,27,0.00,128
8412,28,0.00,128
8413,29,0.00,128
8414,30,0.00,128
8415,31,0.00,128
8416,32,0.00,128
8417,33,0.00,128
8418,34,0.00,128
8419,35,0.00,128
8420,36,0.00,128
8421,37,0.00,128
8422,38,0.00,128
8423,39,0.00,128
8424,40,0.00,128
8425,41,0.00,128
8426,42,0.00,128
8427,43,0.00,128
8428,44,0.00,128
8429,45,0.00,128
8430,46,0.00,128
8431,47,0.00,128
8432,48,0.00,128
8433,49,0.00,128
8434,50,0.00,128
8435,51,0.00,128
8436,52,0.00,128
8437,53,0.00,128
8438,54,0.00,128
8439,55,0.00,128
8440,56,0.00,128
8441,57,0.00,128
8442,58,0.00,128
8443,59,0.00,128
8444,60,0.00,128
8445,61,0.00,128
8446,62,0.00,128
8447,63,0.00,128
8448,64,0.00,128
8449,65,0.00,128
8450,66,0.00,128
8451,67,0.00,128
8452,68,0.00,128
8453,69,0.00,128
8454,70,0.00,128
8455,71,0.00,128
8456,72,0.00,128
8457,73,0.00,128
8458,74,0.00,128
8459,75,0.00,128
8460,76,0.00,128
8461,77,0.00,128
8462,78,0.00,128
8463,79,0.00,128
8464,80,0.00,128
8465,81,0.00,128
8466,82,0.00,128
8467,83,0.00,128
8468,84,0.00,128
8469,85,0.00,128
8470,86,0.00,128
8471,87,0.00,128
8472,88,0.00,128
8473,89,0.00,128
8474,90,0.00,128
8475,91,0.00,128
8476,92,0.00,128
8477,93,0.00,128
8478,94,0.00,128
8479,95,0.00,128
8480,96,0.00,128
8481,97,0.00,128
8482,98,0.00,128
8483,99,0.00,128
8484,100,0.00,128
8485,101,41.67,128
8486,102,0.00,128
8487,103,0.00,128
8488,104,0.00,128
8489,105,0.00,128
8490,106,0.00,128
8491,107,0.00,128
8492,108,0.00,128
8493,109,0.00,128
8494,110,0.00,128
8495,111,0.00,128
8496,112,0.00,128
8497,113,0.00,128
8498,114,0.00,128
8499,115,41.67,128
8500,116,0.00,128
8501,117,0.00,128
8502,118,0.00,128
8503,119,0.00,128
8504,120,0.00,128
8505,121,0.00,128
8506,122,0.00,128
8507,123,0.00,128
8508,124,0.00,128
8509,125,0.00,128
8510,126,0.00,128
8511,127,0.00,128
8512,0,0.00,128
8513,1,0.00,128
8514,2,0.00,128
8515,3,0.00,128
8516,4,0.00,128
8517,5,0.00,128
8518,6,0.00,128
8519,7,0.00,128
8520,8,0.00,128
8521,9,0.00,128
8522,10,0.00,128
8523,11,0.00,128
8524,12,0.00,128
8525,13,0.00,128
8526,14,0.00,128
8527,15,0.00,128
8528,16,0.00,128
8529,17,0.00,128
8530,18,0.00,128
8531,19,0.00,128
8532,20,0.00,128
8533,21,0.00,128
8534,22,0.00,128
8535,23,0.00,128
8536,24,0.00,128
8537,25,0.00,128
8538,26,0.00,128
8539,27,0.00,128
8540,28,0.00,128
8541,29,0.00,128
8542,30,0.00,128
8543,31,0.00,128
8544,32,0.00,128
8545,33,0.00,128
8546,34,0.00,128
8547,35,0.00,128
8548,36,0.00,128
8549,37,0.00,128
8550,38,0.00,128
8551,39,0.00,128
8552,40,0.00,128
8553,41,0.00,128
8554,42,0.00,128
8555,43,0.00,128
8556,44,0.00,128
8557,45,0.00,128
8558,46,0.00,128
8559,47,0.00,128
8560,48,0.00,128
8561,49,0.00,128
8562,50,0.00,128
8563,51,0.00,128
8564,52,0.00,128
8565,53,0.00,128
8566,54,0.00,128
8567,55,0.00,128
8568,56,0.00,128
8569,57,0.00,128
8570,58,0.00,128
8571,59,0.00,128
8572,60,0.00,128
8573,61,0.00,128
8574,62,0.00,128
8575,63,0.00,128
8576,64,0.00,128
8577,65,0.00,128
8578,66,0.00,128
8579,67,0.00,128
8580,68,0.00,128
8581,69,0.00,128
8582,70,0.00,128
8583,71,0.00,128
8584,72,0.00,128
8585,73,0.00,128
8586,74,0.00,128
8587,75,0.00,128
8588,76,0.00,128
8589,77,0.00,128
8590,78,0.00,128
8591,79,0.00,128
8592,80,41.67,128
8593,81,0.00,128
8594,82,0.00,128
8595,83,0.00,128
8596,84,0.00,128
8597,85,0.00,128
8598,86,0.00,128
8599,87,0.00,128
8600,88,0.00,128
8601,89,0.00,128
8602,90,0.00,128
8603,91,0.00,128
8604,92,0.00,128
8605,93,0.00,128
8606,94,0.00,128
8607,95,0.00,128
8608,96,0.00,128
8609,97,0.00,128
8610,98,0.00,128
8611,99,0.00,128
8612,100,0.00,128
8613,101,0.00,128
8614,102,0.00,128
8615,103,0.00,128
8616,104,0.00,128
8617,105,0.00,128
8618,106,0.00,128
8619,107,0.00,128
8620,108,0.00,128
8621,109,0.00,128
8622,110,0.00,128
8623,111,0.00,128
8624,112,0.00,128
8625,113,0.00,128
8626,114,0.00,128
8627,115,0.00,128
8628,116,0.00,128
8629,117,0.00,128
8630,118,0.00,128
8631,119,0.00,128
8632,120,0.00,128
8633,121,0.00,128
8634,122,0.00,128
8635,123,0.00,128
8636,124,0.00,128
8637,125,0.00,128
8638,126,0.00,128
8639,127,0.00,128
8640,0,0.00,128
8641,1,0.00,128
8642,2,0.00,128
8643,3,0.00,128
8644,4,0.00,128
8645,5,0.00,128
8646,6,0.00,128
8647,7,0.00,128
8648,8,0.00,128
8649,9,0.00,128
8650,10,0.00,128
8651,11,0.00,128
8652,12,0.00,128
8653,13,0.00,128
8654,14,0.00,128
8655,15,0.00,128
8656,16,0.00,128
8657,17,0.00,128
8658,18,0.00,128
8659,19,0.00,128
8660,20,0.00,128
8661,21,0.00,128
8662,22,0.00,128
8663,23,0.00,128
8664,24,0.00,128
8665,25,0.00,128
8666,26,0.00,128
8667,27,0.00,128
8668,28,0.00,128
8669,29,0.00,128
8670,30,0.00,128
8671,31,0.00,128
8672,32,0.00,128
8673,33,0.00,128
8674,34,0.00,128
8675,35,0.00,128
8676,36,0.00,128
8677,37,0.00,128
8678,38,0.00,128
8679,39,0.00,128
8680,40,41.67,128
8681,41,0.00,128
8682,42,0.00,128
8683,43,0.00,128
8684,44,0.00,128
8685,45,0.00,128
8686,46,0.00,128
8687,47,0.00,128
8688,48,0.00,128
8689,49,0.00,128
8690,50,0.00,128
8691,51,0.00,128
8692,52,0.00,128
8693,53,0.00,128
8694,54,0.00,128
8695,55,0.00,128
8696,56,0.00,128
8697,57,0.00,128
8698,58,0.00,128
8699,59,0.00,128
8700,60,0.00,128
8701,61,0.00,128
8702,62,0.00,128
8703,63,0.00,128
8704,64,0.00,128
8705,65,0.00,128
8706,66,0.00,128
8707,67,0.00,128
8708,68,0.00,128
8709,69,0.00,128
8710,70,0.00,128
8711,71,41.67,128
8712,72,0.00,128
8713,73,0.00,128
8714,74,0.00,128
8715,75,0.00,128
8716,76,0.00,128
8717,77,0.00,128
8718,78,0.00,128
8719,79,0.00,128
8720,80,0.00,128
8721,81,0.00,128
8722,82,0.00,128
8723,83,0.00,128
8724,84,0.00,128
8725,85,0.00,128
8726,86,0.00,128
8727,87,0.00,128
8728,88,0.00,128
8729,89,0.00,128
8730,90,0.00,128
8731,91,0.00,128
8732,92,0.00,128
8733,93,0.00,128
8734,94,0.00,128
8735,95,0.00,128
8736,96,0.00,128
8737,97,0.00,128
8738,98,0.00,128
8739,99,0.00,128
8740,100,0.00,128
8741,101,0.00,128
8742,102,0.00,128
8743,103,0.00,128
8744,104,0.00,128
8745,105,0.00,128
8746,106,0.00,128
8747,107,0.00,128
8748,108,0.00,128
8749,109,0.00,128
8750,110,0.00,128
8751,111,0.00,128
8752,112,0.00,128
8753,113,0.00,128
8754,114,0.00,128
8755,115,0.00,128
8756,116,0.00,128
8757,117,0.00,128
8758,118,0.00,128
8759,119,0.00,128
8760,120,0.00,128
8761,121,0.00,128
8762,122,0.00,128
8763,123,0.00,128
8764,124,0.00,128
8765,125,0.00,128
8766,126,0.00,128
8767,127,0.00,128
8768,0,0.00,128
8769,1,0.00,128
8770,2,0.00,128
8771,3,0.00,128
8772,4,0.00,128
8773,5,0.00,128
8774,6,0.00,128
8775,7,0.00,128
8776,8,0.00,128
8777,9,0.00,128
8778,10,0.00,128
8779,11,0.00,128
8780,12,0.00,128
8781,13,0.00,128
8782,14,0.00,128
8783,15,0.00,128
8784,16,0.00,128
8785,17,0.00,128
8786,18,0.00,128
8787,19,0.00,128
8788,20,0.00,128
8789,21,0.00,128
8790,22,0.00,128
8791,23,0.00,128
8792,24,0.00,128
8793,25,0.00,128
8794,26,0.00,128
8795,27,0.00,128
8796,28,0.00,128
8797,29,0.00,128
8798,30,0.00,128
8799,31,0.00,128
8800,32,0.00,128
8801,33,0.00,128
8802,34,0.00,128
8803,35,0.00,128
8804,36,0.00,128
8805,37,0.00,128
8806,38,0.00,128
8807,39,0.00,128
8808,40,0.00,128
8809,41,0.00,128
8810,42,0.00,128
8811,43,0.00,128
8812,44,0.00,128
8813,45,0.00,128
8814,46,0.00,128
8815,47,0.00,128
8816,48,0.00,128
8817,49,0.00,128
8818,50,0.00,128
8819,51,0.00,128
8820,52,0.00,128
8821,53,0.00,128
8822,54,0.00,128
8823,55,0.00,128
8824,56,0.00,128
8825,57,0.00,128
8826,58,0.00,128
8827,59,0.00,128
8828,60,0.00,128
8829,61,0.00,128
8830,62,0.00,128
8831,63,0.00,128
8832,64,0.00,128
8833,65,0.00,128
8834,66,0.00,128
8835,67,0.00,128
8836,68,0.00,128
8837,69,0.00,128
8838,70,0.00,128
8839,71,0.00,128
8840,72,0.00,128
8841,73,0.00,128
8842,74,0.00,128
8843,75,0.00,128
8844,76,0.00,128
8845,77,0.00,128
8846,78,0.00,128
8847,79,0.00,128
8848,80,0.00,128
8849,81,0.00,128
8850,82,0.00,128
8851,83,0.00,128
8852,84,0.00,128
8853,85,0.00,128
8854,86,0.00,128
8855,87,0.00,128
8856,88,0.00,128
8857,89,0.00,128
8858,90,0.00,128
8859,91,0.00,128
8860,92,0.00,128
8861,93,41.67,128
8862,94,0.00,128
8863,95,0.00,128
8864,96,0.00,128
8865,97,0.00,128
8866,98,0.00,128
8867,99,0.00,128
8868,100,0.00,128
8869,101,0.00,128
8870,102,0.00,128
8871,103,0.00,128
8872,104,0.00,128
8873,105,0.00,128
8874,106,0.00,128
8875,107,0.00,128
8876,108,0.00,128
8877,109,0.00,128
8878,110,0.00,128
8879,111,0.00,128
8880,112,0.00,128
8881,113,0.00,128
8882,114,0.00,128
8883,115,0.00,128
8884,116,0.00,128
8885,117,0.00,128
8886,118,0.00,128
8887,119,0.00,128
8888,120,0.00,128
8889,121,0.00,128
8890,122,0.00,128
8891,123,0.00,128
8892,124,0.00,128
8893,125,0.00,128
8894,126,0.00,128
8895,127,0.00,128
8896,0,0.00,128
8897,1,0.00,128
8898,2,0.00,128
8899,3,0.00,128
8900,4,0.00,128
8901,5,0.00,128
8902,6,0.00,128
8903,7,0.00,128
8904,8,0.00,128
8905,9,0.00,128
8906,10,0.00,128
8907,11,0.00,128
8908,12,0.00,128
8909,13,0.00,128
8910,14,0.00,128
8911,15,0.00,128
8912,16,0.00,128
8913,17,0.00,128
8914,18,0.00,128
8915,19,0.00,128
8916,20,0.00,128
8917,21,0.00,128
8918,22,0.00,128
8919,23,0.00,128
8920,24,0.00,128
8921,25,0.00,128
8922,26,0.00,128
8923,27,0.00,128
8924,28,0.00,128
8925,29,0.00,128
8926,30,0.00,128
8927,31,0.00,128
8928,32,0.00,128
8929,33,0.00,128
8930,34,0.00,128
8931,35,0.00,128
8932,36,0.00,128
8933,37,0.00,128
8934,38,0.00,128
8935,39,0.00,128
8936,40,0.00,128
8937,41,0.00,128
8938,42,0.00,128
8939,43,0.00,128
8940,44,0.00,128
8941,45,0.00,128
8942,46,0.00,128
8943,47,0.00,128
8944,48,0.00,128
8945,49,0.00,128
8946,50,0.00,128
8947,51,0.00,128
8948,52,0.00,128
8949,53,0.00,128
8950,54,0.00,128
8951,55,0.00,128
8952,56,0.00,128
8953,57,0.00,128
8954,58,0.00,128
8955,59,0.00,128
8956,60,0.00,128
8957,61,0.00,128
8958,62,0.00,128
8959,63,0.00,128
8960,64,0.00,128
8961,65,0.00,128
8962,66,0.00,128
8963,67,0.00,128
8964,68,0.00,128
8965,69,0.00,128
8966,70,0.00,128
8967,71,0.00,128
8968,72,0.00,128
8969,73,0.00,128
8970,74,0.00,128
8971,75,0.00,128
8972,76,0.00,128
8973,77,0.00,128
8974,78,0.00,128
8975,79,0.00,128
8976,80,0.00,128
8977,81,0.00,128
8978,82,0.00,128
8979,83,0.00,128
8980,84,0.00,128
8981,85,0.00,128
8982,86,0.00,128
8983,87,0.00,128
8984,88,0.00,128
8985,89,0.00,128
8986,90,0.00,128
8987,91,0.00,128
8988,92,0.00,128
8989,93,0.00,128
8990,94,0.00,128
8991,95,0.00,128
8992,96,0.00,128
8993,97,0.00,128
8994,98,0.00,128
8995,99,0.00,128
8996,100,0.00,128
8997,101,0.00,128
8998,102,41.67,128
8999,103,0.00,128
9000,104,0.00,128
9001,105,0.00,128
9002,106,0.00,128
9003,107,0.00,128
9004,108,0.00,128
9005,109,0.00,128
9006,110,0.00,128
9007,111,0.00,128
9008,112,0.00,128
9009,113,0.00,128
9010,114,0.00,128
9011,115,0.00,128
9012,116,0.00,128
9013,117,0.00,128
9014,118,0.00,128
9015,119,0.00,128
9016,120,0.00,128
9017,121,0.00,128
9018,122,0.00,128
9019,123,0.00,128
9020,124,0.00,128
9021,125,0.00,128
9022,126,0.00,128
9023,127,0.00,128
9024,0,0.00,128
9025,1,0.00,128
9026,2,0.00,128
9027,3,0.00,128
9028,4,0.00,128
9029,5,0.00,128
9030,6,0.00,128
9031,7,0.00,128
9032,8,0.00,128
9033,9,0.00,128
9034,10,0.00,128
9035,11,0.00,128
9036,12,0.00,128
9037,13,0.00,128
9038,14,0.00,128
9039,15,0.00,128
9040,16,0.00,128
9041,17,0.00,128
9042,18,0.00,128
9043,19,0.00,128
9044,20,0.00,128
9045,21,0.00,128
9046,22,0.00,128
9047,23,0.00,128
9048,24,0.00,128
9049,25,0.00,128
9050,26,0.00,128
9051,27,0.00,128
9052,28,0.00,128
9053,29,0.00,128
9054,30,0.00,128
9055,31,0.00,128
9056,32,0.00,128
9057,33,0.00,128
9058,34,0.00,128
9059,35,0.00,128
9060,36,0.00,128
9061,37,0.00,128
9062,38,0.00,128
9063,39,0.00,128
9064,40,0.00,128
9065,41,0.00,128
9066,42,0.00,128
9067,43,0.00,128
9068,44,0.00,128
9069,45,0.00,128
9070,46,0.00,128
9071,47,0.00,128
9072,48,0.00,128
9073,49,41.67,128
9074,50,0.00,128
9075,51,0.00,128
9076,52,0.00,128
9077,53,0.00,128
9078,54,0.00,128
9079,55,0.00,128
9080,56,0.00,128
9081,57,0.00,128
9082,58,0.00,128
9083,59,0.00,128
9084,60,0.00,128
9085,61,0.00,128
9086,62,0.00,128
9087,63,0.00,128
9088,64,0.00,128
9089,65,0.00,128
9090,66,0.00,128
9091,67,0.00,128
9092,68,0.00,128
9093,69,0.00,128
9094,70,0.00,128
9095,71,0.00,128
9096,72,0.00,128
9097,73,0.00,128
9098,74,0.00,128
9099,75,0.00,128
9100,76,0.00,128
9101,77,0.00,128
9102,78,0.00,128
9103,79,0.00,128
9104,80,0.00,128
9105,81,0.00,128
9106,82,0.00,128
9107,83,0.00,128
9108,84,0.00,128
9109,85,0.00,128
9110,86,0.00,128
9111,87,0.00,128
9112,88,0.00,128
9113,89,0.00,128
9114,90,0.00,128
9115,91,0.00,128
9116,92,0.00,128
9117,93,0.00,128
9118,94,0.00,128
9119,95,0.00,128
9120,96,0.00,128
9121,97,0.00,128
9122,98,0.00,128
9123,99,0.00,128
9124,100,0.00,128
9125,101,0.00,128
9126,102,0.00,128
9127,103,0.00,128
9128,104,0.00,128
9129,105,0.00,128
9130,106,0.00,128
9131,107,0.00,128
9132,108,0.00,128
9133,109,0.00,128
9134,110,0.00,128
9135,111,0.00,128
9136,112,0.00,128
9137,113,0.00,128
9138,114,0.00,128
9139,115,0.00,128
9140,116,0.00,128
9141,117,0.00,128
9142,118,0.00,128
9143,119,0.00,128
9144,120,0.00,128
9145,121,0.00,128
9146,122,0.00,128
9147,123,0.00,128
9148,124,0.00,128
9149,125,0.00,128
9150,126,0.00,128
9151,127,0.00,128
9152,0,0.00,128
9153,1,0.00,128
9154,2,0.00,128
9155,3,0.00,128
9156,4,0.00,128
9157,5,0.00,128
9158,6,0.00,128
9159,7,0.00,128
9160,8,0.00,128
9161,9,0.00,128
9162,10,0.00,128
9163,11,0.00,128
9164,12,0.00,128
9165,13,0.00,128
9166,14,0.00,128
9167,15,0.00,128
9168,16,0.00,128
9169,17,0.00,128
9170,18,0.00,128
9171,19,0.00,128
9172,20,0.00,128
9173,21,0.00,128
9174,22,0.00,128
9175,23,0.00,128
9176,24,0.00,128
9177,25,0.00,128
9178,26,0.00,128
9179,27,0.00,128
9180,28,0.00,128
9181,29,0.00,128
9182,30,0.00,128
9183,31,0.00,128
9184,32,0.00,128
9185,33,0.00,128
9186,34,0.00,128
9187,35,0.00,128
9188,36,0.00,128
9189,37,0.00,128
9190,38,0.00,128
9191,39,0.00,128
9192,40,0.00,128
9193,41,0.00,128
9194,42,0.00,128
9195,43,0.00,128
9196,44,0.00,128
9197,45,0.00,128
9198,46,0.00,128
9199,47,0.00,128
9200,48,0.00,128
9201,49,0.00,128
9202,50,0.00,128
9203,51,0.00,128
9204,52,0.00,128
9205,53,0.00,128
9206,54,0.00,128
9207,55,0.00,128
9208,56,0.00,128
9209,57,0.00,128
9210,58,0.00,128
9211,59,0.00,128
9212,60,0.00,128
9213,61,0.00,128
9214,62,0.00,128
9215,63,0.00,128
9216,64,0.00,128
9217,65,0.00,128
9218,66,0.00,128
9219,67,0.00,128
9220,68,0.00,128
9221,69,0.00,128
9222,70,0.00,128
9223,71,0.00,128
9224,72,0.00,128
9225,73,0.00,128
9226,74,0.00,128
9227,75,0.00,128
9228,76,0.00,128
9229,77,0.00,128
9230,78,0.00,128
9231,79,0.00,128
9232,80,0.00,128
9233,81,0.00,128
9234,82,0.00,128
9235,83,0.00,128
9236,84,0.00,128
9237,85,0.00,128
9238,86,0.00,128
9239,87,0.00,128
9240,88,0.00,128
9241,89,0.00,128
9242,90,0.00,128
9243,91,0.00,128
9244,92,0.00,128
9245,93,0.00,128
9246,94,0.00,128
9247,95,0.00,128
9248,96,0.00,128
9249,97,0.00,128
9250,98,0.00,128
9251,99,0.00,128
9252,100,0.00,128
9253,101,0.00,128
9254,102,0.00,128
9255,103,0.00,128
9256,104,0.00,128
9257,105,0.00,128
9258,106,0.00,128
9259,107,41.67,128
9260,108,0.00,128
9261,109,0.00,128
9262,110,0.00,128
9263,111,0.00,128
9264,112,0.00,128
9265,113,0.00,128
9266,114,0.00,128
9267,115,0.00,128
9268,116,0.00,128
9269,117,0.00,128
9270,118,0.00,128
9271,119,0.00,128
9272,120,0.00,128
9273,121,0.00,128
9274,122,0.00,128
9275,123,0.00,128
9276,124,0.00,128
9277,125,0.00,128
9278,126,0.00,128
9279,127,0.00,128
9280,0,0.00,128
9281,1,0.00,128
9282,2,0.00,128
9283,3,0.00,128
9284,4,0.00,128
9285,5,0.00,128
9286,6,0.00,128
9287,7,0.00,128
9288,8,0.00,128
9289,9,0.00,128
9290,10,0.00,128
9291,11,0.00,128
9292,12,0.00,128
9293,13,0.00,128
9294,14,0.00,128
9295,15,0.00,128
9296,16,0.00,128
9297,17,0.00,128
9298,18,0.00,128
9299,19,0.00,128
9300,20,41.67,128
9301,21,0.00,128
9302,22,0.00,128
9303,23,0.00,128
9304,24,0.00,128
9305,25,0.00,128
9306,26,0.00,128
9307,27,0.00,128
9308,28,0.00,128
9309,29,0.00,128
9310,30,0.00,128
9311,31,0.00,128
9312,32,0.00,128
9313,33,0.00,128
9314,34,0.00,128
9315,35,0.00,128
9316,36,0.00,128
9317,37,0.00,128
9318,38,0.00,128
9319,39,0.00,128
9320,40,0.00,128
9321,41,0.00,128
9322,42,0.00,128
9323,43,0.00,128
9324,44,0.00,128
9325,45,0.00,128
9326,46,0.00,128
9327,47,0.00,128
9328,48,0.00,128
9329,49,0.00,128
9330,50,0.00,128
9331,51,0.00,128
9332,52,0.00,128
9333,53,0.00,128
9334,54,0.00,128
9335,55,0.00,128
9336,56,0.00,128
9337,57,0.00,128
9338,58,0.00,128
9339,59,0.00,128
9340,60,0.00,128
9341,61,0.00,128
9342,62,0.00,128
9343,63,0.00,128
9344,64,0.00,128
9345,65,0.00,128
9346,66,0.00,128
9347,67,0.00,128
9348,68,0.00,128
9349,69,0.00,128
9350,70,0.00,128
9351,71,0.00,128
9352,72,0.00,128
9353,73,0.00,128
9354,74,0.00,128
9355,75,0.00,128
9356,76,0.00,128
9357,77,0.00,128
9358,78,0.00,128
9359,79,0.00,128
9360,80,0.00,128
9361,81,0.00,128
9362,82,0.00,128
9363,83,0.00,128
9364,84,0.00,128
9365,85,0.00,128
9366,86,0.00,128
9367,87,0.00,128
9368,88,0.00,128
9369,89,0.00,128
9370,90,0.00,128
9371,91,0.00,128
9372,92,0.00,128
9373,93,0.00,128
9374,94,0.00,128
9375,95,0.00,128
9376,96,0.00,128
9377,97,0.00,128
9378,98,0.00,128
9379,99,0.00,128
9380,100,0.00,128
9381,101,0.00,128
9382,102,0.00,128
9383,103,0.00,128
9384,104,0.00,128
9385,105,0.00,128
9386,106,0.00,128
9387,107,0.00,128
9388,108,0.00,128
9389,109,0.00,128
9390,110,0.00,128
9391,111,0.00,128
9392,112,0.00,128
9393,113,0.00,128
9394,114,0.00,128
9395,115,0.00,128
9396,116,0.00,128
9397,117,0.00,128
9398,118,0.00,128
9399,119,0.00,128
9400,120,0.00,128
9401,121,0.00,128
9402,122,0.00,128
9403,123,0.00,128
9404,124,0.00,128
9405,125,0.00,128
9406,126,0.00,128
9407,127,0.00,128
9408,0,0.00,128
9409,1,0.00,128
9410,2,0.00,128
9411,3,0.00,128
9412,4,0.00,128
9413,5,0.00,128
9414,6,0.00,128
9415,7,0.00,128
9416,8,0.00,128
9417,9,0.00,128
9418,10,0.00,128
9419,11,0.00,128
9420,12,0.00,128
9421,13,0.00,128
9422,14,0.00,128
9423,15,0.00,128
9424,16,0.00,128
9425,17,0.00,128
9426,18,0.00,128
9427,19,0.00,128
9428,20,0.00,128
9429,21,0.00,128
9430,22,0.00,128
9431,23,0.00,128
9432,24,0.00,128
9433,25,0.00,128
9434,26,0.00,128
9435,27,0.00,128
9436,28,0.00,128
9437,29,0.00,128
9438,30,0.00,128
9439,31,0.00,128
9440,32,0.00,128
9441,33,0.00,128
9442,34,0.00,128
9443,35,0.00,128
9444,36,0.00,128
9445,37,0.00,128
9446,38,0.00,128
9447,39,0.00,128
9448,40,0.00,128
9449,41,0.00,128
9450,42,0.00,128
9451,43,0.00,128
9452,44,0.00,128
9453,45,0.00,128
9454,46,0.00,128
9455,47,0.00,128
9456,48,0.00,128
9457,49,0.00,128
9458,50,0.00,128
9459,51,0.00,128
9460,52,0.00,128
9461,53,0.00,128
9462,54,0.00,128
9463,55,0.00,128
9464,56,0.00,128
9465,57,0.00,128
9466,58,0.00,128
9467,59,0.00,128
9468,60,0.00,128
9469,61,0.00,128
9470,62,0.00,128
9471,63,0.00,128
9472,64,0.00,128
9473,65,0.00,128
9474,66,0.00,128
9475,67,0.00,128
9476,68,0.00,128
9477,69,0.00,128
9478,70,0.00,128
9479,71,0.00,128
9480,72,0.00,128
9481,73,0.00,128
9482,74,0.00,128
9483,75,0.00,128
9484,76,0.00,128
9485,77,0.00,128
9486,78,0.00,128
9487,79,0.00,128
9488,80,0.00,128
9489,81,0.00,128
9490,82,0.00,128
9491,83,0.00,128
9492,84,0.00,128
9493,85,0.00,128
9494,86,0.00,128
9495,87,0.00,128
9496,88,0.00,128
9497,89,0.00,128
9498,90,0.00,128
9499,91,0.00,128
9500,92,0.00,128
9501,93,0.00,128
9502,94,0.00,128
9503,95,0.00,128
9504,96,0.00,128
9505,97,0.00,128
9506,98,0.00,128
9507,99,0.00,128
9508,100,0.00,128
9509,101,0.00,128
9510,102,0.00,128
9511,103,0.00,128
9512,104,0.00,128
9513,105,0.00,128
9514,106,0.00,128
9515,107,0.00,128
9516,108,0.00,128
9517,109,0.00,128
9518,110,0.00,128
9519,111,0.00,128
9520,112,0.00,128
9521,113,0.00,128
9522,114,0.00,128
9523,115,0.00,128
9524,116,0.00,128
9525,117,0.00,128
9526,118,0.00,128
9527,119,0.00,128
9528,120,0.00,128
9529,121,0.00,128
9530,122,0.00,128
9531,123,0.00,128
9532,124,0.00,128
9533,125,0.00,128
9534,126,0.00,128
9535,127,0.00,128
9536,0,0.00,128
9537,1,0.00,128
9538,2,0.00,128
9539,3,0.00,128
9540,4,0.00,128
9541,5,0.00,128
9542,6,0.00,128
9543,7,0.00,128
9544,8,0.00,128
9545,9,0.00,128
9546,10,0.00,128
9547,11,0.00,128
9548,12,0.00,128
9549,13,0.00,128
9550,14,0.00,128
9551,15,0.00,128
9552,16,0.00,128
9553,17,0.00,128
9554,18,0.00,128
9555,19,0.00,128
9556,20,0.00,128
9557,21,0.00,128
9558,22,0.00,128
9559,23,0.00,128
9560,24,0.00,128
9561,25,0.00,128
9562,26,0.00,128
9563,27,0.00,128
9564,28,0.00,128
9565,29,0.00,128
9566,30,0.00,128
9567,31,0.00,128
9568,32,0.00,128
9569,33,0.00,128
9570,34,0.00,128
9571,35,0.00,128
9572,36,0.00,128
9573,37,0.00,128
9574,38,0.00,128
9575,39,0.00,128
9576,40,0.00,128
9577,41,0.00,128
9578,42,0.00,128
9579,43,0.00,128
9580,44,0.00,128
9581,45,0.00,128
9582,46,0.00,128
9583,47,0.00,128
9584,48,0.00,128
9585,49,0.00,128
9586,50,0.00,128
9587,51,0.00,128
9588,52,0.00,128
9589,53,0.00,128
9590,54,0.00,128
9591,55,0.00,128
9592,56,0.00,128
9593,57,0.00,128
9594,58,0.00,128
9595,59,0.00,128
9596,60,0.00,128
9597,61,0.00,128
9598,62,0.00,128
9599,63,0.00,128
9600,64,0.00,128
9601,65,0.00,128
9602,66,0.00,128
9603,67,0.00,128
9604,68,0.00,128
9605,69,0.00,128
9606,70,0.00,128
9607,71,0.00,128
9608,72,0.00,128
9609,73,0.00,128
9610,74,0.00,128
9611,75,0.00,128
9612,76,0.00,128
9613,77,0.00,128
9614,78,0.00,128
9615,79,0.00,128
9616,80,0.00,128
9617,81,0.00,128
9618,82,0.00,128
9619,83,0.00,128
9620,84,0.00,128
9621,85,0.00,128
9622,86,0.00,128
9623,87,0.00,128
9624,88,0.00,128
9625,89,0.00,128
9626,90,0.00,128
9627,91,0.00,128
9628,92,0.00,128
9629,93,0.00,128
9630,94,0.00,128
9631,95,0.00,128
9632,96,0.00,128
9633,97,0.00,128
9634,98,0.00,128
9635,99,0.00,128
9636,100,0.00,128
9637,101,0.00,128
9638,102,0.00,128
9639,103,0.00,128
9640,104,0.00,128
9641,105,0.00,128
9642,106,0.00,128
9643,107,0.00,128
9644,108,0.00,128
9645,109,0.00,128
9646,110,0.00,128
9647,111,0.00,128
9648,112,0.00,128
9649,113,0.00,128
9650,114,0.00,128
9651,115,0.00,128
9652,116,0.00,128
9653,117,0.00,128
9654,118,0.00,128
9655,119,0.00,128
9656,120,0.00,128
9657,121,0.00,128
9658,122,0.00,128
9659,123,0.00,128
9660,124,0.00,128
9661,125,0.00,128
9662,126,0.00,128
9663,127,0.00,128
9664,0,0.00,128
9665,1,0.00,128
9666,2,0.00,128
9667,3,0.00,128
9668,4,0.00,128
9669,5,0.00,128
9670,6,0.00,128
9671,7,0.00,128
9672,8,0.00,128
9673,9,0.00,128
9674,10,0.00,128
9675,11,0.00,128
9676,12,0.00,128
9677,13,0.00,128
9678,14,0.00,128
9679,15,0.00,128
9680,16,0.00,128
9681,17,0.00,128
9682,18,0.00,128
9683,19,0.00,128
9684,20,0.00,128
9685,21,0.00,128
9686,22,0.00,128
9687,23,0.00,128
9688,24,0.00,128
9689,25,0.00,128
9690,26,0.00,128
9691,27,0.00,128
9692,28,0.00,128
9693,29,0.00,128
9694,30,0.00,128
9695,31,0.00,128
9696,32,0.00,128
9697,33,0.00,128
9698,34,0.00,128
9699,35,0.00,128
9700,36,0.00,128
9701,37,0.00,128
9702,38,0.00,128
9703,39,0.00,128
9704,40,0.00,128
9705,41,0.00,128
9706,42,0.00,128
9707,43,0.00,128
9708,44,0.00,128
9709,45,0.00,128
9710,46,0.00,128
9711,47,0.00,128
9712,48,0.00,128
9713,49,0.00,128
9714,50,0.00,128
9715,51,0.00,128
9716,52,0.00,128
9717,53,0.00,128
9718,54,0.00,128
9719,55,0.00,128
9720,56,0.00,128
9721,57,0.00,128
9722,58,0.00,128
9723,59,0.00,128
9724,60,0.00,128
9725,61,0.00,128
9726,62,0.00,128
9727,63,0.00,128
9728,64,0.00,128
9729,65,0.00,128
9730,66,0.00,128
9731,67,0.00,128
9732,68,0.00,128
9733,69,0.00,128
9734,70,0.00,128
9735,71,0.00,128
9736,72,0.00,128
9737,73,0.00,128
9738,74,0.00,128
9739,75,0.00,128
9740,76,0.00,128
9741,77,0.00,128
9742,78,0.00,128
9743,79,0.00,128
9744,80,0.00,128
9745,81,0.00,128
9746,82,0.00,128
9747,83,0.00,128
9748,84,0.00,128
9749,85,0.00,128
9750,86,0.00,128
9751,87,0.00,128
9752,88,0.00,128
9753,89,0.00,128
9754,90,0.00,128
9755,91,0.00,128
9756,92,0.00,128
9757,93,0.00,128
9758,94,0.00,128
9759,95,0.00,128
9760,96,0.00,128
9761,97,0.00,128
9762,98,0.00,128
9763,99,0.00,128
9764,100,0.00,128
9765,101,0.00,128
9766,102,0.00,128
9767,103,0.00,128
9768,104,0.00,128
9769,105,0.00,128
9770,106,0.00,128
9771,107,0.00,128
9772,108,0.00,128
9773,109,0.00,128
9774,110,0.00,128
9775,111,0.00,128
9776,112,0.00,128
9777,113,0.00,128
9778,114,0.00,128
9779,115,0.00,128
9780,116,0.00,128
9781,117,0.00,128
9782,118,0.00,128
9783,119,0.00,128
9784,120,0.00,128
9785,121,0.00,128
9786,122,0.00,128
9787,123,0.00,128
9788,124,0.00,128
9789,125,0.00,128
9790,126,0.00,128
9791,127,0.00,128
9792,0,0.00,128
9793,1,0.00,128
9794,2,0.00,128
9795,3,0.00,128
9796,4,0.00,128
9797,5,0.00,128
9798,6,0.00,128
9799,7,0.00,128
9800,8,0.00,128
9801,9,0.00,128
9802,10,0.00,128
9803,11,0.00,128
9804,12,0.00,128
9805,13,0.00,128
9806,14,0.00,128
9807,15,0.00,128
9808,16,0.00,128
9809,17,0.00,128
9810,18,0.00,128
9811,19,0.00,128
9812,20,0.00,128
9813,21,0.00,128
9814,22,0.00,128
9815,23,0.00,128
9816,24,0.00,128
9817,25,0.00,128
9818,26,0.00,128
9819,27,0.00,128
9820,28,0.00,128
9821,29,0.00,128
9822,30,0.00,128
9823,31,0.00,128
9824,32,0.00,128
9825,33,0.00,128
9826,34,0.00,128
9827,35,0.00,128
9828,36,0.00,128
9829,37,0.00,128
9830,38,0.00,128
9831,39,0.00,128
9832,40,0.00,128
9833,41,0.00,128
9834,42,0.00,128
9835,43,0.00,128
9836,44,0.00,128
9837,45,0.00,128
9838,46,0.00,128
9839,47,0.00,128
9840,48,0.00,128
9841,49,0.00,128
9842,50,0.00,128
9843,51,0.00,128
9844,52,0.00,128
9845,53,0.00,128
9846,54,0.00,128
9847,55,0.00,128
9848,56,0.00,128
9849,57,0.00,128
9850,58,0.00,128
9851,59,0.00,128
9852,60,0.00,128
9853,61,0.00,128
9854,62,0.00,128
9855,63,0.00,128
9856,64,0.00,128
9857,65,0.00,128
9858,66,0.00,128
9859,67,0.00,128
9860,68,0.00,128
9861,69,0.00,128
9862,70,0.00,128
9863,71,0.00,128
9864,72,0.00,128
9865,73,0.00,128
9866,74,0.00,128
9867,75,0.00,128
9868,76,0.00,128
9869,77,0.00,128
9870,78,0.00,128
9871,79,0.00,128
9872,80,0.00,128
9873,81,0.00,128
9874,82,0.00,128
9875,83,0.00,128
9876,84,0.00,128
9877,85,0.00,128
9878,86,0.00,128
9879,87,0.00,128
9880,88,0.00,128
9881,89,0.00,128
9882,90,0.00,128
9883,91,0.00,128
9884,92,0.00,128
9885,93,0.00,128
9886,94,0.00,128
9887,95,0.00,128
9888,96,0.00,128
9889,97,0.00,128
9890,98,0.00,128
9891,99,0.00,128
9892,100,0.00,128
9893,101,0.00,128
9894,102,0.00,128
9895,103,0.00,128
9896,104,0.00,128
9897,105,0.00,128
9898,106,0.00,128
9899,107,0.00,128
9900,108,0.00,128
9901,109,0.00,128
9902,110,0.00,128
9903,111,0.00,128
9904,112,0.00,128
9905,113,0.00,128
9906,114,0.00,128
9907,115,0.00,128
9908,116,0.00,128
9909,117,0.00,128
9910,118,0.00,128
9911,119,0.00,128
9912,120,0.00,128
9913,121,0.00,128
9914,122,0.00,128
9915,123,0.00,128
9916,124,0.00,128
9917,125,0.00,128
9918,126,0.00,128
9919,127,0.00,128
9920,0,0.00,128
9921,1,0.00,128
9922,2,0.00,128
9923,3,0.00,128
9924,4,0.00,128
9925,5,0.00,128
9926,6,0.00,128
9927,7,0.00,128
9928,8,0.00,128
9929,9,0.00,128
9930,10,0.00,128
9931,11,0.00,128
9932,12,0.00,128
9933,13,0.00,128
9934,14,0.00,128
9935,15,41.67,128
9936,16,0.00,128
9937,17,0.00,128
9938,18,0.00,128
9939,19,0.00,128
9940,20,0.00,128
9941,21,0.00,128
9942,22,0.00,128
9943,23,0.00,128
9944,24,0.00,128
9945,25,0.00,128
9946,26,0.00,128
9947,27,0.00,128
9948,28,0.00,128
9949,29,0.00,128
9950,30,0.00,128
9951,31,0.00,128
9952,32,0.00,128
9953,33,0.00,128
9954,34,0.00,128
9955,35,0.00,128
9956,36,0.00,128
9957,37,0.00,128
9958,38,0.00,128
9959,39,0.00,128
9960,40,0.00,128
9961,41,0.00,128
9962,42,0.00,128
9963,43,0.00,128
9964,44,0.00,128
9965,45,0.00,128
9966,46,0.00,128
9967,47,0.00,128
9968,48,0.00,128
9969,49,0.00,128
9970,50,0.00,128
9971,51,0.00,128
9972,52,0.00,128
9973,53,0.00,128
9974,54,0.00,128
9975,55,0.00,128
9976,56,0.00,128
9977,57,0.00,128
9978,58,0.00,128
9979,59,0.00,128
9980,60,0.00,128
9981,61,0.00,128
9982,62,0.00,128
9983,63,0.00,128
9984,64,0.00,128
9985,65,0.00,128
9986,66,0.00,128
9987,67,0.00,128
9988,68,0.00,128
9989,69,0.00,128
9990,70,0.00,128
9991,71,0.00,128
9992,72,0.00,128
9993,73,0.00,128
9994,74,0.00,128
9995,75,0.00,128
9996,76,0.00,128
9997,77,41.67,128
9998,78,0.00,128
9999,79,0.00,128
10000,80,0.00,128
10001,81,0.00,128
10002,82,0.00,128
10003,83,0.00,128
10004,84,0.00,128
10005,85,0.00,128
10006,86,0.00,128
10007,87,0.00,128
10008,88,0.00,128
10009,89,0.00,128
10010,90,0.00,128
10011,91,0.00,128
10012,92,0.00,128
10013,93,0.00,128
10014,94,0.00,128
10015,95,0.00,128
10016,96,0.00,128
10017,97,0.00,128
10018,98,0.00,128
10019,99,0.00,128
10020,100,0.00,128
10021,101,0.00,128
10022,102,0.00,128
10023,103,0.00,128
10024,104,0.00,128
10025,105,0.00,128
10026,106,0.00,128
10027,107,0.00,128
10028,108,0.00,128
10029,109,0.00,128
10030,110,0.00,128
10031,111,0.00,128
10032,112,0.00,128
10033,113,0.00,128
10034,114,0.00,128
10035,115,0.00,128
10036,116,0.00,128
10037,117,0.00,128
10038,118,0.00,128
10039,119,0.00,128
10040,120,0.00,128
10041,121,0.00,128
10042,122,0.00,128
10043,123,0.00,128
10044,124,0.00,128
10045,125,0.00,128
10046,126,0.00,128
10047,127,0.00,128
10048,0,0.00,128
10049,1,0.00,128
10050,2,0.00,128
10051,3,0.00,128
10052,4,0.00,128
10053,5,0.00,128
10054,6,0.00,128
10055,7,0.00,128
10056,8,0.00,128
10057,9,0.00,128
10058,10,0.00,128
10059,11,0.00,128
10060,12,0.00,128
10061,13,0.00,128
10062,14,0.00,128
10063,15,0.00,128
10064,16,0.00,128
10065,17,0.00,128
10066,18,0.00,128
10067,19,0.00,128
10068,20,0.00,128
10069,21,0.00,128
10070,22,0.00,128
10071,23,0.00,128
10072,24,0.00,128
10073,25,0.00,128
10074,26,0.00,128
10075,27,0.00,128
10076,28,0.00,128
10077,29,0.00,128
10078,30,0.00,128
10079,31,0.00,128
10080,32,0.00,128
10081,33,0.00,128
10082,34,0.00,128
10083,35,0.00,128
10084,36,0.00,128
10085,37,0.00,128
10086,38,0.00,128
10087,39,0.00,128
10088,40,0.00,128
10089,41,0.00,128
10090,42,0.00,128
10091,43,0.00,128
10092,44,0.00,128
10093,45,0.00,128
10094,46,0.00,128
10095,47,0.00,128
10096,48,0.00,128
10097,49,0.00,128
10098,50,0.00,128
10099,51,0.00,128
10100,52,0.00,128
10101,53,0.00,128
10102,54,0.00,128
10103,55,0.00,128
10104,56,0.00,128
10105,57,0.00,128
10106,58,0.00,128
10107,59,0.00,128
10108,60,0.00,128
10109,61,0.00,128
10110,62,0.00,128
10111,63,0.00,128
10112,64,0.00,128
10113,65,0.00,128
10114,66,0.00,128
10115,67,0.00,128
10116,68,0.00,128
10117,69,0.00,128
10118,70,0.00,128
10119,71,0.00,128
10120,72,0.00,128
10121,73,0.00,128
10122,74,0.00,128
10123,75,0.00,128
10124,76,0.00,128
10125,77,0.00,128
10126,78,0.00,128
10127,79,0.00,128
10128,80,0.00,128
10129,81,0.00,128
10130,82,0.00,128
10131,83,0.00,128
10132,84,0.00,128
10133,85,0.00,128
10134,86,0.00,128
10135,87,0.00,128
10136,88,0.00,128
10137,89,0.00,128
10138,90,0.00,128
10139,91,0.00,128
10140,92,0.00,128
10141,93,0.00,128
10142,94,0.00,128
10143,95,0.00,128
10144,96,0.00,128
10145,97,0.00,128
10146,98,0.00,128
10147,99,0.00,128
10148,100,0.00,128
10149,101,0.00,128
10150,102,0.00,128
10151,103,0.00,128
10152,104,0.00,128
10153,105,0.00,128
10154,106,0.00,128
10155,107,0.00,128
10156,108,0.00,128
10157,109,0.00,128
10158,110,0.00,128
10159,111,0.00,128
10160,112,0.00,128
10161,113,0.00,128
10162,114,0.00,128
10163,115,0.00,128
10164,116,0.00,128
10165,117,0.00,128
10166,118,0.00,128
10167,119,0.00,128
10168,120,0.00,128
10169,121,0.00,128
10170,122,0.00,128
10171,123,0.00,128
10172,124,0.00,128
10173,125,0.00,128
10174,126,0.00,128
10175,127,0.00,128
10176,0,0.00,128
10177,1,0.00,128
10178,2,0.00,128
10179,3,0.00,128
10180,4,0.00,128
10181,5,0.00,128
10182,6,0.00,128
10183,7,0.00,128
10184,8,0.00,128
10185,9,0.00,128
10186,10,0.00,128
10187,11,0.00,128
10188,12,0.00,128
10189,13,0.00,128
10190,14,0.00,128
10191,15,0.00,128
10192,16,0.00,128
10193,17,0.00,128
10194,18,0.00,128
10195,19,0.00,128
10196,20,0.00,128
10197,21,0.00,128
10198,22,0.00,128
10199,23,0.00,128
10200,24,0.00,128
10201,25,0.00,128
10202,26,0.00,128
10203,27,0.00,128
10204,28,0.00,128
10205,29,0.00,128
10206,30,0.00,128
10207,31,0.00,128
10208,32,0.00,128
10209,33,0.00,128
10210,34,0.00,128
10211,35,0.00,128
10212,36,0.00,128
10213,37,0.00,128
10214,38,0.00,128
10215,39,0.00,128
10216,40,0.00,128
10217,41,0.00,128
10218,42,0.00,128
10219,43,0.00,128
10220,44,0.00,128
10221,45,0.00,128
10222,46,0.00,128
10223,47,0.00,128
10224,48,0.00,128
10225,49,0.00,128
10226,50,0.00,128
10227,51,0.00,128
10228,52,0.00,128
10229,53,0.00,128
10230,54,0.00,128
10231,55,0.00,128
10232,56,0.00,128
10233,57,0.00,128
10234,58,0.00,128
10235,59,0.00,128
10236,60,0.00,128
10237,61,0.00,128
10238,62,0.00,128
10239,63,0.00,128
10240,64,0.00,128
10241,65,0.00,128
10242,66,0.00,128
10243,67,0.00,128
10244,68,0.00,128
10245,69,0.00,128
10246,70,0.00,128
10247,71,0.00,128
10248,72,0.00,128
10249,73,0.00,128
10250,74,0.00,128
10251,75,0.00,128
10252,76,0.00,128
10253,77,0.00,128
10254,78,0.00,128
10255,79,0.00,128
10256,80,0.00,128
10257,81,0.00,128
10258,82,0.00,128
10259,83,0.00,128
10260,84,0.00,128
10261,85,0.00,128
10262,86,41.67,128
10263,87,0.00,128
10264,88,0.00,128
10265,89,0.00,128
10266,90,0.00,128
10267,91,0.00,128
10268,92,0.00,128
10269,93,0.00,128
10270,94,0.00,128
10271,95,0.00,128
10272,96,0.00,128
10273,97,0.00,128
10274,98,0.00,128
10275,99,0.00,128
10276,100,0.00,128
10277,101,0.00,128
10278,102,0.00,128
10279,103,0.00,128
10280,104,0.00,128
10281,105,0.00,128
10282,106,0.00,128
10283,107,0.00,128
10284,108,0.00,128
10285,109,0.00,128
10286,110,0.00,128
10287,111,0.00,128
10288,112,0.00,128
10289,113,0.00,128
10290,114,0.00,128
10291,115,0.00,128
10292,116,0.00,128
10293,117,0.00,128
10294,118,0.00,128
10295,119,0.00,128
10296,120,0.00,128
10297,121,0.00,128
10298,122,0.00,128
10299,123,0.00,128
10300,124,0.00,128
10301,125,0.00,128
10302,126,0.00,128
10303,127,0.00,128
10304,0,0.00,128
10305,1,0.00,128
10306,2,0.00,128
10307,3,0.00,128
10308,4,0.00,128
10309,5,0.00,128
10310,6,0.00,128
10311,7,0.00,128
10312,8,0.00,128
10313,9,0.00,128
10314,10,0.00,128
10315,11,0.00,128
10316,12,0.00,128
10317,13,0.00,128
10318,14,0.00,128
10319,15,0.00,128
10320,16,0.00,128
10321,17,0.00,128
10322,18,0.00,128
10323,19,0.00,128
10324,20,0.00,128
10325,21,0.00,128
10326,22,0.00,128
10327,23,0.00,128
10328,24,0.00,128
10329,25,0.00,128
10330,26,0.00,128
10331,27,0.00,128
10332,28,0.00,128
10333,29,0.00,128
10334,30,0.00,128
10335,31,0.00,128
10336,32,0.00,128
10337,33,0.00,128
10338,34,0.00,128
10339,35,0.00,128
10340,36,0.00,128
10341,37,0.00,128
10342,38,0.00,128
10343,39,0.00,128
10344,40,0.00,128
10345,41,0.00,128
10346,42,0.00,128
10347,43,0.00,128
10348,44,0.00,128
10349,45,0.00,128
10350,46,0.00,128
10351,47,0.00,128
10352,48,0.00,128
10353,49,0.00,128
10354,50,0.00,128
10355,51,0.00,128
10356,52,0.00,128
10357,53,0.00,128
10358,54,0.00,128
10359,55,0.00,128
10360,56,0.00,128
10361,57,0.00,128
10362,58,0.00,128
10363,59,0.00,128
10364,60,0.00,128
10365,61,0.00,128
10366,62,0.00,128
10367,63,0.00,128
10368,64,0.00,128
10369,65,0.00,128
10370,66,0.00,128
10371,67,0.00,128
10372,68,0.00,128
10373,69,0.00,128
10374,70,0.00,128
10375,71,0.00,128
10376,72,0.00,128
10377,73,0.00,128
10378,74,0.00,128
10379,75,0.00,128
10380,76,0.00,128
10381,77,0.00,128
10382,78,0.00,128
10383,79,0.00,128
10384,80,0.00,128
10385,81,0.00,128
10386,82,0.00,128
10387,83,0.00,128
10388,84,0.00,128
10389,85,0.00,128
10390,86,0.00,128
10391,87,0.00,128
10392,88,0.00,128
10393,89,0.00,128
10394,90,0.00,128
10395,91,0.00,128
10396,92,0.00,128
10397,93,0.00,128
10398,94,0.00,128
10399,95,0.00,128
10400,96,0.00,128
10401,97,0.00,128
10402,98,0.00,128
10403,99,0.00,128
10404,100,0.00,128
10405,101,0.00,128
10406,102,0.00,128
10407,103,0.00,128
10408,104,0.00,128
10409,105,0.00,128
10410,106,0.00,128
10411,107,0.00,128
10412,108,0.00,128
10413,109,0.00,128
10414,110,0.00,128
10415,111,0.00,128
10416,112,0.00,128
10417,113,0.00,128
10418,114,0.00,128
10419,115,0.00,128
10420,116,0.00,128
10421,117,0.00,128
10422,118,0.00,128
10423,119,0.00,128
10424,120,0.00,128
10425,121,0.00,128
10426,122,0.00,128
10427,123,0.00,128
10428,124,0.00,128
10429,125,0.00,128
10430,126,0.00,128
10431,127,0.00,128
10432,0,0.00,128
10433,1,0.00,128
10434,2,0.00,128
10435,3,0.00,128
10436,4,0.00,128
10437,5,0.00,128
10438,6,0.00,128
10439,7,0.00,128
10440,8,0.00,128
10441,9,0.00,128
10442,10,0.00,128
10443,11,0.00,128
10444,12,0.00,128
10445,13,0.00,128
10446,14,0.00,128
10447,15,0.00,128
10448,16,0.00,128
10449,17,0.00,128
10450,18,0.00,128
10451,19,0.00,128
10452,20,0.00,128
10453,21,0.00,128
10454,22,0.00,128
10455,23,0.00,128
10456,24,0.00,128
10457,25,0.00,128
10458,26,0.00,128
10459,27,0.00,128
10460,28,0.00,128
10461,29,0.00,128
10462,30,0.00,128
10463,31,0.00,128
10464,32,0.00,128
10465,33,0.00,128
10466,34,0.00,128
10467,35,0.00,128
10468,36,0.00,128
10469,37,0.00,128
10470,38,0.00,128
10471,39,0.00,128
10472,40,0.00,128
10473,41,0.00,128
10474,42,0.00,128
10475,43,0.00,128
10476,44,0.00,128
10477,45,0.00,128
10478,46,0.00,128
10479,47,0.00,128
10480,48,0.00,128
10481,49,0.00,128
10482,50,0.00,128
10483,51,0.00,128
10484,52,0.00,128
10485,53,0.00,128
10486,54,0.00,128
10487,55,0.00,128
10488,56,0.00,128
10489,57,0.00,128
10490,58,0.00,128
10491,59,0.00,128
10492,60,0.00,128
10493,61,0.00,128
10494,62,0.00,128
10495,63,0.00,128
10496,64,0.00,128
10497,65,0.00,128
10498,66,0.00,128
10499,67,0.00,128
10500,68,0.00,128
10501,69,0.00,128
10502,70,0.00,128
10503,71,0.00,128
10504,72,0.00,128
10505,73,0.00,128
10506,74,0.00,128
10507,75,0.00,128
10508,76,0.00,128
10509,77,0.00,128
10510,78,0.00,128
10511,79,0.00,128
10512,80,0.00,128
10513,81,0.00,128
10514,82,0.00,128
10515,83,0.00,128
10516,84,0.00,128
10517,85,0.00,128
10518,86,0.00,128
10519,87,0.00,128
10520,88,0.00,128
10521,89,0.00,128
10522,90,0.00,128
10523,91,0.00,128
10524,92,0.00,128
10525,93,0.00,128
10526,94,0.00,128
10527,95,0.00,128
10528,96,0.00,128
10529,97,0.00,128
10530,98,0.00,128
10531,99,0.00,128
10532,100,0.00,128
10533,101,0.00,128
10534,102,0.00,128
10535,103,0.00,128
10536,104,0.00,128
10537,105,0.00,128
10538,106,0.00,128
10539,107,0.00,128
10540,108,0.00,128
10541,109,0.00,128
10542,110,0.00,128
10543,111,0.00,128
10544,112,0.00,128
10545,113,0.00,128
10546,114,0.00,128
10547,115,0.00,128
10548,116,0.00,128
10549,117,0.00,128
10550,118,0.00,128
10551,119,0.00,128
10552,120,0.00,128
10553,121,0.00,128
10554,122,0.00,128
10555,123,0.00,128
10556,124,0.00,128
10557,125,0.00,128
10558,126,0.00,128
10559,127,0.00,128
10560,0,41.67,128
10561,1,0.00,128
10562,2,0.00,128
10563,3,0.00,128
10564,4,0.00,128
10565,5,0.00,128
10566,6,0.00,128
10567,7,0.00,128
10568,8,0.00,128
10569,9,0.00,128
10570,10,0.00,128
10571,11,0.00,128
10572,12,0.00,128
10573,13,0.00,128
10574,14,0.00,128
10575,15,0.00,128
10576,16,0.00,128
10577,17,0.00,128
10578,18,0.00,128
10579,19,0.00,128
10580,20,0.00,128
10581,21,0.00,128
10582,22,0.00,128
10583,23,0.00,128
10584,24,0.00,128
10585,25,0.00,128
10586,26,0.00,128
10587,27,0.00,128
10588,28,0.00,128
10589,29,0.00,128
10590,30,0.00,128
10591,31,0.00,128
10592,32,0.00,128
10593,33,0.00,128
10594,34,0.00,128
10595,35,0.00,128
10596,36,0.00,128
10597,37,0.00,128
10598,38,0.00,128
10599,39,0.00,128
10600,40,0.00,128
10601,41,0.00,128
10602,42,0.00,128
10603,43,0.00,128
10604,44,0.00,128
10605,45,0.00,128
10606,46,0.00,128
10607,47,0.00,128
10608,48,0.00,128
10609,49,0.00,128
10610,50,0.00,128
10611,51,0.00,128
10612,52,0.00,128
10613,53,0.00,128
10614,54,0.00,128
10615,55,0.00,128
10616,56,0.00,128
10617,57,0.00,128
10618,58,0.00,128
10619,59,0.00,128
10620,60,0.00,128
10621,61,0.00,128
10622,62,41.67,128
10623,63,0.00,128
10624,64,41.67,128
10625,65,0.00,128
10626,66,41.67,128
10627,67,0.00,128
10628,68,0.00,128
10629,69,0.00,128
10630,70,0.00,128
10631,71,0.00,128
10632,72,0.00,128
10633,73,0.00,128
10634,74,0.00,128
10635,75,0.00,128
10636,76,0.00,128
10637,77,0.00,128
10638,78,0.00,128
10639,79,0.00,128
10640,80,0.00,128
10641,81,0.00,128
10642,82,0.00,128
10643,83,0.00,128
10644,84,0.00,128
10645,85,0.00,128
10646,86,0.00,128
10647,87,0.00,128
10648,88,0.00,128
10649,89,0.00,128
10650,90,0.00,128
10651,91,0.00,128
10652,92,0.00,128
10653,93,0.00,128
10654,94,0.00,128
10655,95,0.00,128
10656,96,0.00,128
10657,97,0.00,128
10658,98,0.00,128
10659,99,0.00,128
10660,100,0.00,128
10661,101,0.00,128
10662,102,0.00,128
10663,103,0.00,128
10664,104,0.00,128
10665,105,0.00,128
10666,106,0.00,128
10667,107,0.00,128
10668,108,0.00,128
10669,109,0.00,128
10670,110,0.00,128
10671,111,0.00,128
10672,112,0.00,128
10673,113,0.00,128
10674,114,0.00,128
10675,115,0.00,128
10676,116,0.00,128
10677,117,0.00,128
10678,118,0.00,128
10679,119,0.00,128
10680,120,0.00,128
10681,121,0.00,128
10682,122,0.00,128
10683,123,0.00,128
10684,124,0.00,128
10685,125,0.00,128
10686,126,0.00,128
10687,127,0.00,128
10688,0,0.00,128
10689,1,0.00,128
10690,2,0.00,128
10691,3,0.00,128
10692,4,0.00,128
10693,5,0.00,128
10694,6,0.00,128
10695,7,0.00,128
10696,8,0.00,128
10697,9,0.00,128
10698,10,0.00,128
10699,11,0.00,128
10700,12,0.00,128
10701,13,0.00,128
10702,14,0.00,128
10703,15,0.00,128
10704,16,0.00,128
10705,17,0.00,128
10706,18,0.00,128
10707,19,0.00,128
10708,20,0.00,128
10709,21,0.00,128
10710,22,0.00,128
10711,23,0.00,128
10712,24,0.00,128
10713,25,0.00,128
10714,26,0.00,128
10715,27,0.00,128
10716,28,0.00,128
10717,29,0.00,128
10718,30,0.00,128
10719,31,0.00,128
10720,32,0.00,128
10721,33,0.00,128
10722,34,0.00,128
10723,35,0.00,128
10724,36,0.00,128
10725,37,0.00,128
10726,38,0.00,128
10727,39,0.00,128
10728,40,0.00,128
10729,41,0.00,128
10730,42,0.00,128
10731,43,0.00,128
10732,44,0.00,128
10733,45,0.00,128
10734,46,0.00,128
10735,47,0.00,128
10736,48,0.00,128
10737,49,0.00,128
10738,50,0.00,128
10739,51,0.00,128
10740,52,0.00,128
10741,53,0.00,128
10742,54,0.00,128
10743,55,0.00,128
10744,56,0.00,128
10745,57,0.00,128
10746,58,0.00,128
10747,59,41.67,128
10748,60,0.00,128
10749,61,0.00,128
10750,62,0.00,128
10751,63,0.00,128
10752,64,0.00,128
10753,65,0.00,128
10754,66,0.00,128
10755,67,0.00,128
10756,68,0.00,128
10757,69,0.00,128
10758,70,0.00,128
10759,71,0.00,128
10760,72,0.00,128
10761,73,0.00,128
10762,74,0.00,128
10763,75,0.00,128
10764,76,0.00,128
10765,77,0.00,128
10766,78,0.00,128
10767,79,0.00,128
10768,80,0.00,128
10769,81,0.00,128
10770,82,0.00,128
10771,83,0.00,128
10772,84,0.00,128
10773,85,0.00,128
10774,86,0.00,128
10775,87,0.00,128
10776,88,0.00,128
10777,89,0.00,128
10778,90,0.00,128
10779,91,0.00,128
10780,92,0.00,128
10781,93,0.00,128
10782,94,0.00,128
10783,95,0.00,128
10784,96,0.00,128
10785,97,0.00,128
10786,98,0.00,128
10787,99,0.00,128
10788,100,0.00,128
10789,101,0.00,128
10790,102,0.00,128
10791,103,0.00,128
10792,104,0.00,128
10793,105,0.00,128
10794,106,0.00,128
10795,107,0.00,128
10796,108,0.00,128
10797,109,0.00,128
10798,110,0.00,128
10799,111,0.00,128
10800,112,0.00,128
10801,113,0.00,128
10802,114,0.00,128
10803,115,0.00,128
10804,116,0.00,128
10805,117,0.00,128
10806,118,0.00,128
10807,119,0.00,128
10808,120,0.00,128
10809,121,0.00,128
10810,122,0.00,128
10811,123,0.00,128
10812,124,0.00,128
10813,125,0.00,128
10814,126,0.00,128
10815,127,0.00,128
10816,0,0.00,128
10817,1,0.00,128
10818,2,0.00,128
10819,3,0.00,128
10820,4,0.00,128
10821,5,0.00,128
10822,6,0.00,128
10823,7,0.00,128
10824,8,0.00,128
10825,9,0.00,128
10826,10,0.00,128
10827,11,0.00,128
10828,12,0.00,128
10829,13,0.00,128
10830,14,0.00,128
10831,15,0.00,128
10832,16,0.00,128
10833,17,0.00,128
10834,18,0.00,128
10835,19,0.00,128
10836,20,0.00,128
10837,21,0.00,128
10838,22,0.00,128
10839,23,0.00,128
10840,24,0.00,128
10841,25,0.00,128
10842,26,0.00,128
10843,27,0.00,128
10844,28,0.00,128
10845,29,0.00,128
10846,30,0.00,128
10847,31,0.00,128
10848,32,0.00,128
10849,33,0.00,128
10850,34,0.00,128
10851,35,0.00,128
10852,36,0.00,128
10853,37,0.00,128
10854,38,0.00,128
10855,39,0.00,128
10856,40,0.00,128
10857,41,0.00,128
10858,42,0.00,128
10859,43,0.00,128
10860,44,0.00,128
10861,45,0.00,128
10862,46,0.00,128
10863,47,0.00,128
10864,48,0.00,128
10865,49,0.00,128
10866,50,0.00,128
10867,51,0.00,128
10868,52,0.00,128
10869,53,0.00,128
10870,54,0.00,128
10871,55,0.00,128
10872,56,0.00,128
10873,57,0.00,128
10874,58,0.00,128
10875,59,0.00,128
10876,60,0.00,128
10877,61,0.00,128
10878,62,0.00,128
10879,63,0.00,128
10880,64,0.00,128
10881,65,0.00,128
10882,66,0.00,128
10883,67,0.00,128
10884,68,0.00,128
10885,69,0.00,128
10886,70,0.00,128
10887,71,0.00,128
10888,72,0.00,128
10889,73,0.00,128
10890,74,0.00,128
10891,75,0.00,128
10892,76,0.00,128
10893,77,0.00,128
10894,78,0.00,128
10895,79,0.00,128
10896,80,0.00,128
10897,81,0.00,128
10898,82,0.00,128
10899,83,0.00,128
10900,84,0.00,128
10901,85,0.00,128
10902,86,0.00,128
10903,87,0.00,128
10904,88,0.00,128
10905,89,0.00,128
10906,90,0.00,128
10907,91,0.00,128
10908,92,0.00,128
10909,93,0.00,128
10910,94,0.00,128
10911,95,0.00,128
10912,96,0.00,128
10913,97,0.00,128
10914,98,0.00,128
10915,99,0.00,128
10916,100,0.00,128
10917,101,0.00,128
10918,102,0.00,128
10919,103,0.00,128
10920,104,0.00,128
10921,105,0.00,128
10922,106,0.00,128
10923,107,0.00,128
10924,108,0.00,128
10925,109,0.00,128
10926,110,0.00,128
10927,111,0.00,128
10928,112,0.00,128
10929,113,0.00,128
10930,114,0.00,128
10931,115,0.00,128
10932,116,0.00,128
10933,117,0.00,128
10934,118,0.00,128
10935,119,0.00,128
10936,120,0.00,128
10937,121,0.00,128
10938,122,0.00,128
10939,123,0.00,128
10940,124,0.00,128
10941,125,0.00,128
10942,126,0.00,128
10943,127,0.00,128
10944,0,0.00,128
10945,1,0.00,128
10946,2,0.00,128
10947,3,0.00,128
10948,4,0.00,128
10949,5,0.00,128
10950,6,0.00,128
10951,7,0.00,128
10952,8,0.00,128
10953,9,0.00,128
10954,10,0.00,128
10955,11,0.00,128
10956,12,0.00,128
10957,13,0.00,128
10958,14,0.00,128
10959,15,0.00,128
10960,16,0.00,128
10961,17,0.00,128
10962,18,0.00,128
10963,19,0.00,128
10964,20,0.00,128
10965,21,0.00,128
10966,22,0.00,128
10967,23,0.00,128
10968,24,0.00,128
10969,25,0.00,128
10970,26,0.00,128
10971,27,0.00,128
10972,28,0.00,128
10973,29,0.00,128
10974,30,0.00,128
10975,31,0.00,128
10976,32,0.00,128
10977,33,0.00,128
10978,34,0.00,128
10979,35,0.00,128
10980,36,0.00,128
10981,37,0.00,128
10982,38,0.00,128
10983,39,0.00,128
10984,40,0.00,128
10985,41,0.00,128
10986,42,0.00,128
10987,43,0.00,128
10988,44,0.00,128
10989,45,0.00,128
10990,46,0.00,128
10991,47,0.00,128
10992,48,0.00,128
10993,49,0.00,128
10994,50,0.00,128
10995,51,0.00,128
10996,52,0.00,128
10997,53,0.00,128
10998,54,0.00,128
10999,55,0.00,128
11000,56,0.00,128
11001,57,0.00,128
11002,58,0.00,128
11003,59,0.00,128
11004,60,0.00,128
11005,61,0.00,128
11006,62,0.00,128
11007,63,0.00,128
11008,64,0.00,128
11009,65,0.00,128
11010,66,0.00,128
11011,67,0.00,128
11012,68,0.00,128
11013,69,0.00,128
11014,70,0.00,128
11015,71,0.00,128
11016,72,0.00,128
11017,73,0.00,128
11018,74,0.00,128
11019,75,0.00,128
11020,76,0.00,128
11021,77,0.00,128
11022,78,0.00,128
11023,79,0.00,128
11024,80,0.00,128
11025,81,0.00,128
11026,82,0.00,128
11027,83,0.00,128
11028,84,0.00,128
11029,85,0.00,128
11030,86,0.00,128
11031,87,0.00,128
11032,88,0.00,128
11033,89,0.00,128
11034,90,0.00,128
11035,91,0.00,128
11036,92,0.00,128
11037,93,0.00,128
11038,94,0.00,128
11039,95,0.00,128
11040,96,0.00,128
11041,97,0.00,128
11042,98,0.00,128
11043,99,0.00,128
11044,100,0.00,128
11045,101,0.00,128
11046,102,0.00,128
11047,103,0.00,128
11048,104,0.00,128
11049,105,0.00,128
11050,106,0.00,128
11051,107,0.00,128
11052,108,0.00,128
11053,109,0.00,128
11054,110,0.00,128
11055,111,0.00,128
11056,112,0.00,128
11057,113,0.00,128
11058,114,0.00,128
11059,115,0.00,128
11060,116,0.00,128
11061,117,0.00,128
11062,118,0.00,128
11063,119,0.00,128
11064,120,0.00,128
11065,121,0.00,128
11066,122,0.00,128
11067,123,0.00,128
11068,124,0.00,128
11069,125,0.00,128
11070,126,0.00,128
11071,127,0.00,128
11072,0,0.00,128
11073,1,0.00,128
11074,2,0.00,128
11075,3,0.00,128
11076,4,0.00,128
11077,5,0.00,128
11078,6,0.00,128
11079,7,0.00,128
11080,8,0.00,128
11081,9,0.00,128
11082,10,0.00,128
11083,11,0.00,128
11084,12,0.00,128
11085,13,0.00,128
11086,14,0.00,128
11087,15,0.00,128
11088,16,0.00,128
11089,17,0.00,128
11090,18,0.00,128
11091,19,0.00,128
11092,20,0.00,128
11093,21,0.00,128
11094,22,0.00,128
11095,23,0.00,128
11096,24,0.00,128
11097,25,0.00,128
11098,26,0.00,128
11099,27,0.00,128
11100,28,0.00,128
11101,29,0.00,128
11102,30,0.00,128
11103,31,0.00,128
11104,32,0.00,128
11105,33,0.00,128
11106,34,0.00,128
11107,35,0.00,128
11108,36,0.00,128
11109,37,0.00,128
11110,38,0.00,128
11111,39,0.00,128
11112,40,0.00,128
11113,41,0.00,128
11114,42,0.00,128
11115,43,0.00,128
11116,44,0.00,128
11117,45,0.00,128
11118,46,0.00,128
11119,47,0.00,128
11120,48,0.00,128
11121,49,0.00,128
11122,50,0.00,128
11123,51,0.00,128
11124,52,0.00,128
11125,53,0.00,128
11126,54,0.00,128
11127,55,0.00,128
11128,56,0.00,128
11129,57,0.00,128
11130,58,0.00,128
11131,59,0.00,128
11132,60,41.67,128
11133,61,41.67,128
11134,62,0.00,128
11135,63,0.00,128
11136,64,0.00,128
11137,65,0.00,128
11138,66,0.00,128
11139,67,0.00,128
11140,68,0.00,128
11141,69,0.00,128
11142,70,0.00,128
11143,71,0.00,128
11144,72,0.00,128
11145,73,0.00,128
11146,74,0.00,128
11147,75,0.00,128
11148,76,0.00,128
11149,77,0.00,128
11150,78,0.00,128
11151,79,0.00,128
11152,80,0.00,128
11153,81,0.00,128
11154,82,0.00,128
11155,83,0.00,128
11156,84,0.00,128
11157,85,0.00,128
11158,86,0.00,128
11159,87,0.00,128
11160,88,0.00,128
11161,89,0.00,128
11162,90,0.00,128
11163,91,0.00,128
11164,92,0.00,128
11165,93,0.00,128
11166,94,0.00,128
11167,95,0.00,128
11168,96,0.00,128
11169,97,0.00,128
11170,98,0.00,128
11171,99,0.00,128
11172,100,0.00,128
11173,101,0.00,128
11174,102,0.00,128
11175,103,0.00,128
11176,104,0.00,128
11177,105,0.00,128
11178,106,0.00,128
11179,107,0.00,128
11180,108,0.00,128
11181,109,0.00,128
11182,110,0.00,128
11183,111,0.00,128
11184,112,0.00,128
11185,113,0.00,128
11186,114,0.00,128
11187,115,0.00,128
11188,116,41.67,128
11189,117,0.00,128
11190,118,0.00,128
11191,119,0.00,128
11192,120,0.00,128
11193,121,0.00,128
11194,122,0.00,128
11195,123,0.00,128
11196,124,0.00,128
11197,125,0.00,128
11198,126,0.00,128
11199,127,0.00,128
11200,0,0.00,192
11201,1,0.00,192
11202,2,0.00,192
11203,3,0.00,192
11204,4,0.00,192
11205,5,0.00,192
11206,6,0.00,192
11207,7,0.00,192
11208,8,0.00,192
11209,9,0.00,192
11210,10,0.00,192
11211,11,0.00,192
11212,12,0.00,192
11213,13,0.00,192
11214,14,0.00,192
11215,15,0.00,192
11216,16,0.00,192
11217,17,0.00,192
11218,18,0.00,192
11219,19,0.00,192
11220,20,0.00,192
11221,21,0.00,192
11222,22,0.00,192
11223,23,0.00,192
11224,24,0.00,192
11225,25,0.00,192
11226,26,0.00,192
11227,27,0.00,192
11228,28,0.00,192
11229,29,0.00,192
11230,30,0.00,192
11231,31,0.00,192
11232,32,0.00,192
11233,33,0.00,192
11234,34,0.00,192
11235,35,0.00,192
11236,36,0.00,192
11237,37,0.00,192
11238,38,0.00,192
11239,39,0.00,192
11240,40,0.00,192
11241,41,0.00,192
11242,42,0.00,192
11243,43,41.67,192
11244,44,0.00,192
11245,45,0.00,192
11246,46,0.00,192
11247,47,0.00,192
11248,48,0.00,192
11249,49,0.00,192
11250,50,0.00,192
11251,51,0.00,192
11252,52,0.00,192
11253,53,0.00,192
11254,54,0.00,192
11255,55,0.00,192
11256,56,41.67,192
11257,57,0.00,192
11258,58,0.00,192
11259,59,0.00,192
11260,60,0.00,192
11261,61,0.00,192
11262,62,0.00,192
11263,63,0.00,192
11264,64,0.00,192
11265,65,0.00,192
11266,66,0.00,192
11267,67,0.00,192
11268,68,0.00,192
11269,69,0.00,192
11270,70,0.00,192
11271,71,0.00,192
11272,72,0.00,192
11273,73,0.00,192
11274,74,0.00,192
11275,75,0.00,192
11276,76,0.00,192
11277,77,0.00,192
11278,78,0.00,192
11279,79,0.00,192
11280,80,0.00,192
11281,81,0.00,192
11282,82,0.00,192
11283,83,0.00,192
11284,84,0.00,192
11285,85,0.00,192
11286,86,0.00,192
11287,87,0.00,192
11288,88,0.00,192
11289,89,0.00,192
11290,90,0.00,192
11291,91,0.00,192
11292,92,0.00,192
11293,93,0.00,192
11294,94,0.00,192
11295,95,0.00,192
11296,96,0.00,192
11297,97,0.00,192
11298,98,0.00,192
11299,99,0.00,192
11300,100,0.00,192
11301,101,0.00,192
11302,102,0.00,192
11303,103,0.00,192
11304,104,0.00,192
11305,105,0.00,192
11306,106,0.00,192
11307,107,0.00,192
11308,108,41.67,192
11309,109,41.67,192
11310,110,0.00,192
11311,111,0.00,192
11312,112,0.00,192
11313,113,0.00,192
11314,114,0.00,192
11315,115,0.00,192
11316,116,0.00,192
11317,117,0.00,192
11318,118,0.00,192
11319,119,0.00,192
11320,120,0.00,192
11321,121,0.00,192
11322,122,0.00,192
11323,123,0.00,192
11324,124,0.00,192
11325,125,0.00,192
11326,126,0.00,192
11327,127,0.00,192
11328,128,0.00,192
11329,129,0.00,192
11330,130,0.00,192
11331,131,0.00,192
11332,132,0.00,192
11333,133,0.00,192
11334,134,0.00,192
11335,135,0.00,192
11336,136,0.00,192
11337,137,0.00,192
11338,138,0.00,192
11339,139,0.00,192
11340,140,0.00,192
11341,141,0.00,192
11342,142,0.00,192
11343,143,0.00,192
11344,144,0.00,192
11345,145,0.00,192
11346,146,0.00,192
11347,147,0.00,192
11348,148,0.00,192
11349,149,0.00,192
11350,150,0.00,192
11351,151,0.00,192
11352,152,0.00,192
11353,153,0.00,192
11354,154,0.00,192
11355,155,0.00,192
11356,156,0.00,192
11357,157,0.00,192
11358,158,0.00,192
11359,159,0.00,192
11360,160,0.00,192
11361,161,0.00,192
11362,162,0.00,192
11363,163,0.00,192
11364,164,0.00,192
11365,165,0.00,192
11366,166,0.00,192
11367,167,0.00,192
11368,168,0.00,192
11369,169,0.00,192
11370,170,0.00,192
11371,171,0.00,192
11372,172,0.00,192
11373,173,0.00,192
11374,174,0.00,192
11375,175,0.00,192
11376,176,0.00,192
11377,177,0.00,192
11378,178,0.00,192
11379,179,0.00,192
11380,180,0.00,192
11381,181,0.00,192
11382,182,0.00,192
11383,183,0.00,192
11384,184,0.00,192
11385,185,0.00,192
11386,186,0.00,192
11387,187,0.00,192
11388,188,0.00,192
11389,189,0.00,192
11390,190,0.00,192
11391,191,0.00,192
11392,0,0.00,192
11393,1,0.00,192
11394,2,0.00,192
11395,3,0.00,192
11396,4,0.00,192
11397,5,0.00,192
11398,6,0.00,192
11399,7,0.00,192
11400,8,0.00,192
11401,9,0.00,192
11402,10,0.00,192
11403,11,0.00,192
11404,12,0.00,192
11405,13,0.00,192
11406,14,0.00,192
11407,15,0.00,192
11408,16,0.00,192
11409,17,0.00,192
11410,18,0.00,192
11411,19,0.00,192
11412,20,0.00,192
11413,21,0.00,192
11414,22,0.00,192
11415,23,0.00,192
11416,24,0.00,192
11417,25,0.00,192
11418,26,0.00,192
11419,27,0.00,192
11420,28,0.00,192
11421,29,0.00,192
11422,30,0.00,192
11423,31,0.00,192
11424,32,0.00,192
11425,33,0.00,192
11426,34,0.00,192
11427,35,0.00,192
11428,36,0.00,192
11429,37,0.00,192
11430,38,0.00,192
11431,39,0.00,192
11432,40,0.00,192
11433,41,0.00,192
11434,42,0.00,192
11435,43,0.00,192
11436,44,0.00,192
11437,45,0.00,192
11438,46,0.00,192
11439,47,0.00,192
11440,48,0.00,192
11441,49,0.00,192
11442,50,0.00,192
11443,51,0.00,192
11444,52,0.00,192
11445,53,0.00,192
11446,54,0.00,192
11447,55,0.00,192
11448,56,0.00,192
11449,57,0.00,192
11450,58,0.00,192
11451,59,0.00,192
11452,60,0.00,192
11453,61,0.00,192
11454,62,0.00,192
11455,63,0.00,192
11456,64,0.00,192
11457,65,0.00,192
11458,66,0.00,192
11459,67,0.00,192
11460,68,0.00,192
11461,69,0.00,192
11462,70,0.00,192
11463,71,0.00,192
11464,72,0.00,192
11465,73,0.00,192
11466,74,0.00,192
11467,75,0.00,192
11468,76,0.00,192
11469,77,0.00,192
11470,78,0.00,192
11471,79,0.00,192
11472,80,0.00,192
11473,81,0.00,192
11474,82,0.00,192
11475,83,0.00,192
11476,84,0.00,192
11477,85,0.00,192
11478,86,0.00,192
11479,87,0.00,192
11480,88,0.00,192
11481,89,0.00,192
11482,90,0.00,192
11483,91,0.00,192
11484,92,0.00,192
11485,93,0.00,192
11486,94,0.00,192
11487,95,0.00,192
11488,96,0.00,192
11489,97,0.00,192
11490,98,0.00,192
11491,99,0.00,192
11492,100,0.00,192
11493,101,0.00,192
11494,102,0.00,192
11495,103,0.00,192
11496,104,0.00,192
11497,105,0.00,192
11498,106,0.00,192
11499,107,0.00,192
11500,108,0.00,192
11501,109,0.00,192
11502,110,0.00,192
11503,111,0.00,192
11504,112,0.00,192
11505,113,0.00,192
11506,114,0.00,192
11507,115,0.00,192
11508,116,0.00,192
11509,117,0.00,192
11510,118,0.00,192
11511,119,0.00,192
11512,120,0.00,192
11513,121,0.00,192
11514,122,0.00,192
11515,123,0.00,192
11516,124,0.00,192
11517,125,0.00,192
11518,126,0.00,192
11519,127,0.00,192
11520,128,0.00,192
11521,129,0.00,192
11522,130,0.00,192
11523,131,0.00,192
11524,132,0.00,192
11525,133,0.00,192
11526,134,0.00,192
11527,135,0.00,192
11528,136,0.00,192
11529,137,0.00,192
11530,138,0.00,192
11531,139,0.00,192
11532,140,0.00,192
11533,141,0.00,192
11534,142,0.00,192
11535,143,0.00,192
11536,144,0.00,192
11537,145,0.00,192
11538,146,0.00,192
11539,147,0.00,192
11540,148,0.00,192
11541,149,0.00,192
11542,150,0.00,192
11543,151,0.00,192
11544,152,0.00,192
11545,153,0.00,192
11546,154,0.00,192
11547,155,0.00,192
11548,156,0.00,192
11549,157,41.67,192
11550,158,0.00,192
11551,159,0.00,192
11552,160,0.00,192
11553,161,0.00,192
11554,162,0.00,192
11555,163,0.00,192
11556,164,0.00,192
11557,165,0.00,192
11558,166,0.00,192
11559,167,0.00,192
11560,168,0.00,192
11561,169,0.00,192
11562,170,0.00,192
11563,171,0.00,192
11564,172,0.00,192
11565,173,0.00,192
11566,174,0.00,192
11567,175,0.00,192
11568,176,0.00,192
11569,177,0.00,192
11570,178,0.00,192
11571,179,0.00,192
11572,180,0.00,192
11573,181,0.00,192
11574,182,0.00,192
11575,183,0.00,192
11576,184,0.00,192
11577,185,0.00,192
11578,186,0.00,192
11579,187,0.00,192
11580,188,0.00,192
11581,189,0.00,192
11582,190,0.00,192
11583,191,0.00,192
11584,0,0.00,192
11585,1,0.00,192
11586,2,0.00,192
11587,3,0.00,192
11588,4,0.00,192
11589,5,0.00,192
11590,6,0.00,192
11591,7,0.00,192
11592,8,0.00,192
11593,9,0.00,192
11594,10,0.00,192
11595,11,0.00,192
11596,12,0.00,192
11597,13,0.00,192
11598,14,0.00,192
11599,15,0.00,192
11600,16,0.00,192
11601,17,0.00,192
11602,18,0.00,192
11603,19,0.00,192
11604,20,0.00,192
11605,21,0.00,192
11606,22,0.00,192
11607,23,0.00,192
11608,24,0.00,192
11609,25,0.00,192
11610,26,0.00,192
11611,27,0.00,192
11612,28,0.00,192
11613,29,0.00,192
11614,30,0.00,192
11615,31,0.00,192
11616,32,0.00,192
11617,33,0.00,192
11618,34,0.00,192
11619,35,0.00,192
11620,36,0.00,192
11621,37,0.00,192
11622,38,0.00,192
11623,39,0.00,192
11624,40,0.00,192
11625,41,0.00,192
11626,42,0.00,192
11627,43,0.00,192
11628,44,0.00,192
11629,45,0.00,192
11630,46,0.00,192
11631,47,0.00,192
11632,48,0.00,192
11633,49,0.00,192
11634,50,0.00,192
11635,51,0.00,192
11636,52,0.00,192
11637,53,0.00,192
11638,54,0.00,192
11639,55,0.00,192
11640,56,0.00,192
11641,57,0.00,192
11642,58,0.00,192
11643,59,0.00,192
11644,60,0.00,192
11645,61,0.00,192
11646,62,0.00,192
11647,63,0.00,192
11648,64,0.00,192
11649,65,0.00,192
11650,66,0.00,192
11651,67,0.00,192
11652,68,0.00,192
11653,69,0.00,192
11654,70,0.00,192
11655,71,0.00,192
11656,72,0.00,192
11657,73,0.00,192
11658,74,0.00,192
11659,75,0.00,192
11660,76,0.00,192
11661,77,0.00,192
11662,78,0.00,192
11663,79,0.00,192
11664,80,0.00,192
11665,81,0.00,192
11666,82,0.00,192
11667,83,0.00,192
11668,84,0.00,192
11669,85,0.00,192
11670,86,0.00,192
11671,87,0.00,192
11672,88,0.00,192
11673,89,0.00,192
11674,90,0.00,192
11675,91,0.00,192
11676,92,0.00,192
11677,93,0.00,192
11678,94,0.00,192
11679,95,0.00,192
11680,96,0.00,192
11681,97,0.00,192
11682,98,0.00,192
11683,99,0.00,192
11684,100,0.00,192
11685,101,0.00,192
11686,102,0.00,192
11687,103,0.00,192
11688,104,0.00,192
11689,105,0.00,192
11690,106,0.00,192
11691,107,0.00,192
11692,108,0.00,192
11693,109,0.00,192
11694,110,0.00,192
11695,111,0.00,192
11696,112,0.00,192
11697,113,0.00,192
11698,114,0.00,192
11699,115,0.00,192
11700,116,0.00,192
11701,117,0.00,192
11702,118,0.00,192
11703,119,0.00,192
11704,120,0.00,192
11705,121,0.00,192
11706,122,0.00,192
11707,123,0.00,192
11708,124,41.67,192
11709,125,0.00,192
11710,126,0.00,192
11711,127,0.00,192
11712,128,0.00,192
11713,129,0.00,192
11714,130,0.00,192
11715,131,0.00,192
11716,132,41.67,192
11717,133,0.00,192
11718,134,0.00,192
11719,135,0.00,192
11720,136,0.00,192
11721,137,0.00,192
11722,138,0.00,192
11723,139,0.00,192
11724,140,0.00,192
11725,141,0.00,192
11726,142,0.00,192
11727,143,0.00,192
11728,144,0.00,192
11729,145,0.00,192
11730,146,0.00,192
11731,147,0.00,192
11732,148,0.00,192
11733,149,0.00,192
11734,150,0.00,192
11735,151,0.00,192
11736,152,0.00,192
11737,153,0.00,192
11738,154,0.00,192
11739,155,0.00,192
11740,156,0.00,192
11741,157,0.00,192
11742,158,0.00,192
11743,159,0.00,192
11744,160,0.00,192
11745,161,0.00,192
11746,162,0.00,192
11747,163,0.00,192
11748,164,0.00,192
11749,165,0.00,192
11750,166,0.00,192
11751,167,0.00,192
11752,168,0.00,192
11753,169,0.00,192
11754,170,0.00,192
11755,171,0.00,192
11756,172,0.00,192
11757,173,0.00,192
11758,174,0.00,192
11759,175,0.00,192
11760,176,0.00,192
11761,177,0.00,192
11762,178,0.00,192
11763,179,0.00,192
11764,180,0.00,192
11765,181,0.00,192
11766,182,0.00,192
11767,183,0.00,192
11768,184,0.00,192
11769,185,0.00,192
11770,186,0.00,192
11771,187,0.00,192
11772,188,0.00,192
11773,189,0.00,192
11774,190,0.00,192
11775,191,0.00,192
11776,0,0.00,192
11777,1,0.00,192
11778,2,0.00,192
11779,3,0.00,192
11780,4,0.00,192
11781,5,0.00,192
11782,6,0.00,192
11783,7,0.00,192
11784,8,0.00,192
11785,9,0.00,192
11786,10,0.00,192
11787,11,0.00,192
11788,12,0.00,192
11789,13,0.00,192
11790,14,0.00,192
11791,15,0.00,192
11792,16,0.00,192
11793,17,0.00,192
11794,18,0.00,192
11795,19,0.00,192
11796,20,0.00,192
11797,21,0.00,192
11798,22,0.00,192
11799,23,0.00,192
11800,24,0.00,192
11801,25,0.00,192
11802,26,0.00,192
11803,27,0.00,192
11804,28,0.00,192
11805,29,0.00,192
11806,30,0.00,192
11807,31,0.00,192
11808,32,0.00,192
11809,33,0.00,192
11810,34,0.00,192
11811,35,0.00,192
11812,36,0.00,192
11813,37,0.00,192
11814,38,0.00,192
11815,39,0.00,192
11816,40,0.00,192
11817,41,0.00,192
11818,42,0.00,192
11819,43,0.00,192
11820,44,0.00,192
11821,45,0.00,192
11822,46,0.00,192
11823,47,0.00,192
11824,48,0.00,192
11825,49,0.00,192
11826,50,0.00,192
11827,51,0.00,192
11828,52,0.00,192
11829,53,0.00,192
11830,54,0.00,192
11831,55,0.00,192
11832,56,0.00,192
11833,57,0.00,192
11834,58,0.00,192
11835,59,0.00,192
11836,60,0.00,192
11837,61,0.00,192
11838,62,0.00,192
11839,63,0.00,192
11840,64,0.00,192
11841,65,0.00,192
11842,66,0.00,192
11843,67,0.00,192
11844,68,0.00,192
11845,69,0.00,192
11846,70,0.00,192
11847,71,0.00,192
11848,72,41.67,192
11849,73,0.00,192
11850,74,0.00,192
11851,75,0.00,192
11852,76,0.00,192
11853,77,0.00,192
11854,78,0.00,192
11855,79,0.00,192
11856,80,0.00,192
11857,81,0.00,192
11858,82,0.00,192
11859,83,0.00,192
11860,84,0.00,192
11861,85,0.00,192
11862,86,0.00,192
11863,87,0.00,192
11864,88,0.00,192
11865,89,0.00,192
11866,90,0.00,192
11867,91,0.00,192
11868,92,0.00,192
11869,93,0.00,192
11870,94,0.00,192
11871,95,0.00,192
11872,96,0.00,192
11873,97,0.00,192
11874,98,0.00,192
11875,99,0.00,192
11876,100,0.00,192
11877,101,0.00,192
11878,102,0.00,192
11879,103,0.00,192
11880,104,0.00,192
11881,105,0.00,192
11882,106,0.00,192
11883,107,0.00,192
11884,108,0.00,192
11885,109,0.00,192
11886,110,0.00,192
11887,111,0.00,192
11888,112,0.00,192
11889,113,0.00,192
11890,114,0.00,192
11891,115,0.00,192
11892,116,0.00,192
11893,117,0.00,192
11894,118,0.00,192
11895,119,0.00,192
11896,120,0.00,192
11897,121,0.00,192
11898,122,0.00,192
11899,123,0.00,192
11900,124,0.00,192
11901,125,0.00,192
11902,126,0.00,192
11903,127,0.00,192
11904,128,0.00,192
11905,129,0.00,192
11906,130,0.00,192
11907,131,0.00,192
11908,132,0.00,192
11909,133,0.00,192
11910,134,0.00,192
11911,135,0.00,192
11912,136,0.00,192
11913,137,0.00,192
11914,138,0.00,192
11915,139,0.00,192
11916,140,0.00,192
11917,141,0.00,192
11918,142,0.00,192
11919,143,0.00,192
11920,144,0.00,192
11921,145,0.00,192
11922,146,0.00,192
11923,147,0.00,192
11924,148,0.00,192
11925,149,0.00,192
11926,150,0.00,192
11927,151,0.00,192
11928,152,0.00,192
11929,153,0.00,192
11930,154,0.00,192
11931,155,0.00,192
11932,156,0.00,192
11933,157,0.00,192
11934,158,0.00,192
11935,159,0.00,192
11936,160,0.00,192
11937,161,0.00,192
11938,162,0.00,192
11939,163,0.00,192
11940,164,0.00,192
11941,165,0.00,192
11942,166,0.00,192
11943,167,0.00,192
11944,168,0.00,192
11945,169,0.00,192
11946,170,0.00,192
11947,171,0.00,192
11948,172,0.00,192
11949,173,0.00,192
11950,174,0.00,192
11951,175,0.00,192
11952,176,0.00,192
11953,177,0.00,192
11954,178,0.00,192
11955,179,0.00,192
11956,180,0.00,192
11957,181,0.00,192
11958,182,0.00,192
11959,183,0.00,192
11960,184,0.00,192
11961,185,0.00,192
11962,186,0.00,192
11963,187,0.00,192
11964,188,0.00,192
11965,189,0.00,192
11966,190,0.00,192
11967,191,0.00,192
11968,0,0.00,192
11969,1,0.00,192
11970,2,0.00,192
11971,3,0.00,192
11972,4,0.00,192
11973,5,0.00,192
11974,6,0.00,192
11975,7,0.00,192
11976,8,0.00,192
11977,9,0.00,192
11978,10,0.00,192
11979,11,0.00,192
11980,12,0.00,192
11981,13,0.00,192
11982,14,0.00,192
11983,15,0.00,192
11984,16,0.00,192
11985,17,0.00,192
11986,18,0.00,192
11987,19,0.00,192
11988,20,0.00,192
11989,21,0.00,192
11990,22,0.00,192
11991,23,0.00,192
11992,24,0.00,192
11993,25,0.00,192
11994,26,0.00,192
11995,27,0.00,192
11996,28,0.00,192
11997,29,0.00,192
11998,30,0.00,192
11999,31,0.00,192
12000,32,0.00,192
12001,33,0.00,192
12002,34,0.00,192
12003,35,0.00,192
12004,36,0.00,192
12005,37,0.00,192
12006,38,0.00,192
12007,39,0.00,192
12008,40,0.00,192
12009,41,0.00,192
12010,42,0.00,192
12011,43,0.00,192
12012,44,0.00,192
12013,45,0.00,192
12014,46,0.00,192
12015,47,0.00,192
12016,48,0.00,192
12017,49,0.00,192
12018,50,0.00,192
12019,51,0.00,192
12020,52,0.00,192
12021,53,0.00,192
12022,54,0.00,192
12023,55,0.00,192
12024,56,0.00,192
12025,57,0.00,192
12026,58,0.00,192
12027,59,0.00,192
12028,60,0.00,192
12029,61,0.00,192
12030,62,0.00,192
12031,63,0.00,192
12032,64,0.00,192
12033,65,0.00,192
12034,66,0.00,192
12035,67,0.00,192
12036,68,0.00,192
12037,69,0.00,192
12038,70,0.00,192
12039,71,0.00,192
12040,72,0.00,192
12041,73,0.00,192
12042,74,0.00,192
12043,75,0.00,192
12044,76,0.00,192
12045,77,0.00,192
12046,78,0.00,192
12047,79,0.00,192
12048,80,0.00,192
12049,81,0.00,192
12050,82,0.00,192
12051,83,0.00,192
12052,84,0.00,192
12053,85,0.00,192
12054,86,0.00,192
12055,87,0.00,192
12056,88,0.00,192
12057,89,0.00,192
12058,90,0.00,192
12059,91,0.00,192
12060,92,0.00,192
12061,93,0.00,192
12062,94,0.00,192
12063,95,0.00,192
12064,96,0.00,192
12065,97,0.00,192
12066,98,0.00,192
12067,99,0.00,192
12068,100,0.00,192
12069,101,0.00,192
12070,102,0.00,192
12071,103,0.00,192
12072,104,0.00,192
12073,105,0.00,192
12074,106,0.00,192
12075,107,0.00,192
12076,108,0.00,192
12077,109,0.00,192
12078,110,0.00,192
12079,111,0.00,192
12080,112,0.00,192
12081,113,0.00,192
12082,114,0.00,192
12083,115,0.00,192
12084,116,0.00,192
12085,117,0.00,192
12086,118,0.00,192
12087,119,0.00,192
12088,120,0.00,192
12089,121,0.00,192
12090,122,0.00,192
12091,123,0.00,192
12092,124,0.00,192
12093,125,0.00,192
12094,126,0.00,192
12095,127,0.00,192
12096,128,0.00,192
12097,129,0.00,192
12098,130,0.00,192
12099,131,0.00,192
12100,132,0.00,192
12101,133,0.00,192
12102,134,0.00,192
12103,135,0.00,192
12104,136,0.00,192
12105,137,0.00,192
12106,138,0.00,192
12107,139,0.00,192
12108,140,0.00,192
12109,141,0.00,192
12110,142,0.00,192
12111,143,0.00,192
12112,144,0.00,192
12113,145,0.00,192
12114,146,0.00,192
12115,147,0.00,192
12116,148,0.00,192
12117,149,0.00,192
12118,150,0.00,192
12119,151,0.00,192
12120,152,0.00,192
12121,153,0.00,192
12122,154,0.00,192
12123,155,0.00,192
12124,156,0.00,192
12125,157,0.00,192
12126,158,0.00,192
12127,159,0.00,192
12128,160,0.00,192
12129,161,0.00,192
12130,162,0.00,192
12131,163,0.00,192
12132,164,0.00,192
12133,165,0.00,192
12134,166,0.00,192
12135,167,0.00,192
12136,168,0.00,192
12137,169,0.00,192
12138,170,0.00,192
12139,171,0.00,192
12140,172,0.00,192
12141,173,0.00,192
12142,174,0.00,192
12143,175,0.00,192
12144,176,0.00,192
12145,177,0.00,192
12146,178,0.00,192
12147,179,0.00,192
12148,180,0.00,192
12149,181,0.00,192
12150,182,0.00,192
12151,183,41.67,192
12152,184,0.00,192
12153,185,0.00,192
12154,186,0.00,192
12155,187,0.00,192
12156,188,0.00,192
12157,189,0.00,192
12158,190,0.00,192
12159,191,0.00,192
12160,0,0.00,192
12161,1,0.00,192
12162,2,0.00,192
12163,3,0.00,192
12164,4,0.00,192
12165,5,0.00,192
12166,6,0.00,192
12167,7,0.00,192
12168,8,0.00,192
12169,9,0.00,192
12170,10,0.00,192
12171,11,0.00,192
12172,12,0.00,192
12173,13,0.00,192
12174,14,0.00,192
12175,15,0.00,192
12176,16,0.00,192
12177,17,0.00,192
12178,18,0.00,192
12179,19,0.00,192
12180,20,0.00,192
12181,21,0.00,192
12182,22,0.00,192
12183,23,0.00,192
12184,24,0.00,192
12185,25,0.00,192
12186,26,0.00,192
12187,27,0.00,192
12188,28,0.00,192
12189,29,0.00,192
12190,30,0.00,192
12191,31,0.00,192
12192,32,0.00,192
12193,33,0.00,192
12194,34,0.00,192
12195,35,0.00,192
12196,36,0.00,192
12197,37,0.00,192
12198,38,0.00,192
12199,39,0.00,192
12200,40,0.00,192
12201,41,0.00,192
12202,42,0.00,192
12203,43,0.00,192
12204,44,0.00,192
12205,45,0.00,192
12206,46,0.00,192
12207,47,0.00,192
12208,48,0.00,192
12209,49,0.00,192
12210,50,0.00,192
12211,51,0.00,192
12212,52,0.00,192
12213,53,0.00,192
12214,54,0.00,192
12215,55,0.00,192
12216,56,0.00,192
12217,57,0.00,192
12218,58,0.00,192
12219,59,0.00,192
12220,60,0.00,192
12221,61,0.00,192
12222,62,0.00,192
12223,63,0.00,192
12224,64,0.00,192
12225,65,0.00,192
12226,66,0.00,192
12227,67,0.00,192
12228,68,0.00,192
12229,69,0.00,192
12230,70,0.00,192
12231,71,0.00,192
12232,72,0.00,192
12233,73,0.00,192
12234,74,0.00,192
12235,75,0.00,192
12236,76,0.00,192
12237,77,0.00,192
12238,78,0.00,192
12239,79,0.00,192
12240,80,0.00,192
12241,81,0.00,192
12242,82,0.00,192
12243,83,0.00,192
12244,84,0.00,192
12245,85,0.00,192
12246,86,0.00,192
12247,87,0.00,192
12248,88,0.00,192
12249,89,0.00,192
12250,90,0.00,192
12251,91,0.00,192
12252,92,0.00,192
12253,93,0.00,192
12254,94,0.00,192
12255,95,0.00,192
12256,96,0.00,192
12257,97,0.00,192
12258,98,0.00,192
12259,99,0.00,192
12260,100,0.00,192
12261,101,0.00,192
12262,102,0.00,192
12263,103,0.00,192
12264,104,0.00,192
12265,105,0.00,192
12266,106,0.00,192
12267,107,0.00,192
12268,108,0.00,192
12269,109,0.00,192
12270,110,0.00,192
12271,111,0.00,192
12272,112,0.00,192
12273,113,0.00,192
12274,114,0.00,192
12275,115,0.00,192
12276,116,0.00,192
12277,117,0.00,192
12278,118,0.00,192
12279,119,0.00,192
12280,120,0.00,192
12281,121,0.00,192
12282,122,0.00,192
12283,123,0.00,192
12284,124,0.00,192
12285,125,0.00,192
12286,126,0.00,192
12287,127,0.00,192
12288,128,0.00,192
12289,129,0.00,192
12290,130,0.00,192
12291,131,0.00,192
12292,132,0.00,192
12293,133,0.00,192
12294,134,0.00,192
12295,135,0.00,192
12296,136,0.00,192
12297,137,0.00,192
12298,138,0.00,192
12299,139,0.00,192
12300,140,0.00,192
12301,141,0.00,192
12302,142,0.00,192
12303,143,0.00,192
12304,144,0.00,192
12305,145,0.00,192
12306,146,0.00,192
12307,147,0.00,192
12308,148,0.00,192
12309,149,0.00,192
12310,150,0.00,192
12311,151,0.00,192
12312,152,0.00,192
12313,153,0.00,192
12314,154,0.00,192
12315,155,0.00,192
12316,156,0.00,192
12317,157,0.00,192
12318,158,0.00,192
12319,159,0.00,192
12320,160,0.00,192
12321,161,0.00,192
12322,162,0.00,192
12323,163,0.00,192
12324,164,0.00,192
12325,165,0.00,192
12326,166,0.00,192
12327,167,0.00,192
12328,168,0.00,192
12329,169,0.00,192
12330,170,0.00,192
12331,171,0.00,192
12332,172,0.00,192
12333,173,0.00,192
12334,174,0.00,192
12335,175,0.00,192
12336,176,0.00,192
12337,177,0.00,192
12338,178,0.00,192
12339,179,0.00,192
12340,180,0.00,192
12341,181,0.00,192
12342,182,0.00,192
12343,183,0.00,192
12344,184,0.00,192
12345,185,0.00,192
12346,186,0.00,192
12347,187,0.00,192
12348,188,0.00,192
12349,189,0.00,192
12350,190,41.67,192
12351,191,0.00,192
12352,0,0.00,192
12353,1,0.00,192
12354,2,0.00,192
12355,3,0.00,192
12356,4,0.00,192
12357,5,0.00,192
12358,6,41.67,192
12359,7,0.00,192
12360,8,0.00,192
12361,9,0.00,192
12362,10,0.00,192
12363,11,0.00,192
12364,12,0.00,192
12365,13,0.00,192
12366,14,0.00,192
12367,15,0.00,192
12368,16,0.00,192
12369,17,0.00,192
12370,18,0.00,192
12371,19,0.00,192
12372,20,0.00,192
12373,21,0.00,192
12374,22,0.00,192
12375,23,0.00,192
12376,24,0.00,192
12377,25,0.00,192
12378,26,0.00,192
12379,27,0.00,192
12380,28,0.00,192
12381,29,0.00,192
12382,30,0.00,192
12383,31,0.00,192
12384,32,0.00,192
12385,33,0.00,192
12386,34,0.00,192
12387,35,0.00,192
12388,36,0.00,192
12389,37,0.00,192
12390,38,0.00,192
12391,39,0.00,192
12392,40,0.00,192
12393,41,0.00,192
12394,42,0.00,192
12395,43,0.00,192
12396,44,0.00,192
12397,45,0.00,192
12398,46,0.00,192
12399,47,0.00,192
12400,48,0.00,192
12401,49,0.00,192
12402,50,0.00,192
12403,51,0.00,192
12404,52,0.00,192
12405,53,0.00,192
12406,54,0.00,192
12407,55,0.00,192
12408,56,0.00,192
12409,57,0.00,192
12410,58,0.00,192
12411,59,0.00,192
12412,60,0.00,192
12413,61,0.00,192
12414,62,0.00,192
12415,63,0.00,192
12416,64,0.00,192
12417,65,0.00,192
12418,66,0.00,192
12419,67,0.00,192
12420,68,0.00,192
12421,69,0.00,192
12422,70,0.00,192
12423,71,0.00,192
12424,72,0.00,192
12425,73,0.00,192
12426,74,0.00,192
12427,75,0.00,192
12428,76,0.00,192
12429,77,0.00,192
12430,78,0.00,192
12431,79,0.00,192
12432,80,0.00,192
12433,81,0.00,192
12434,82,0.00,192
12435,83,0.00,192
12436,84,0.00,192
12437,85,0.00,192
12438,86,0.00,192
12439,87,0.00,192
12440,88,0.00,192
12441,89,0.00,192
12442,90,0.00,192
12443,91,0.00,192
12444,92,0.00,192
12445,93,0.00,192
12446,94,0.00,192
12447,95,0.00,192
12448,96,0.00,192
12449,97,0.00,192
12450,98,0.00,192
12451,99,0.00,192
12452,100,0.00,192
12453,101,0.00,192
12454,102,0.00,192
12455,103,0.00,192
12456,104,0.00,192
12457,105,0.00,192
12458,106,0.00,192
12459,107,0.00,192
12460,108,0.00,192
12461,109,0.00,192
12462,110,0.00,192
12463,111,0.00,192
12464,112,0.00,192
12465,113,0.00,192
12466,114,0.00,192
12467,115,0.00,192
12468,116,0.00,192
12469,117,0.00,192
12470,118,0.00,192
12471,119,0.00,192
12472,120,0.00,192
12473,121,0.00,192
12474,122,0.00,192
12475,123,0.00,192
12476,124,0.00,192
12477,125,0.00,192
12478,126,0.00,192
12479,127,0.00,192
12480,128,0.00,192
12481,129,0.00,192
12482,130,0.00,192
12483,131,0.00,192
12484,132,0.00,192
12485,133,0.00,192
12486,134,0.00,192
12487,135,0.00,192
12488,136,0.00,192
12489,137,0.00,192
12490,138,0.00,192
12491,139,0.00,192
12492,140,0.00,192
12493,141,0.00,192
12494,142,0.00,192
12495,143,0.00,192
12496,144,0.00,192
12497,145,0.00,192
12498,146,0.00,192
12499,147,0.00,192
12500,148,0.00,192
12501,149,0.00,192
12502,150,0.00,192
12503,151,0.00,192
12504,152,0.00,192
12505,153,0.00,192
12506,154,0.00,192
12507,155,41.67,192
12508,156,0.00,192
12509,157,0.00,192
12510,158,0.00,192
12511,159,0.00,192
12512,160,0.00,192
12513,161,0.00,192
12514,162,0.00,192
12515,163,0.00,192
12516,164,0.00,192
12517,165,0.00,192
12518,166,0.00,192
12519,167,0.00,192
12520,168,0.00,192
12521,169,0.00,192
12522,170,0.00,192
12523,171,0.00,192
12524,172,0.00,192
12525,173,0.00,192
12526,174,0.00,192
12527,175,0.00,192
12528,176,0.00,192
12529,177,0.00,192
12530,178,0.00,192
12531,179,0.00,192
12532,180,0.00,192
12533,181,0.00,192
12534,182,0.00,192
12535,183,0.00,192
12536,184,0.00,192
12537,185,0.00,192
12538,186,0.00,192
12539,187,0.00,192
12540,188,0.00,192
12541,189,0.00,192
12542,190,0.00,192
12543,191,0.00,192
12544,0,0.00,192
12545,1,41.67,192
12546,2,0.00,192
12547,3,0.00,192
12548,4,0.00,192
12549,5,0.00,192
12550,6,0.00,192
12551,7,0.00,192
12552,8,0.00,192
12553,9,0.00,192
12554,10,0.00,192
12555,11,0.00,192
12556,12,0.00,192
12557,13,0.00,192
12558,14,0.00,192
12559,15,0.00,192
12560,16,0.00,192
12561,17,0.00,192
12562,18,0.00,192
12563,19,0.00,192
12564,20,0.00,192
12565,21,0.00,192
12566,22,0.00,192
12567,23,0.00,192
12568,24,0.00,192
12569,25,0.00,192
12570,26,0.00,192
12571,27,0.00,192
12572,28,0.00,192
12573,29,0.00,192
12574,30,0.00,192
12575,31,0.00,192
12576,32,0.00,192
12577,33,0.00,192
12578,34,0.00,192
12579,35,0.00,192
12580,36,0.00,192
12581,37,0.00,192
12582,38,0.00,192
12583,39,0.00,192
12584,40,0.00,192
12585,41,0.00,192
12586,42,0.00,192
12587,43,0.00,192
12588,44,0.00,192
12589,45,41.67,192
12590,46,0.00,192
12591,47,0.00,192
12592,48,0.00,192
12593,49,0.00,192
12594,50,0.00,192
12595,51,0.00,192
12596,52,0.00,192
12597,53,0.00,192
12598,54,0.00,192
12599,55,0.00,192
12600,56,0.00,192
12601,57,0.00,192
12602,58,0.00,192
12603,59,0.00,192
12604,60,0.00,192
12605,61,0.00,192
12606,62,0.00,192
12607,63,0.00,192
12608,64,0.00,192
12609,65,0.00,192
12610,66,0.00,192
12611,67,0.00,192
12612,68,0.00,192
12613,69,0.00,192
12614,70,0.00,192
12615,71,0.00,192
12616,72,0.00,192
12617,73,0.00,192
12618,74,0.00,192
12619,75,0.00,192
12620,76,0.00,192
12621,77,0.00,192
12622,78,0.00,192
12623,79,0.00,192
12624,80,0.00,192
12625,81,0.00,192
12626,82,0.00,192
12627,83,0.00,192
12628,84,0.00,192
12629,85,0.00,192
12630,86,0.00,192
12631,87,0.00,192
12632,88,0.00,192
12633,89,0.00,192
12634,90,0.00,192
12635,91,0.00,192
12636,92,0.00,192
12637,93,0.00,192
12638,94,0.00,192
12639,95,0.00,192
12640,96,0.00,192
12641,97,0.00,192
12642,98,0.00,192
12643,99,0.00,192
12644,100,0.00,192
12645,101,0.00,192
12646,102,0.00,192
12647,103,0.00,192
12648,104,0.00,192
12649,105,0.00,192
12650,106,0.00,192
12651,107,0.00,192
12652,108,0.00,192
12653,109,0.00,192
12654,110,0.00,192
12655,111,0.00,192
12656,112,0.00,192
12657,113,0.00,192
12658,114,0.00,192
12659,115,0.00,192
12660,116,0.00,192
12661,117,0.00,192
12662,118,0.00,192
12663,119,0.00,192
12664,120,0.00,192
12665,121,0.00,192
12666,122,0.00,192
12667,123,0.00,192
12668,124,0.00,192
12669,125,0.00,192
12670,126,0.00,192
12671,127,0.00,192
12672,128,0.00,192
12673,129,0.00,192
12674,130,0.00,192
12675,131,0.00,192
12676,132,0.00,192
12677,133,0.00,192
12678,134,0.00,192
12679,135,0.00,192
12680,136,0.00,192
12681,137,0.00,192
12682,138,0.00,192
12683,139,0.00,192
12684,140,0.00,192
12685,141,0.00,192
12686,142,0.00,192
12687,143,0.00,192
12688,144,0.00,192
12689,145,0.00,192
12690,146,0.00,192
12691,147,0.00,192
12692,148,0.00,192
12693,149,0.00,192
12694,150,0.00,192
12695,151,0.00,192
12696,152,0.00,192
12697,153,0.00,192
12698,154,0.00,192
12699,155,0.00,192
12700,156,0.00,192
12701,157,0.00,192
12702,158,0.00,192
12703,159,0.00,192
12704,160,0.00,192
12705,161,0.00,192
12706,162,0.00,192
12707,163,0.00,192
12708,164,0.00,192
12709,165,0.00,192
12710,166,0.00,192
12711,167,0.00,192
12712,168,0.00,192
12713,169,0.00,192
12714,170,0.00,192
12715,171,0.00,192
12716,172,0.00,192
12717,173,0.00,192
12718,174,0.00,192
12719,175,0.00,192
12720,176,0.00,192
12721,177,0.00,192
12722,178,0.00,192
12723,179,0.00,192
12724,180,0.00,192
12725,181,0.00,192
12726,182,0.00,192
12727,183,0.00,192
12728,184,0.00,192
12729,185,0.00,192
12730,186,0.00,192
12731,187,0.00,192
12732,188,0.00,192
12733,189,0.00,192
12734,190,0.00,192
12735,191,0.00,192
12736,0,0.00,192
12737,1,0.00,192
12738,2,0.00,192
12739,3,0.00,192
12740,4,0.00,192
12741,5,0.00,192
12742,6,0.00,192
12743,7,0.00,192
12744,8,0.00,192
12745,9,0.00,192
12746,10,0.00,192
12747,11,0.00,192
12748,12,0.00,192
12749,13,0.00,192
12750,14,0.00,192
12751,15,0.00,192
12752,16,0.00,192
12753,17,0.00,192
12754,18,0.00,192
12755,19,0.00,192
12756,20,0.00,192
12757,21,0.00,192
12758,22,0.00,192
12759,23,0.00,192
12760,24,0.00,192
12761,25,0.00,192
12762,26,0.00,192
12763,27,0.00,192
12764,28,0.00,192
12765,29,0.00,192
12766,30,0.00,192
12767,31,0.00,192
12768,32,0.00,192
12769,33,0.00,192
12770,34,0.00,192
12771,35,0.00,192
12772,36,0.00,192
12773,37,0.00,192
12774,38,0.00,192
12775,39,0.00,192
12776,40,0.00,192
12777,41,0.00,192
12778,42,0.00,192
12779,43,0.00,192
12780,44,0.00,192
12781,45,0.00,192
12782,46,0.00,192
12783,47,0.00,192
12784,48,0.00,192
12785,49,0.00,192
12786,50,0.00,192
12787,51,0.00,192
12788,52,0.00,192
12789,53,0.00,192
12790,54,0.00,192
12791,55,0.00,192
12792,56,0.00,192
12793,57,0.00,192
12794,58,0.00,192
12795,59,0.00,192
12796,60,0.00,192
12797,61,0.00,192
12798,62,0.00,192
12799,63,0.00,192
12800,64,0.00,192
12801,65,0.00,192
12802,66,0.00,192
12803,67,0.00,192
12804,68,0.00,192
12805,69,0.00,192
12806,70,0.00,192
12807,71,0.00,192
12808,72,0.00,192
12809,73,0.00,192
12810,74,0.00,192
12811,75,0.00,192
12812,76,0.00,192
12813,77,0.00,192
12814,78,0.00,192
12815,79,0.00,192
12816,80,0.00,192
12817,81,0.00,192
12818,82,0.00,192
12819,83,0.00,192
12820,84,0.00,192
12821,85,0.00,192
12822,86,0.00,192
12823,87,0.00,192
12824,88,0.00,192
12825,89,0.00,192
12826,90,0.00,192
12827,91,0.00,192
12828,92,0.00,192
12829,93,0.00,192
12830,94,0.00,192
12831,95,0.00,192
12832,96,0.00,192
12833,97,0.00,192
12834,98,0.00,192
12835,99,0.00,192
12836,100,0.00,192
12837,101,0.00,192
12838,102,0.00,192
12839,103,0.00,192
12840,104,0.00,192
12841,105,0.00,192
12842,106,0.00,192
12843,107,0.00,192
12844,108,0.00,192
12845,109,0.00,192
12846,110,0.00,192
12847,111,0.00,192
12848,112,0.00,192
12849,113,0.00,192
12850,114,0.00,192
12851,115,0.00,192
12852,116,0.00,192
12853,117,0.00,192
12854,118,0.00,192
12855,119,0.00,192
12856,120,0.00,192
12857,121,0.00,192
12858,122,0.00,192
12859,123,0.00,192
12860,124,0.00,192
12861,125,0.00,192
12862,126,0.00,192
12863,127,0.00,192
12864,128,0.00,192
12865,129,0.00,192
12866,130,0.00,192
12867,131,0.00,192
12868,132,0.00,192
12869,133,0.00,192
12870,134,0.00,192
12871,135,0.00,192
12872,136,0.00,192
12873,137,0.00,192
12874,138,0.00,192
12875,139,0.00,192
12876,140,0.00,192
12877,141,0.00,192
12878,142,0.00,192
12879,143,0.00,192
12880,144,0.00,192
12881,145,0.00,192
12882,146,0.00,192
12883,147,0.00,192
12884,148,0.00,192
12885,149,0.00,192
12886,150,0.00,192
12887,151,0.00,192
12888,152,0.00,192
12889,153,0.00,192
12890,154,0.00,192
12891,155,0.00,192
12892,156,0.00,192
12893,157,0.00,192
12894,158,0.00,192
12895,159,0.00,192
12896,160,0.00,192
12897,161,0.00,192
12898,162,0.00,192
12899,163,0.00,192
12900,164,0.00,192
12901,165,0.00,192
12902,166,0.00,192
12903,167,0.00,192
12904,168,0.00,192
12905,169,0.00,192
12906,170,0.00,192
12907,171,0.00,192
12908,172,0.00,192
12909,173,41.67,192
12910,174,0.00,192
12911,175,0.00,192
12912,176,0.00,192
12913,177,0.00,192
12914,178,0.00,192
12915,179,0.00,192
12916,180,0.00,192
12917,181,0.00,192
12918,182,0.00,192
12919,183,0.00,192
12920,184,0.00,192
12921,185,0.00,192
12922,186,0.00,192
12923,187,0.00,192
12924,188,0.00,192
12925,189,0.00,192
12926,190,0.00,192
12927,191,0.00,192
12928,0,0.00,192
12929,1,0.00,192
12930,2,0.00,192
12931,3,0.00,192
12932,4,0.00,192
12933,5,0.00,192
12934,6,0.00,192
12935,7,0.00,192
12936,8,0.00,192
12937,9,0.00,192
12938,10,0.00,192
12939,11,0.00,192
12940,12,0.00,192
12941,13,0.00,192
12942,14,0.00,192
12943,15,0.00,192
12944,16,0.00,192
12945,17,0.00,192
12946,18,0.00,192
12947,19,0.00,192
12948,20,0.00,192
12949,21,0.00,192
12950,22,0.00,192
12951,23,0.00,192
12952,24,0.00,192
12953,25,0.00,192
12954,26,0.00,192
12955,27,41.67,192
12956,28,0.00,192
12957,29,0.00,192
12958,30,0.00,192
12959,31,0.00,192
12960,32,0.00,192
12961,33,0.00,192
12962,34,0.00,192
12963,35,0.00,192
12964,36,0.00,192
12965,37,0.00,192
12966,38,0.00,192
12967,39,0.00,192
12968,40,0.00,192
12969,41,0.00,192
12970,42,0.00,192
12971,43,0.00,192
12972,44,0.00,192
12973,45,0.00,192
12974,46,0.00,192
12975,47,0.00,192
12976,48,0.00,192
12977,49,0.00,192
12978,50,0.00,192
12979,51,0.00,192
12980,52,0.00,192
12981,53,0.00,192
12982,54,0.00,192
12983,55,0.00,192
12984,56,0.00,192
12985,57,0.00,192
12986,58,0.00,192
12987,59,0.00,192
12988,60,0.00,192
12989,61,0.00,192
12990,62,0.00,192
12991,63,0.00,192
12992,64,0.00,192
12993,65,0.00,192
12994,66,0.00,192
12995,67,0.00,192
12996,68,0.00,192
12997,69,0.00,192
12998,70,0.00,192
12999,71,0.00,192
13000,72,0.00,192
13001,73,0.00,192
13002,74,0.00,192
13003,75,0.00,192
13004,76,0.00,192
13005,77,0.00,192
13006,78,0.00,192
13007,79,0.00,192
13008,80,0.00,192
13009,81,0.00,192
13010,82,0.00,192
13011,83,0.00,192
13012,84,0.00,192
13013,85,0.00,192
13014,86,0.00,192
13015,87,0.00,192
13016,88,0.00,192
13017,89,0.00,192
13018,90,0.00,192
13019,91,0.00,192
13020,92,0.00,192
13021,93,0.00,192
13022,94,0.00,192
13023,95,0.00,192
13024,96,0.00,192
13025,97,0.00,192
13026,98,0.00,192
13027,99,0.00,192
13028,100,0.00,192
13029,101,0.00,192
13030,102,0.00,192
13031,103,0.00,192
13032,104,0.00,192
13033,105,0.00,192
13034,106,0.00,192
13035,107,0.00,192
13036,108,0.00,192
13037,109,0.00,192
13038,110,0.00,192
13039,111,0.00,192
13040,112,0.00,192
13041,113,0.00,192
13042,114,0.00,192
13043,115,0.00,192
13044,116,0.00,192
13045,117,0.00,192
13046,118,0.00,192
13047,119,0.00,192
13048,120,0.00,192
13049,121,0.00,192
13050,122,0.00,192
13051,123,0.00,192
13052,124,0.00,192
13053,125,0.00,192
13054,126,0.00,192
13055,127,0.00,192
13056,128,0.00,192
13057,129,0.00,192
13058,130,0.00,192
13059,131,0.00,192
13060,132,0.00,192
13061,133,0.00,192
13062,134,0.00,192
13063,135,0.00,192
13064,136,0.00,192
13065,137,0.00,192
13066,138,0.00,192
13067,139,41.67,192
13068,140,41.67,192
13069,141,0.00,192
13070,142,0.00,192
13071,143,0.00,192
13072,144,0.00,192
13073,145,0.00,192
13074,146,0.00,192
13075,147,0.00,192
13076,148,0.00,192
13077,149,0.00,192
13078,150,0.00,192
13079,151,0.00,192
13080,152,0.00,192
13081,153,0.00,192
13082,154,0.00,192
13083,155,0.00,192
13084,156,0.00,192
13085,157,0.00,192
13086,158,0.00,192
13087,159,0.00,192
13088,160,0.00,192
13089,161,0.00,192
13090,162,0.00,192
13091,163,0.00,192
13092,164,0.00,192
13093,165,0.00,192
13094,166,0.00,192
13095,167,0.00,192
13096,168,0.00,192
13097,169,0.00,192
13098,170,0.00,192
13099,171,0.00,192
13100,172,0.00,192
13101,173,0.00,192
13102,174,0.00,192
13103,175,0.00,192
13104,176,0.00,192
13105,177,0.00,192
13106,178,0.00,192
13107,179,0.00,192
13108,180,0.00,192
13109,181,0.00,192
13110,182,0.00,192
13111,183,0.00,192
13112,184,0.00,192
13113,185,0.00,192
13114,186,0.00,192
13115,187,0.00,192
13116,188,0.00,192
13117,189,0.00,192
13118,190,0.00,192
13119,191,0.00,192
13120,0,0.00,192
13121,1,0.00,192
13122,2,0.00,192
13123,3,0.00,192
13124,4,0.00,192
13125,5,0.00,192
13126,6,0.00,192
13127,7,0.00,192
13128,8,0.00,192
13129,9,0.00,192
13130,10,0.00,192
13131,11,0.00,192
13132,12,0.00,192
13133,13,0.00,192
13134,14,0.00,192
13135,15,0.00,192
13136,16,0.00,192
13137,17,0.00,192
13138,18,0.00,192
13139,19,0.00,192
13140,20,0.00,192
13141,21,0.00,192
13142,22,0.00,192
13143,23,0.00,192
13144,24,0.00,192
13145,25,0.00,192
13146,26,0.00,192
13147,27,0.00,192
13148,28,0.00,192
13149,29,0.00,192
13150,30,0.00,192
13151,31,0.00,192
13152,32,0.00,192
13153,33,0.00,192
13154,34,0.00,192
13155,35,0.00,192
13156,36,0.00,192
13157,37,0.00,192
13158,38,0.00,192
13159,39,0.00,192
13160,40,0.00,192
13161,41,0.00,192
13162,42,0.00,192
13163,43,0.00,192
13164,44,0.00,192
13165,45,0.00,192
13166,46,0.00,192
13167,47,0.00,192
13168,48,0.00,192
13169,49,0.00,192
13170,50,0.00,192
13171,51,0.00,192
13172,52,0.00,192
13173,53,0.00,192
13174,54,0.00,192
13175,55,0.00,192
13176,56,0.00,192
13177,57,0.00,192
13178,58,0.00,192
13179,59,0.00,192
13180,60,0.00,192
13181,61,0.00,192
13182,62,0.00,192
13183,63,0.00,192
13184,64,0.00,192
13185,65,0.00,192
13186,66,0.00,192
13187,67,0.00,192
13188,68,0.00,192
13189,69,0.00,192
13190,70,0.00,192
13191,71,0.00,192
13192,72,0.00,192
13193,73,0.00,192
13194,74,0.00,192
13195,75,0.00,192
13196,76,0.00,192
13197,77,0.00,192
13198,78,0.00,192
13199,79,0.00,192
13200,80,0.00,192
13201,81,0.00,192
13202,82,0.00,192
13203,83,0.00,192
13204,84,0.00,192
13205,85,0.00,192
13206,86,0.00,192
13207,87,0.00,192
13208,88,0.00,192
13209,89,0.00,192
13210,90,0.00,192
13211,91,0.00,192
13212,92,0.00,192
13213,93,0.00,192
13214,94,0.00,192
13215,95,0.00,192
13216,96,0.00,192
13217,97,0.00,192
13218,98,0.00,192
13219,99,0.00,192
13220,100,0.00,192
13221,101,0.00,192
13222,102,0.00,192
13223,103,0.00,192
13224,104,0.00,192
13225,105,0.00,192
13226,106,0.00,192
13227,107,0.00,192
13228,108,0.00,192
13229,109,0.00,192
13230,110,0.00,192
13231,111,0.00,192
13232,112,0.00,192
13233,113,0.00,192
13234,114,0.00,192
13235,115,0.00,192
13236,116,0.00,192
13237,117,0.00,192
13238,118,0.00,192
13239,119,0.00,192
13240,120,0.00,192
13241,121,0.00,192
13242,122,0.00,192
13243,123,0.00,192
13244,124,0.00,192
13245,125,0.00,192
13246,126,0.00,192
13247,127,0.00,192
13248,128,0.00,192
13249,129,0.00,192
13250,130,0.00,192
13251,131,0.00,192
13252,132,0.00,192
13253,133,0.00,192
13254,134,0.00,192
13255,135,0.00,192
13256,136,0.00,192
13257,137,0.00,192
13258,138,0.00,192
13259,139,0.00,192
13260,140,0.00,192
13261,141,0.00,192
13262,142,0.00,192
13263,143,0.00,192
13264,144,0.00,192
13265,145,0.00,192
13266,146,0.00,192
13267,147,0.00,192
13268,148,0.00,192
13269,149,0.00,192
13270,150,0.00,192
13271,151,0.00,192
13272,152,0.00,192
13273,153,0.00,192
13274,154,0.00,192
13275,155,0.00,192
13276,156,0.00,192
13277,157,0.00,192
13278,158,0.00,192
13279,159,0.00,192
13280,160,0.00,192
13281,161,0.00,192
13282,162,0.00,192
13283,163,0.00,192
13284,164,0.00,192
13285,165,0.00,192
13286,166,0.00,192
13287,167,0.00,192
13288,168,0.00,192
13289,169,0.00,192
13290,170,0.00,192
13291,171,0.00,192
13292,172,0.00,192
13293,173,0.00,192
13294,174,0.00,192
13295,175,0.00,192
13296,176,0.00,192
13297,177,0.00,192
13298,178,41.67,192
13299,179,0.00,192
13300,180,0.00,192
13301,181,0.00,192
13302,182,0.00,192
13303,183,0.00,192
13304,184,0.00,192
13305,185,0.00,192
13306,186,0.00,192
13307,187,0.00,192
13308,188,0.00,192
13309,189,0.00,192
13310,190,0.00,192
13311,191,0.00,192
13312,0,0.00,192
13313,1,0.00,192
13314,2,0.00,192
13315,3,0.00,192
13316,4,0.00,192
13317,5,0.00,192
13318,6,0.00,192
13319,7,0.00,192
13320,8,0.00,192
13321,9,0.00,192
13322,10,0.00,192
13323,11,0.00,192
13324,12,0.00,192
13325,13,0.00,192
13326,14,0.00,192
13327,15,0.00,192
13328,16,0.00,192
13329,17,0.00,192
13330,18,0.00,192
13331,19,0.00,192
13332,20,0.00,192
13333,21,0.00,192
13334,22,0.00,192
13335,23,0.00,192
13336,24,0.00,192
13337,25,0.00,192
13338,26,0.00,192
13339,27,41.67,192
13340,28,0.00,192
13341,29,0.00,192
13342,30,0.00,192
13343,31,0.00,192
13344,32,0.00,192
13345,33,0.00,192
13346,34,0.00,192
13347,35,0.00,192
13348,36,0.00,192
13349,37,0.00,192
13350,38,0.00,192
13351,39,0.00,192
13352,40,0.00,192
13353,41,41.67,192
13354,42,0.00,192
13355,43,0.00,192
13356,44,0.00,192
13357,45,0.00,192
13358,46,0.00,192
13359,47,0.00,192
13360,48,0.00,192
13361,49,0.00,192
13362,50,0.00,192
13363,51,0.00,192
13364,52,0.00,192
13365,53,0.00,192
13366,54,0.00,192
13367,55,0.00,192
13368,56,0.00,192
13369,57,0.00,192
13370,58,0.00,192
13371,59,0.00,192
13372,60,0.00,192
13373,61,0.00,192
13374,62,0.00,192
13375,63,0.00,192
13376,64,0.00,192
13377,65,0.00,192
13378,66,0.00,192
13379,67,0.00,192
13380,68,0.00,192
13381,69,0.00,192
13382,70,0.00,192
13383,71,0.00,192
13384,72,0.00,192
13385,73,0.00,192
13386,74,0.00,192
13387,75,0.00,192
13388,76,0.00,192
13389,77,0.00,192
13390,78,0.00,192
13391,79,0.00,192
13392,80,0.00,192
13393,81,0.00,192
13394,82,0.00,192
13395,83,0.00,192
13396,84,0.00,192
13397,85,0.00,192
13398,86,0.00,192
13399,87,0.00,192
13400,88,0.00,192
13401,89,0.00,192
13402,90,0.00,192
13403,91,0.00,192
13404,92,0.00,192
13405,93,0.00,192
13406,94,0.00,192
13407,95,0.00,192
13408,96,0.00,192
13409,97,0.00,192
13410,98,0.00,192
13411,99,0.00,192
13412,100,0.00,192
13413,101,0.00,192
13414,102,0.00,192
13415,103,0.00,192
13416,104,0.00,192
13417,105,0.00,192
13418,106,0.00,192
13419,107,0.00,192
13420,108,0.00,192
13421,109,0.00,192
13422,110,0.00,192
13423,111,0.00,192
13424,112,0.00,192
13425,113,0.00,192
13426,114,0.00,192
13427,115,0.00,192
13428,116,0.00,192
13429,117,0.00,192
13430,118,0.00,192
13431,119,41.67,192
13432,120,41.67,192
13433,121,0.00,192
13434,122,0.00,192
13435,123,0.00,192
13436,124,0.00,192
13437,125,0.00,192
13438,126,0.00,192
13439,127,41.67,192
13440,128,0.00,192
13441,129,0.00,192
13442,130,0.00,192
13443,131,0.00,192
13444,132,0.00,192
13445,133,0.00,192
13446,134,0.00,192
13447,135,0.00,192
13448,136,0.00,192
13449,137,0.00,192
13450,138,0.00,192
13451,139,0.00,192
13452,140,0.00,192
13453,141,0.00,192
13454,142,0.00,192
13455,143,0.00,192
13456,144,0.00,192
13457,145,0.00,192
13458,146,0.00,192
13459,147,0.00,192
13460,148,0.00,192
13461,149,0.00,192
13462,150,0.00,192
13463,151,0.00,192
13464,152,0.00,192
13465,153,0.00,192
13466,154,0.00,192
13467,155,0.00,192
13468,156,0.00,192
13469,157,0.00,192
13470,158,0.00,192
13471,159,0.00,192
13472,160,0.00,192
13473,161,0.00,192
13474,162,0.00,192
13475,163,0.00,192
13476,164,0.00,192
13477,165,0.00,192
13478,166,0.00,192
13479,167,0.00,192
13480,168,0.00,192
13481,169,0.00,192
13482,170,0.00,192
13483,171,0.00,192
13484,172,0.00,192
13485,173,0.00,192
13486,174,0.00,192
13487,175,0.00,192
13488,176,0.00,192
13489,177,0.00,192
13490,178,0.00,192
13491,179,0.00,192
13492,180,0.00,192
13493,181,0.00,192
13494,182,0.00,192
13495,183,0.00,192
13496,184,0.00,192
13497,185,0.00,192
13498,186,0.00,192
13499,187,0.00,192
13500,188,0.00,192
13501,189,0.00,192
13502,190,0.00,192
13503,191,0.00,192
13504,0,0.00,192
13505,1,0.00,192
13506,2,0.00,192
13507,3,0.00,192
13508,4,0.00,192
13509,5,0.00,192
13510,6,0.00,192
13511,7,0.00,192
13512,8,0.00,192
13513,9,0.00,192
13514,10,0.00,192
13515,11,0.00,192
13516,12,0.00,192
13517,13,0.00,192
13518,14,0.00,192
13519,15,0.00,192
13520,16,0.00,192
13521,17,0.00,192
13522,18,0.00,192
13523,19,0.00,192
13524,20,0.00,192
13525,21,0.00,192
13526,22,0.00,192
13527,23,0.00,192
13528,24,0.00,192
13529,25,0.00,192
13530,26,0.00,192
13531,27,0.00,192
13532,28,0.00,192
13533,29,0.00,192
13534,30,0.00,192
13535,31,0.00,192
13536,32,0.00,192
13537,33,0.00,192
13538,34,0.00,192
13539,35,0.00,192
13540,36,0.00,192
13541,37,0.00,192
13542,38,0.00,192
13543,39,0.00,192
13544,40,0.00,192
13545,41,0.00,192
13546,42,0.00,192
13547,43,0.00,192
13548,44,0.00,192
13549,45,0.00,192
13550,46,0.00,192
13551,47,0.00,192
13552,48,0.00,192
13553,49,0.00,192
13554,50,0.00,192
13555,51,0.00,192
13556,52,0.00,192
13557,53,0.00,192
13558,54,0.00,192
13559,55,0.00,192
13560,56,0.00,192
13561,57,0.00,192
13562,58,0.00,192
13563,59,0.00,192
13564,60,0.00,192
13565,61,0.00,192
13566,62,0.00,192
13567,63,0.00,192
13568,64,0.00,192
13569,65,0.00,192
13570,66,0.00,192
13571,67,0.00,192
13572,68,0.00,192
13573,69,0.00,192
13574,70,0.00,192
13575,71,0.00,192
13576,72,0.00,192
13577,73,0.00,192
13578,74,0.00,192
13579,75,0.00,192
13580,76,0.00,192
13581,77,0.00,192
13582,78,0.00,192
13583,79,0.00,192
13584,80,0.00,192
13585,81,0.00,192
13586,82,0.00,192
13587,83,0.00,192
13588,84,0.00,192
13589,85,0.00,192
13590,86,0.00,192
13591,87,0.00,192
13592,88,0.00,192
13593,89,0.00,192
13594,90,0.00,192
13595,91,0.00,192
13596,92,0.00,192
13597,93,0.00,192
13598,94,0.00,192
13599,95,0.00,192
13600,96,0.00,192
13601,97,0.00,192
13602,98,0.00,192
13603,99,0.00,192
13604,100,0.00,192
13605,101,0.00,192
13606,102,0.00,192
13607,103,0.00,192
13608,104,0.00,192
13609,105,0.00,192
13610,106,0.00,192
13611,107,0.00,192
13612,108,0.00,192
13613,109,0.00,192
13614,110,0.00,192
13615,111,0.00,192
13616,112,0.00,192
13617,113,0.00,192
13618,114,0.00,192
13619,115,0.00,192
13620,116,0.00,192
13621,117,0.00,192
13622,118,0.00,192
13623,119,0.00,192
13624,120,0.00,192
13625,121,0.00,192
13626,122,0.00,192
13627,123,0.00,192
13628,124,0.00,192
13629,125,0.00,192
13630,126,0.00,192
13631,127,0.00,192
13632,128,0.00,192
13633,129,0.00,192
13634,130,0.00,192
13635,131,0.00,192
13636,132,0.00,192
13637,133,0.00,192
13638,134,0.00,192
13639,135,0.00,192
13640,136,0.00,192
13641,137,0.00,192
13642,138,0.00,192
13643,139,0.00,192
13644,140,0.00,192
13645,141,0.00,192
13646,142,0.00,192
13647,143,0.00,192
13648,144,0.00,192
13649,145,0.00,192
13650,146,0.00,192
13651,147,0.00,192
13652,148,0.00,192
13653,149,0.00,192
13654,150,0.00,192
13655,151,0.00,192
13656,152,0.00,192
13657,153,0.00,192
13658,154,0.00,192
13659,155,0.00,192
13660,156,0.00,192
13661,157,0.00,192
13662,158,0.00,192
13663,159,0.00,192
13664,160,0.00,192
13665,161,0.00,192
13666,162,0.00,192
13667,163,0.00,192
13668,164,0.00,192
13669,165,0.00,192
13670,166,0.00,192
13671,167,0.00,192
13672,168,0.00,192
13673,169,0.00,192
13674,170,41.67,192
13675,171,0.00,192
13676,172,0.00,192
13677,173,0.00,192
13678,174,0.00,192
13679,175,0.00,192
13680,176,0.00,192
13681,177,0.00,192
13682,178,0.00,192
13683,179,0.00,192
13684,180,0.00,192
13685,181,0.00,192
13686,182,0.00,192
13687,183,0.00,192
13688,184,0.00,192
13689,185,0.00,192
13690,186,0.00,192
13691,187,0.00,192
13692,188,0.00,192
13693,189,0.00,192
13694,190,0.00,192
13695,191,0.00,192
13696,0,0.00,192
13697,1,0.00,192
13698,2,0.00,192
13699,3,0.00,192
13700,4,0.00,192
13701,5,0.00,192
13702,6,0.00,192
13703,7,0.00,192
13704,8,0.00,192
13705,9,0.00,192
13706,10,0.00,192
13707,11,0.00,192
13708,12,0.00,192
13709,13,0.00,192
13710,14,0.00,192
13711,15,0.00,192
13712,16,0.00,192
13713,17,0.00,192
13714,18,0.00,192
13715,19,0.00,192
13716,20,0.00,192
13717,21,0.00,192
13718,22,0.00,192
13719,23,0.00,192
13720,24,0.00,192
13721,25,0.00,192
13722,26,0.00,192
13723,27,0.00,192
13724,28,0.00,192
13725,29,0.00,192
13726,30,0.00,192
13727,31,0.00,192
13728,32,0.00,192
13729,33,0.00,192
13730,34,0.00,192
13731,35,0.00,192
13732,36,0.00,192
13733,37,0.00,192
13734,38,0.00,192
13735,39,0.00,192
13736,40,0.00,192
13737,41,0.00,192
13738,42,0.00,192
13739,43,0.00,192
13740,44,0.00,192
13741,45,0.00,192
13742,46,0.00,192
13743,47,0.00,192
13744,48,0.00,192
13745,49,0.00,192
13746,50,0.00,192
13747,51,0.00,192
13748,52,0.00,192
13749,53,0.00,192
13750,54,0.00,192
13751,55,0.00,192
13752,56,0.00,192
13753,57,0.00,192
13754,58,0.00,192
13755,59,0.00,192
13756,60,0.00,192
13757,61,0.00,192
13758,62,0.00,192
13759,63,0.00,192
13760,64,0.00,192
13761,65,0.00,192
13762,66,0.00,192
13763,67,0.00,192
13764,68,0.00,192
13765,69,0.00,192
13766,70,0.00,192
13767,71,0.00,192
13768,72,0.00,192
13769,73,0.00,192
13770,74,0.00,192
13771,75,0.00,192
13772,76,0.00,192
13773,77,0.00,192
13774,78,0.00,192
13775,79,0.00,192
13776,80,0.00,192
13777,81,0.00,192
13778,82,0.00,192
13779,83,0.00,192
13780,84,0.00,192
13781,85,0.00,192
13782,86,0.00,192
13783,87,0.00,192
13784,88,0.00,192
13785,89,0.00,192
13786,90,0.00,192
13787,91,0.00,192
13788,92,0.00,192
13789,93,0.00,192
13790,94,0.00,192
13791,95,0.00,192
13792,96,0.00,192
13793,97,0.00,192
13794,98,0.00,192
13795,99,0.00,192
13796,100,0.00,192
13797,101,0.00,192
13798,102,0.00,192
13799,103,0.00,192
13800,104,0.00,192
13801,105,0.00,192
13802,106,0.00,192
13803,107,0.00,192
13804,108,0.00,192
13805,109,0.00,192
13806,110,0.00,192
13807,111,0.00,192
13808,112,0.00,192
13809,113,0.00,192
13810,114,0.00,192
13811,115,0.00,192
13812,116,0.00,192
13813,117,0.00,192
13814,118,0.00,192
13815,119,0.00,192
13816,120,0.00,192
13817,121,0.00,192
13818,122,0.00,192
13819,123,0.00,192
13820,124,0.00,192
13821,125,0.00,192
13822,126,0.00,192
13823,127,0.00,192
13824,128,0.00,192
13825,129,0.00,192
13826,130,0.00,192
13827,131,0.00,192
13828,132,0.00,192
13829,133,0.00,192
13830,134,0.00,192
13831,135,0.00,192
13832,136,0.00,192
13833,137,0.00,192
13834,138,0.00,192
13835,139,0.00,192
13836,140,0.00,192
13837,141,0.00,192
13838,142,0.00,192
13839,143,0.00,192
13840,144,0.00,192
13841,145,0.00,192
13842,146,0.00,192
13843,147,0.00,192
13844,148,0.00,192
13845,149,0.00,192
13846,150,0.00,192
13847,151,0.00,192
13848,152,0.00,192
13849,153,0.00,192
13850,154,0.00,192
13851,155,0.00,192
13852,156,0.00,192
13853,157,0.00,192
13854,158,0.00,192
13855,159,0.00,192
13856,160,0.00,192
13857,161,0.00,192
13858,162,0.00,192
13859,163,0.00,192
13860,164,0.00,192
13861,165,0.00,192
13862,166,0.00,192
13863,167,0.00,192
13864,168,0.00,192
13865,169,0.00,192
13866,170,0.00,192
13867,171,0.00,192
13868,172,0.00,192
13869,173,0.00,192
13870,174,0.00,192
13871,175,0.00,192
13872,176,0.00,192
13873,177,0.00,192
13874,178,0.00,192
13875,179,0.00,192
13876,180,0.00,192
13877,181,0.00,192
13878,182,0.00,192
13879,183,0.00,192
13880,184,0.00,192
13881,185,0.00,192
13882,186,0.00,192
13883,187,0.00,192
13884,188,0.00,192
13885,189,0.00,192
13886,190,0.00,192
13887,191,0.00,192
13888,0,0.00,192
13889,1,0.00,192
13890,2,0.00,192
13891,3,0.00,192
13892,4,0.00,192
13893,5,0.00,192
13894,6,0.00,192
13895,7,41.67,192
13896,8,0.00,192
13897,9,0.00,192
13898,10,0.00,192
13899,11,0.00,192
13900,12,0.00,192
13901,13,0.00,192
13902,14,0.00,192
13903,15,0.00,192
13904,16,0.00,192
13905,17,0.00,192
13906,18,0.00,192
13907,19,0.00,192
13908,20,0.00,192
13909,21,0.00,192
13910,22,0.00,192
13911,23,0.00,192
13912,24,0.00,192
13913,25,0.00,192
13914,26,0.00,192
13915,27,0.00,192
13916,28,0.00,192
13917,29,0.00,192
13918,30,0.00,192
13919,31,0.00,192
13920,32,0.00,192
13921,33,0.00,192
13922,34,0.00,192
13923,35,0.00,192
13924,36,0.00,192
13925,37,0.00,192
13926,38,0.00,192
13927,39,0.00,192
13928,40,0.00,192
13929,41,0.00,192
13930,42,0.00,192
13931,43,0.00,192
13932,44,0.00,192
13933,45,0.00,192
13934,46,0.00,192
13935,47,0.00,192
13936,48,0.00,192
13937,49,0.00,192
13938,50,0.00,192
13939,51,0.00,192
13940,52,0.00,192
13941,53,0.00,192
13942,54,0.00,192
13943,55,0.00,192
13944,56,0.00,192
13945,57,0.00,192
13946,58,0.00,192
13947,59,0.00,192
13948,60,0.00,192
13949,61,0.00,192
13950,62,0.00,192
13951,63,0.00,192
13952,64,0.00,192
13953,65,0.00,192
13954,66,0.00,192
13955,67,0.00,192
13956,68,0.00,192
13957,69,0.00,192
13958,70,0.00,192
13959,71,0.00,192
13960,72,0.00,192
13961,73,0.00,192
13962,74,0.00,192
13963,75,0.00,192
13964,76,0.00,192
13965,77,0.00,192
13966,78,0.00,192
13967,79,0.00,192
13968,80,0.00,192
13969,81,0.00,192
13970,82,0.00,192
13971,83,0.00,192
13972,84,0.00,192
13973,85,0.00,192
13974,86,0.00,192
13975,87,0.00,192
13976,88,0.00,192
13977,89,0.00,192
13978,90,0.00,192
13979,91,0.00,192
13980,92,0.00,192
13981,93,0.00,192
13982,94,0.00,192
13983,95,0.00,192
13984,96,0.00,192
13985,97,0.00,192
13986,98,0.00,192
13987,99,0.00,192
13988,100,0.00,192
13989,101,0.00,192
13990,102,0.00,192
13991,103,0.00,192
13992,104,0.00,192
13993,105,0.00,192
13994,106,0.00,192
13995,107,0.00,192
13996,108,0.00,192
13997,109,0.00,192
13998,110,0.00,192
13999,111,0.00,192
14000,112,0.00,192
14001,113,0.00,192
14002,114,0.00,192
14003,115,0.00,192
14004,116,0.00,192
14005,117,0.00,192
14006,118,0.00,192
14007,119,0.00,192
14008,120,0.00,192
14009,121,0.00,192
14010,122,0.00,192
14011,123,0.00,192
14012,124,0.00,192
14013,125,0.00,192
14014,126,0.00,192
14015,127,0.00,192
14016,128,0.00,192
14017,129,0.00,192
14018,130,0.00,192
14019,131,0.00,192
14020,132,0.00,192
14021,133,0.00,192
14022,134,0.00,192
14023,135,0.00,192
14024,136,0.00,192
14025,137,0.00,192
14026,138,0.00,192
14027,139,0.00,192
14028,140,0.00,192
14029,141,0.00,192
14030,142,0.00,192
14031,143,0.00,192
14032,144,0.00,192
14033,145,0.00,192
14034,146,0.00,192
14035,147,0.00,192
14036,148,0.00,192
14037,149,0.00,192
14038,150,0.00,192
14039,151,0.00,192
14040,152,0.00,192
14041,153,0.00,192
14042,154,0.00,192
14043,155,0.00,192
14044,156,0.00,192
14045,157,0.00,192
14046,158,0.00,192
14047,159,0.00,192
14048,160,0.00,192
14049,161,0.00,192
14050,162,0.00,192
14051,163,0.00,192
14052,164,0.00,192
14053,165,0.00,192
14054,166,0.00,192
14055,167,0.00,192
14056,168,0.00,192
14057,169,0.00,192
14058,170,0.00,192
14059,171,0.00,192
14060,172,0.00,192
14061,173,0.00,192
14062,174,0.00,192
14063,175,0.00,192
14064,176,0.00,192
14065,177,0.00,192
14066,178,0.00,192
14067,179,0.00,192
14068,180,0.00,192
14069,181,0.00,192
14070,182,0.00,192
14071,183,0.00,192
14072,184,0.00,192
14073,185,0.00,192
14074,186,0.00,192
14075,187,0.00,192
14076,188,0.00,192
14077,189,0.00,192
14078,190,0.00,192
14079,191,0.00,192
14080,0,0.00,192
14081,1,0.00,192
14082,2,0.00,192
14083,3,0.00,192
14084,4,0.00,192
14085,5,0.00,192
14086,6,0.00,192
14087,7,0.00,192
14088,8,0.00,192
14089,9,0.00,192
14090,10,0.00,192
14091,11,0.00,192
14092,12,0.00,192
14093,13,0.00,192
14094,14,0.00,192
14095,15,0.00,192
14096,16,0.00,192
14097,17,0.00,192
14098,18,0.00,192
14099,19,0.00,192
14100,20,0.00,192
14101,21,0.00,192
14102,22,0.00,192
14103,23,0.00,192
14104,24,0.00,192
14105,25,0.00,192
14106,26,0.00,192
14107,27,0.00,192
14108,28,0.00,192
14109,29,0.00,192
14110,30,0.00,192
14111,31,0.00,192
14112,32,0.00,192
14113,33,0.00,192
14114,34,0.00,192
14115,35,0.00,192
14116,36,0.00,192
14117,37,0.00,192
14118,38,0.00,192
14119,39,0.00,192
14120,40,0.00,192
14121,41,0.00,192
14122,42,0.00,192
14123,43,0.00,192
14124,44,0.00,192
14125,45,0.00,192
14126,46,0.00,192
14127,47,0.00,192
14128,48,0.00,192
14129,49,0.00,192
14130,50,0.00,192
14131,51,0.00,192
14132,52,0.00,192
14133,53,0.00,192
14134,54,0.00,192
14135,55,0.00,192
14136,56,0.00,192
14137,57,0.00,192
14138,58,0.00,192
14139,59,0.00,192
14140,60,0.00,192
14141,61,0.00,192
14142,62,0.00,192
14143,63,0.00,192
14144,64,41.67,192
14145,65,0.00,192
14146,66,0.00,192
14147,67,0.00,192
14148,68,0.00,192
14149,69,0.00,192
14150,70,0.00,192
14151,71,0.00,192
14152,72,0.00,192
14153,73,0.00,192
14154,74,41.67,192
14155,75,0.00,192
14156,76,0.00,192
14157,77,0.00,192
14158,78,0.00,192
14159,79,0.00,192
14160,80,0.00,192
14161,81,0.00,192
14162,82,0.00,192
14163,83,0.00,192
14164,84,0.00,192
14165,85,0.00,192
14166,86,0.00,192
14167,87,0.00,192
14168,88,0.00,192
14169,89,0.00,192
14170,90,0.00,192
14171,91,0.00,192
14172,92,0.00,192
14173,93,0.00,192
14174,94,0.00,192
14175,95,0.00,192
14176,96,0.00,192
14177,97,0.00,192
14178,98,0.00,192
14179,99,0.00,192
14180,100,0.00,192
14181,101,0.00,192
14182,102,0.00,192
14183,103,0.00,192
14184,104,0.00,192
14185,105,0.00,192
14186,106,0.00,192
14187,107,0.00,192
14188,108,0.00,192
14189,109,0.00,192
14190,110,0.00,192
14191,111,0.00,192
14192,112,0.00,192
14193,113,0.00,192
14194,114,0.00,192
14195,115,0.00,192
14196,116,0.00,192
14197,117,0.00,192
14198,118,0.00,192
14199,119,0.00,192
14200,120,0.00,192
14201,121,0.00,192
14202,122,0.00,192
14203,123,0.00,192
14204,124,0.00,192
14205,125,0.00,192
14206,126,0.00,192
14207,127,0.00,192
14208,128,0.00,192
14209,129,0.00,192
14210,130,0.00,192
14211,131,0.00,192
14212,132,0.00,192
14213,133,0.00,192
14214,134,0.00,192
14215,135,0.00,192
14216,136,0.00,192
14217,137,0.00,192
14218,138,0.00,192
14219,139,0.00,192
14220,140,0.00,192
14221,141,0.00,192
14222,142,0.00,192
14223,143,0.00,192
14224,144,0.00,192
14225,145,0.00,192
14226,146,0.00,192
14227,147,0.00,192
14228,148,0.00,192
14229,149,0.00,192
14230,150,0.00,192
14231,151,0.00,192
14232,152,0.00,192
14233,153,0.00,192
14234,154,0.00,192
14235,155,0.00,192
14236,156,0.00,192
14237,157,0.00,192
14238,158,0.00,192
14239,159,0.00,192
14240,160,0.00,192
14241,161,0.00,192
14242,162,0.00,192
14243,163,0.00,192
14244,164,0.00,192
14245,165,0.00,192
14246,166,0.00,192
14247,167,0.00,192
14248,168,0.00,192
14249,169,0.00,192
14250,170,0.00,192
14251,171,0.00,192
14252,172,0.00,192
14253,173,0.00,192
14254,174,0.00,192
14255,175,0.00,192
14256,176,0.00,192
14257,177,0.00,192
14258,178,0.00,192
14259,179,0.00,192
14260,180,0.00,192
14261,181,0.00,192
14262,182,0.00,192
14263,183,0.00,192
14264,184,0.00,192
14265,185,0.00,192
14266,186,0.00,192
14267,187,0.00,192
14268,188,0.00,192
14269,189,0.00,192
14270,190,0.00,192
14271,191,0.00,192
14272,0,0.00,192
14273,1,0.00,192
14274,2,0.00,192
14275,3,0.00,192
14276,4,0.00,192
14277,5,0.00,192
14278,6,0.00,192
14279,7,0.00,192
14280,8,0.00,192
14281,9,0.00,192
14282,10,0.00,192
14283,11,0.00,192
14284,12,0.00,192
14285,13,0.00,192
14286,14,0.00,192
14287,15,0.00,192
14288,16,0.00,192
14289,17,0.00,192
14290,18,0.00,192
14291,19,0.00,192
14292,20,0.00,192
14293,21,0.00,192
14294,22,0.00,192
14295,23,0.00,192
14296,24,0.00,192
14297,25,0.00,192
14298,26,0.00,192
14299,27,0.00,192
14300,28,0.00,192
14301,29,0.00,192
14302,30,0.00,192
14303,31,0.00,192
14304,32,0.00,192
14305,33,0.00,192
14306,34,0.00,192
14307,35,0.00,192
14308,36,0.00,192
14309,37,0.00,192
14310,38,0.00,192
14311,39,0.00,192
14312,40,0.00,192
14313,41,0.00,192
14314,42,0.00,192
14315,43,0.00,192
14316,44,0.00,192
14317,45,0.00,192
14318,46,0.00,192
14319,47,0.00,192
14320,48,0.00,192
14321,49,0.00,192
14322,50,0.00,192
14323,51,0.00,192
14324,52,0.00,192
14325,53,0.00,192
14326,54,0.00,192
14327,55,0.00,192
14328,56,0.00,192
14329,57,0.00,192
14330,58,0.00,192
14331,59,0.00,192
14332,60,0.00,192
14333,61,0.00,192
14334,62,0.00,192
14335,63,0.00,192
14336,64,0.00,192
14337,65,0.00,192
14338,66,0.00,192
14339,67,0.00,192
14340,68,0.00,192
14341,69,0.00,192
14342,70,0.00,192
14343,71,0.00,192
14344,72,0.00,192
14345,73,0.00,192
14346,74,0.00,192
14347,75,0.00,192
14348,76,0.00,192
14349,77,0.00,192
14350,78,0.00,192
14351,79,0.00,192
14352,80,0.00,192
14353,81,0.00,192
14354,82,0.00,192
14355,83,0.00,192
14356,84,0.00,192
14357,85,0.00,192
14358,86,0.00,192
14359,87,0.00,192
14360,88,0.00,192
14361,89,0.00,192
14362,90,0.00,192
14363,91,0.00,192
14364,92,0.00,192
14365,93,0.00,192
14366,94,0.00,192
14367,95,0.00,192
14368,96,0.00,192
14369,97,0.00,192
14370,98,0.00,192
14371,99,0.00,192
14372,100,0.00,192
14373,101,0.00,192
14374,102,0.00,192
14375,103,0.00,192
14376,104,0.00,192
14377,105,0.00,192
14378,106,0.00,192
14379,107,0.00,192
14380,108,0.00,192
14381,109,0.00,192
14382,110,0.00,192
14383,111,0.00,192
14384,112,0.00,192
14385,113,0.00,192
14386,114,0.00,192
14387,115,0.00,192
14388,116,0.00,192
14389,117,0.00,192
14390,118,0.00,192
14391,119,0.00,192
14392,120,0.00,192
14393,121,0.00,192
14394,122,0.00,192
14395,123,0.00,192
14396,124,0.00,192
14397,125,0.00,192
14398,126,0.00,192
14399,127,0.00,192
14400,128,0.00,192
14401,129,0.00,192
14402,130,0.00,192
14403,131,0.00,192
14404,132,0.00,192
14405,133,0.00,192
14406,134,0.00,192
14407,135,0.00,192
14408,136,0.00,192
14409,137,0.00,192
14410,138,0.00,192
14411,139,0.00,192
14412,140,0.00,192
14413,141,0.00,192
14414,142,0.00,192
14415,143,0.00,192
14416,144,0.00,192
14417,145,0.00,192
14418,146,0.00,192
14419,147,0.00,192
14420,148,0.00,192
14421,149,0.00,192
14422,150,0.00,192
14423,151,0.00,192
14424,152,0.00,192
14425,153,0.00,192
14426,154,0.00,192
14427,155,0.00,192
14428,156,0.00,192
14429,157,0.00,192
14430,158,0.00,192
14431,159,0.00,192
14432,160,0.00,192
14433,161,0.00,192
14434,162,0.00,192
14435,163,0.00,192
14436,164,0.00,192
14437,165,0.00,192
14438,166,0.00,192
14439,167,0.00,192
14440,168,0.00,192
14441,169,0.00,192
14442,170,0.00,192
14443,171,0.00,192
14444,172,41.67,192
14445,173,0.00,192
14446,174,0.00,192
14447,175,0.00,192
14448,176,0.00,192
14449,177,0.00,192
14450,178,0.00,192
14451,179,0.00,192
14452,180,0.00,192
14453,181,0.00,192
14454,182,0.00,192
14455,183,0.00,192
14456,184,0.00,192
14457,185,0.00,192
14458,186,0.00,192
14459,187,0.00,192
14460,188,0.00,192
14461,189,0.00,192
14462,190,0.00,192
14463,191,0.00,192
14464,0,0.00,192
14465,1,0.00,192
14466,2,0.00,192
14467,3,0.00,192
14468,4,0.00,192
14469,5,0.00,192
14470,6,0.00,192
14471,7,0.00,192
14472,8,0.00,192
14473,9,0.00,192
14474,10,0.00,192
14475,11,0.00,192
14476,12,0.00,192
14477,13,0.00,192
14478,14,0.00,192
14479,15,0.00,192
14480,16,0.00,192
14481,17,0.00,192
14482,18,0.00,192
14483,19,0.00,192
14484,20,0.00,192
14485,21,0.00,192
14486,22,0.00,192
14487,23,0.00,192
14488,24,0.00,192
14489,25,0.00,192
14490,26,0.00,192
14491,27,0.00,192
14492,28,0.00,192
14493,29,0.00,192
14494,30,0.00,192
14495,31,0.00,192
14496,32,0.00,192
14497,33,0.00,192
14498,34,0.00,192
14499,35,0.00,192
14500,36,0.00,192
14501,37,0.00,192
14502,38,0.00,192
14503,39,0.00,192
14504,40,0.00,192
14505,41,0.00,192
14506,42,0.00,192
14507,43,0.00,192
14508,44,0.00,192
14509,45,0.00,192
14510,46,0.00,192
14511,47,0.00,192
14512,48,0.00,192
14513,49,0.00,192
14514,50,0.00,192
14515,51,0.00,192
14516,52,0.00,192
14517,53,0.00,192
14518,54,0.00,192
14519,55,0.00,192
14520,56,0.00,192
14521,57,0.00,192
14522,58,0.00,192
14523,59,0.00,192
14524,60,0.00,192
14525,61,0.00,192
14526,62,0.00,192
14527,63,0.00,192
14528,64,0.00,192
14529,65,0.00,192
14530,66,0.00,192
14531,67,0.00,192
14532,68,0.00,192
14533,69,0.00,192
14534,70,0.00,192
14535,71,0.00,192
14536,72,0.00,192
14537,73,0.00,192
14538,74,0.00,192
14539,75,0.00,192
14540,76,0.00,192
14541,77,0.00,192
14542,78,0.00,192
14543,79,0.00,192
14544,80,0.00,192
14545,81,0.00,192
14546,82,0.00,192
14547,83,0.00,192
14548,84,0.00,192
14549,85,0.00,192
14550,86,0.00,192
14551,87,0.00,192
14552,88,0.00,192
14553,89,0.00,192
14554,90,0.00,192
14555,91,0.00,192
14556,92,0.00,192
14557,93,0.00,192
14558,94,0.00,192
14559,95,0.00,192
14560,96,0.00,192
14561,97,0.00,192
14562,98,0.00,192
14563,99,0.00,192
14564,100,0.00,192
14565,101,0.00,192
14566,102,0.00,192
14567,103,0.00,192
14568,104,0.00,192
14569,105,0.00,192
14570,106,0.00,192
14571,107,0.00,192
14572,108,0.00,192
14573,109,0.00,192
14574,110,0.00,192
14575,111,0.00,192
14576,112,0.00,192
14577,113,0.00,192
14578,114,0.00,192
14579,115,0.00,192
14580,116,0.00,192
14581,117,0.00,192
14582,118,0.00,192
14583,119,0.00,192
14584,120,0.00,192
14585,121,0.00,192
14586,122,0.00,192
14587,123,0.00,192
14588,124,0.00,192
14589,125,0.00,192
14590,126,0.00,192
14591,127,0.00,192
14592,128,0.00,192
14593,129,0.00,192
14594,130,0.00,192
14595,131,0.00,192
14596,132,0.00,192
14597,133,0.00,192
14598,134,0.00,192
14599,135,0.00,192
14600,136,0.00,192
14601,137,0.00,192
14602,138,0.00,192
14603,139,0.00,192
14604,140,0.00,192
14605,141,0.00,192
14606,142,0.00,192
14607,143,0.00,192
14608,144,0.00,192
14609,145,0.00,192
14610,146,0.00,192
14611,147,0.00,192
14612,148,0.00,192
14613,149,0.00,192
14614,150,0.00,192
14615,151,0.00,192
14616,152,0.00,192
14617,153,0.00,192
14618,154,0.00,192
14619,155,0.00,192
14620,156,0.00,192
14621,157,0.00,192
14622,158,0.00,192
14623,159,0.00,192
14624,160,0.00,192
14625,161,0.00,192
14626,162,0.00,192
14627,163,0.00,192
14628,164,0.00,192
14629,165,0.00,192
14630,166,0.00,192
14631,167,0.00,192
14632,168,0.00,192
14633,169,0.00,192
14634,170,0.00,192
14635,171,0.00,192
14636,172,0.00,192
14637,173,0.00,192
14638,174,0.00,192
14639,175,0.00,192
14640,176,0.00,192
14641,177,0.00,192
14642,178,0.00,192
14643,179,0.00,192
14644,180,0.00,192
14645,181,0.00,192
14646,182,0.00,192
14647,183,0.00,192
14648,184,0.00,192
14649,185,0.00,192
14650,186,0.00,192
14651,187,0.00,192
14652,188,0.00,192
14653,189,0.00,192
14654,190,0.00,192
14655,191,0.00,192
14656,0,0.00,192
14657,1,0.00,192
14658,2,0.00,192
14659,3,0.00,192
14660,4,0.00,192
14661,5,0.00,192
14662,6,0.00,192
14663,7,0.00,192
14664,8,0.00,192
14665,9,0.00,192
14666,10,0.00,192
14667,11,0.00,192
14668,12,0.00,192
14669,13,0.00,192
14670,14,0.00,192
14671,15,0.00,192
14672,16,0.00,192
14673,17,0.00,192
14674,18,0.00,192
14675,19,0.00,192
14676,20,0.00,192
14677,21,0.00,192
14678,22,0.00,192
14679,23,0.00,192
14680,24,0.00,192
14681,25,0.00,192
14682,26,0.00,192
14683,27,0.00,192
14684,28,0.00,192
14685,29,0.00,192
14686,30,0.00,192
14687,31,0.00,192
14688,32,0.00,192
14689,33,0.00,192
14690,34,0.00,192
14691,35,0.00,192
14692,36,0.00,192
14693,37,0.00,192
14694,38,0.00,192
14695,39,0.00,192
14696,40,0.00,192
14697,41,0.00,192
14698,42,0.00,192
14699,43,0.00,192
14700,44,0.00,192
14701,45,0.00,192
14702,46,0.00,192
14703,47,0.00,192
14704,48,0.00,192
14705,49,0.00,192
14706,50,0.00,192
14707,51,0.00,192
14708,52,0.00,192
14709,53,0.00,192
14710,54,0.00,192
14711,55,0.00,192
14712,56,0.00,192
14713,57,0.00,192
14714,58,0.00,192
14715,59,0.00,192
14716,60,0.00,192
14717,61,0.00,192
14718,62,0.00,192
14719,63,0.00,192
14720,64,0.00,192
14721,65,0.00,192
14722,66,0.00,192
14723,67,0.00,192
14724,68,0.00,192
14725,69,0.00,192
14726,70,0.00,192
14727,71,0.00,192
14728,72,0.00,192
14729,73,0.00,192
14730,74,0.00,192
14731,75,0.00,192
14732,76,0.00,192
14733,77,0.00,192
14734,78,0.00,192
14735,79,0.00,192
14736,80,0.00,192
14737,81,0.00,192
14738,82,0.00,192
14739,83,0.00,192
14740,84,0.00,192
14741,85,0.00,192
14742,86,0.00,192
14743,87,0.00,192
14744,88,0.00,192
14745,89,0.00,192
14746,90,0.00,192
14747,91,0.00,192
14748,92,0.00,192
14749,93,0.00,192
14750,94,0.00,192
14751,95,0.00,192
14752,96,0.00,192
14753,97,0.00,192
14754,98,0.00,192
14755,99,0.00,192
14756,100,0.00,192
14757,101,0.00,192
14758,102,0.00,192
14759,103,0.00,192
14760,104,0.00,192
14761,105,0.00,192
14762,106,41.67,192
14763,107,0.00,192
14764,108,0.00,192
14765,109,0.00,192
14766,110,0.00,192
14767,111,0.00,192
14768,112,0.00,192
14769,113,0.00,192
14770,114,0.00,192
14771,115,0.00,192
14772,116,0.00,192
14773,117,0.00,192
14774,118,0.00,192
14775,119,0.00,192
14776,120,0.00,192
14777,121,0.00,192
14778,122,0.00,192
14779,123,0.00,192
14780,124,0.00,192
14781,125,0.00,192
14782,126,0.00,192
14783,127,0.00,192
14784,128,0.00,192
14785,129,0.00,192
14786,130,0.00,192
14787,131,0.00,192
14788,132,0.00,192
14789,133,0.00,192
14790,134,0.00,192
14791,135,0.00,192
14792,136,0.00,192
14793,137,0.00,192
14794,138,0.00,192
14795,139,0.00,192
14796,140,0.00,192
14797,141,0.00,192
14798,142,0.00,192
14799,143,0.00,192
14800,144,0.00,192
14801,145,0.00,192
14802,146,0.00,192
14803,147,0.00,192
14804,148,0.00,192
14805,149,0.00,192
14806,150,0.00,192
14807,151,0.00,192
14808,152,0.00,192
14809,153,0.00,192
14810,154,0.00,192
14811,155,0.00,192
14812,156,0.00,192
14813,157,0.00,192
14814,158,0.00,192
14815,159,0.00,192
14816,160,0.00,192
14817,161,0.00,192
14818,162,0.00,192
14819,163,0.00,192
14820,164,0.00,192
14821,165,0.00,192
14822,166,0.00,192
14823,167,0.00,192
14824,168,0.00,192
14825,169,0.00,192
14826,170,0.00,192
14827,171,0.00,192
14828,172,0.00,192
14829,173,0.00,192
14830,174,0.00,192
14831,175,0.00,192
14832,176,0.00,192
14833,177,0.00,192
14834,178,0.00,192
14835,179,0.00,192
14836,180,0.00,192
14837,181,0.00,192
14838,182,0.00,192
14839,183,0.00,192
14840,184,0.00,192
14841,185,0.00,192
14842,186,0.00,192
14843,187,0.00,192
14844,188,0.00,192
14845,189,0.00,192
14846,190,0.00,192
14847,191,0.00,192
14848,0,0.00,192
14849,1,0.00,192
14850,2,0.00,192
14851,3,0.00,192
14852,4,0.00,192
14853,5,0.00,192
14854,6,0.00,192
14855,7,0.00,192
14856,8,0.00,192
14857,9,0.00,192
14858,10,0.00,192
14859,11,0.00,192
14860,12,0.00,192
14861,13,0.00,192
14862,14,0.00,192
14863,15,0.00,192
14864,16,0.00,192
14865,17,0.00,192
14866,18,0.00,192
14867,19,0.00,192
14868,20,0.00,192
14869,21,0.00,192
14870,22,0.00,192
14871,23,0.00,192
14872,24,0.00,192
14873,25,0.00,192
14874,26,0.00,192
14875,27,0.00,192
14876,28,0.00,192
14877,29,0.00,192
14878,30,0.00,192
14879,31,0.00,192
14880,32,41.67,192
14881,33,0.00,192
14882,34,0.00,192
14883,35,0.00,192
14884,36,0.00,192
14885,37,0.00,192
14886,38,0.00,192
14887,39,0.00,192
14888,40,0.00,192
14889,41,0.00,192
14890,42,0.00,192
14891,43,0.00,192
14892,44,0.00,192
14893,45,0.00,192
14894,46,0.00,192
14895,47,0.00,192
14896,48,0.00,192
14897,49,0.00,192
14898,50,0.00,192
14899,51,0.00,192
14900,52,0.00,192
14901,53,0.00,192
14902,54,0.00,192
14903,55,0.00,192
14904,56,0.00,192
14905,57,0.00,192
14906,58,0.00,192
14907,59,0.00,192
14908,60,0.00,192
14909,61,0.00,192
14910,62,0.00,192
14911,63,0.00,192
14912,64,0.00,192
14913,65,0.00,192
14914,66,0.00,192
14915,67,0.00,192
14916,68,0.00,192
14917,69,0.00,192
14918,70,0.00,192
14919,71,0.00,192
14920,72,0.00,192
14921,73,0.00,192
14922,74,0.00,192
14923,75,0.00,192
14924,76,0.00,192
14925,77,0.00,192
14926,78,0.00,192
14927,79,0.00,192
14928,80,0.00,192
14929,81,0.00,192
14930,82,0.00,192
14931,83,0.00,192
14932,84,0.00,192
14933,85,0.00,192
14934,86,0.00,192
14935,87,0.00,192
14936,88,0.00,192
14937,89,0.00,192
14938,90,0.00,192
14939,91,0.00,192
14940,92,0.00,192
14941,93,0.00,192
14942,94,0.00,192
14943,95,0.00,192
14944,96,41.67,192
14945,97,0.00,192
14946,98,0.00,192
14947,99,0.00,192
14948,100,0.00,192
14949,101,0.00,192
14950,102,0.00,192
14951,103,0.00,192
14952,104,0.00,192
14953,105,0.00,192
14954,106,0.00,192
14955,107,0.00,192
14956,108,0.00,192
14957,109,0.00,192
14958,110,0.00,192
14959,111,0.00,192
14960,112,0.00,192
14961,113,0.00,192
14962,114,0.00,192
14963,115,0.00,192
14964,116,0.00,192
14965,117,0.00,192
14966,118,0.00,192
14967,119,0.00,192
14968,120,0.00,192
14969,121,0.00,192
14970,122,0.00,192
14971,123,0.00,192
14972,124,0.00,192
14973,125,0.00,192
14974,126,0.00,192
14975,127,0.00,192
14976,128,0.00,192
14977,129,0.00,192
14978,130,0.00,192
14979,131,0.00,192
14980,132,0.00,192
14981,133,0.00,192
14982,134,0.00,192
14983,135,0.00,192
14984,136,0.00,192
14985,137,0.00,192
14986,138,0.00,192
14987,139,0.00,192
14988,140,0.00,192
14989,141,0.00,192
14990,142,0.00,192
14991,143,0.00,192
14992,144,0.00,192
14993,145,0.00,192
14994,146,0.00,192
14995,147,0.00,192
14996,148,0.00,192
14997,149,0.00,192
14998,150,0.00,192
14999,151,0.00,192
15000,152,0.00,192
15001,153,0.00,192
15002,154,0.00,192
15003,155,0.00,192
15004,156,0.00,192
15005,157,0.00,192
15006,158,0.00,192
15007,159,0.00,192
15008,160,0.00,192
15009,161,0.00,192
15010,162,0.00,192
15011,163,0.00,192
15012,164,0.00,192
15013,165,41.67,192
15014,166,0.00,192
15015,167,0.00,192
15016,168,0.00,192
15017,169,0.00,192
15018,170,0.00,192
15019,171,0.00,192
15020,172,0.00,192
15021,173,0.00,192
15022,174,0.00,192
15023,175,0.00,192
15024,176,0.00,192
15025,177,0.00,192
15026,178,0.00,192
15027,179,0.00,192
15028,180,0.00,192
15029,181,0.00,192
15030,182,0.00,192
15031,183,0.00,192
15032,184,0.00,192
15033,185,0.00,192
15034,186,0.00,192
15035,187,41.67,192
15036,188,0.00,192
15037,189,0.00,192
15038,190,0.00,192
15039,191,0.00,192
15040,0,0.00,192
15041,1,0.00,192
15042,2,0.00,192
15043,3,0.00,192
15044,4,0.00,192
15045,5,0.00,192
15046,6,0.00,192
15047,7,0.00,192
15048,8,0.00,192
15049,9,0.00,192
15050,10,0.00,192
15051,11,0.00,192
15052,12,0.00,192
15053,13,0.00,192
15054,14,0.00,192
15055,15,0.00,192
15056,16,0.00,192
15057,17,0.00,192
15058,18,0.00,192
15059,19,0.00,192
15060,20,0.00,192
15061,21,0.00,192
15062,22,0.00,192
15063,23,0.00,192
15064,24,0.00,192
15065,25,0.00,192
15066,26,0.00,192
15067,27,0.00,192
15068,28,0.00,192
15069,29,0.00,192
15070,30,0.00,192
15071,31,0.00,192
15072,32,0.00,192
15073,33,0.00,192
15074,34,0.00,192
15075,35,0.00,192
15076,36,0.00,192
15077,37,0.00,192
15078,38,0.00,192
15079,39,0.00,192
15080,40,0.00,192
15081,41,0.00,192
15082,42,0.00,192
15083,43,0.00,192
15084,44,0.00,192
15085,45,0.00,192
15086,46,0.00,192
15087,47,0.00,192
15088,48,0.00,192
15089,49,0.00,192
15090,50,0.00,192
15091,51,0.00,192
15092,52,0.00,192
15093,53,0.00,192
15094,54,0.00,192
15095,55,0.00,192
15096,56,0.00,192
15097,57,0.00,192
15098,58,0.00,192
15099,59,0.00,192
15100,60,0.00,192
15101,61,0.00,192
15102,62,0.00,192
15103,63,0.00,192
15104,64,0.00,192
15105,65,0.00,192
15106,66,0.00,192
15107,67,0.00,192
15108,68,0.00,192
15109,69,0.00,192
15110,70,0.00,192
15111,71,0.00,192
15112,72,0.00,192
15113,73,0.00,192
15114,74,0.00,192
15115,75,0.00,192
15116,76,0.00,192
15117,77,0.00,192
15118,78,0.00,192
15119,79,0.00,192
15120,80,0.00,192
15121,81,0.00,192
15122,82,0.00,192
15123,83,0.00,192
15124,84,0.00,192
15125,85,0.00,192
15126,86,0.00,192
15127,87,0.00,192
15128,88,0.00,192
15129,89,0.00,192
15130,90,0.00,192
15131,91,0.00,192
15132,92,0.00,192
15133,93,0.00,192
15134,94,0.00,192
15135,95,0.00,192
15136,96,0.00,192
15137,97,0.00,192
15138,98,0.00,192
15139,99,0.00,192
15140,100,0.00,192
15141,101,0.00,192
15142,102,0.00,192
15143,103,0.00,192
15144,104,0.00,192
15145,105,0.00,192
15146,106,0.00,192
15147,107,0.00,192
15148,108,0.00,192
15149,109,0.00,192
15150,110,0.00,192
15151,111,0.00,192
15152,112,0.00,192
15153,113,0.00,192
15154,114,0.00,192
15155,115,0.00,192
15156,116,0.00,192
15157,117,0.00,192
15158,118,0.00,192
15159,119,0.00,192
15160,120,0.00,192
15161,121,0.00,192
15162,122,0.00,192
15163,123,0.00,192
15164,124,0.00,192
15165,125,0.00,192
15166,126,0.00,192
15167,127,0.00,192
15168,128,0.00,192
15169,129,0.00,192
15170,130,0.00,192
15171,131,0.00,192
15172,132,0.00,192
15173,133,0.00,192
15174,134,0.00,192
15175,135,0.00,192
15176,136,0.00,192
15177,137,0.00,192
15178,138,0.00,192
15179,139,0.00,192
15180,140,0.00,192
15181,141,0.00,192
15182,142,0.00,192
15183,143,0.00,192
15184,144,0.00,192
15185,145,0.00,192
15186,146,0.00,192
15187,147,0.00,192
15188,148,0.00,192
15189,149,0.00,192
15190,150,0.00,192
15191,151,0.00,192
15192,152,0.00,192
15193,153,0.00,192
15194,154,0.00,192
15195,155,0.00,192
15196,156,0.00,192
15197,157,0.00,192
15198,158,0.00,192
15199,159,0.00,192
15200,160,0.00,192
15201,161,0.00,192
15202,162,0.00,192
15203,163,0.00,192
15204,164,0.00,192
15205,165,0.00,192
15206,166,0.00,192
15207,167,0.00,192
15208,168,0.00,192
15209,169,0.00,192
15210,170,0.00,192
15211,171,0.00,192
15212,172,0.00,192
15213,173,0.00,192
15214,174,0.00,192
15215,175,0.00,192
15216,176,0.00,192
15217,177,0.00,192
15218,178,0.00,192
15219,179,0.00,192
15220,180,0.00,192
15221,181,0.00,192
15222,182,0.00,192
15223,183,0.00,192
15224,184,0.00,192
15225,185,0.00,192
15226,186,0.00,192
15227,187,0.00,192
15228,188,0.00,192
15229,189,0.00,192
15230,190,0.00,192
15231,191,0.00,192
15232,0,0.00,192
15233,1,0.00,192
15234,2,0.00,192
15235,3,0.00,192
15236,4,0.00,192
15237,5,0.00,192
15238,6,0.00,192
15239,7,0.00,192
15240,8,0.00,192
15241,9,0.00,192
15242,10,0.00,192
15243,11,0.00,192
15244,12,0.00,192
15245,13,0.00,192
15246,14,0.00,192
15247,15,0.00,192
15248,16,0.00,192
15249,17,0.00,192
15250,18,0.00,192
15251,19,0.00,192
15252,20,0.00,192
15253,21,0.00,192
15254,22,0.00,192
15255,23,0.00,192
15256,24,0.00,192
15257,25,0.00,192
15258,26,0.00,192
15259,27,0.00,192
15260,28,0.00,192
15261,29,0.00,192
15262,30,0.00,192
15263,31,0.00,192
15264,32,0.00,192
15265,33,0.00,192
15266,34,0.00,192
15267,35,0.00,192
15268,36,0.00,192
15269,37,0.00,192
15270,38,0.00,192
15271,39,0.00,192
15272,40,0.00,192
15273,41,0.00,192
15274,42,0.00,192
15275,43,0.00,192
15276,44,0.00,192
15277,45,0.00,192
15278,46,0.00,192
15279,47,41.67,192
15280,48,0.00,192
15281,49,0.00,192
15282,50,0.00,192
15283,51,0.00,192
15284,52,0.00,192
15285,53,0.00,192
15286,54,0.00,192
15287,55,0.00,192
15288,56,0.00,192
15289,57,0.00,192
15290,58,0.00,192
15291,59,0.00,192
15292,60,0.00,192
15293,61,0.00,192
15294,62,0.00,192
15295,63,0.00,192
15296,64,0.00,192
15297,65,0.00,192
15298,66,0.00,192
15299,67,0.00,192
15300,68,0.00,192
15301,69,0.00,192
15302,70,0.00,192
15303,71,41.67,192
15304,72,0.00,192
15305,73,0.00,192
15306,74,0.00,192
15307,75,0.00,192
15308,76,0.00,192
15309,77,0.00,192
15310,78,0.00,192
15311,79,0.00,192
15312,80,0.00,192
15313,81,0.00,192
15314,82,0.00,192
15315,83,0.00,192
15316,84,0.00,192
15317,85,0.00,192
15318,86,0.00,192
15319,87,0.00,192
15320,88,0.00,192
15321,89,0.00,192
15322,90,0.00,192
15323,91,0.00,192
15324,92,0.00,192
15325,93,0.00,192
15326,94,0.00,192
15327,95,0.00,192
15328,96,0.00,192
15329,97,0.00,192
15330,98,0.00,192
15331,99,0.00,192
15332,100,0.00,192
15333,101,0.00,192
15334,102,0.00,192
15335,103,0.00,192
15336,104,0.00,192
15337,105,0.00,192
15338,106,0.00,192
15339,107,0.00,192
15340,108,0.00,192
15341,109,0.00,192
15342,110,0.00,192
15343,111,0.00,192
15344,112,0.00,192
15345,113,0.00,192
15346,114,0.00,192
15347,115,0.00,192
15348,116,0.00,192
15349,117,0.00,192
15350,118,0.00,192
15351,119,0.00,192
15352,120,0.00,192
15353,121,0.00,192
15354,122,0.00,192
15355,123,0.00,192
15356,124,0.00,192
15357,125,0.00,192
15358,126,0.00,192
15359,127,0.00,192
15360,128,0.00,192
15361,129,0.00,192
15362,130,0.00,192
15363,131,0.00,192
15364,132,0.00,192
15365,133,0.00,192
15366,134,0.00,192
15367,135,0.00,192
15368,136,0.00,192
15369,137,0.00,192
15370,138,0.00,192
15371,139,0.00,192
15372,140,0.00,192
15373,141,0.00,192
15374,142,0.00,192
15375,143,0.00,192
15376,144,0.00,192
15377,145,0.00,192
15378,146,0.00,192
15379,147,0.00,192
15380,148,0.00,192
15381,149,0.00,192
15382,150,0.00,192
15383,151,0.00,192
15384,152,0.00,192
15385,153,0.00,192
15386,154,0.00,192
15387,155,0.00,192
15388,156,0.00,192
15389,157,0.00,192
15390,158,0.00,192
15391,159,0.00,192
15392,160,0.00,192
15393,161,0.00,192
15394,162,0.00,192
15395,163,0.00,192
15396,164,0.00,192
15397,165,0.00,192
15398,166,0.00,192
15399,167,0.00,192
15400,168,0.00,192
15401,169,0.00,192
15402,170,0.00,192
15403,171,41.67,192
15404,172,0.00,192
15405,173,0.00,192
15406,174,0.00,192
15407,175,0.00,192
15408,176,0.00,192
15409,177,0.00,192
15410,178,0.00,192
15411,179,0.00,192
15412,180,0.00,192
15413,181,0.00,192
15414,182,0.00,192
15415,183,0.00,192
15416,184,0.00,192
15417,185,0.00,192
15418,186,0.00,192
15419,187,0.00,192
15420,188,0.00,192
15421,189,0.00,192
15422,190,0.00,192
15423,191,0.00,192
15424,0,0.00,192
15425,1,0.00,192
15426,2,0.00,192
15427,3,0.00,192
15428,4,0.00,192
15429,5,0.00,192
15430,6,0.00,192
15431,7,0.00,192
15432,8,0.00,192
15433,9,0.00,192
15434,10,0.00,192
15435,11,0.00,192
15436,12,0.00,192
15437,13,0.00,192
15438,14,0.00,192
15439,15,0.00,192
15440,16,0.00,192
15441,17,0.00,192
15442,18,0.00,192
15443,19,0.00,192
15444,20,0.00,192
15445,21,0.00,192
15446,22,0.00,192
15447,23,0.00,192
15448,24,0.00,192
15449,25,0.00,192
15450,26,0.00,192
15451,27,0.00,192
15452,28,0.00,192
15453,29,0.00,192
15454,30,0.00,192
15455,31,0.00,192
15456,32,0.00,192
15457,33,0.00,192
15458,34,0.00,192
15459,35,0.00,192
15460,36,0.00,192
15461,37,0.00,192
15462,38,0.00,192
15463,39,0.00,192
15464,40,0.00,192
15465,41,0.00,192
15466,42,0.00,192
15467,43,0.00,192
15468,44,0.00,192
15469,45,0.00,192
15470,46,0.00,192
15471,47,0.00,192
15472,48,0.00,192
15473,49,0.00,192
15474,50,0.00,192
15475,51,0.00,192
15476,52,0.00,192
15477,53,0.00,192
15478,54,0.00,192
15479,55,0.00,192
15480,56,0.00,192
15481,57,0.00,192
15482,58,0.00,192
15483,59,0.00,192
15484,60,0.00,192
15485,61,0.00,192
15486,62,0.00,192
15487,63,0.00,192
15488,64,0.00,192
15489,65,0.00,192
15490,66,0.00,192
15491,67,0.00,192
15492,68,0.00,192
15493,69,0.00,192
15494,70,0.00,192
15495,71,0.00,192
15496,72,0.00,192
15497,73,0.00,192
15498,74,0.00,192
15499,75,0.00,192
15500,76,0.00,192
15501,77,0.00,192
15502,78,0.00,192
15503,79,0.00,192
15504,80,0.00,192
15505,81,0.00,192
15506,82,0.00,192
15507,83,0.00,192
15508,84,0.00,192
15509,85,0.00,192
15510,86,0.00,192
15511,87,0.00,192
15512,88,0.00,192
15513,89,0.00,192
15514,90,0.00,192
15515,91,0.00,192
15516,92,0.00,192
15517,93,0.00,192
15518,94,0.00,192
15519,95,0.00,192
15520,96,0.00,192
15521,97,0.00,192
15522,98,0.00,192
15523,99,0.00,192
15524,100,0.00,192
15525,101,0.00,192
15526,102,0.00,192
15527,103,0.00,192
15528,104,0.00,192
15529,105,0.00,192
15530,106,0.00,192
15531,107,0.00,192
15532,108,0.00,192
15533,109,0.00,192
15534,110,0.00,192
15535,111,0.00,192
15536,112,0.00,192
15537,113,0.00,192
15538,114,0.00,192
15539,115,0.00,192
15540,116,0.00,192
15541,117,0.00,192
15542,118,0.00,192
15543,119,0.00,192
15544,120,0.00,192
15545,121,0.00,192
15546,122,0.00,192
15547,123,0.00,192
15548,124,0.00,192
15549,125,0.00,192
15550,126,0.00,192
15551,127,0.00,192
15552,128,0.00,192
15553,129,0.00,192
15554,130,0.00,192
15555,131,0.00,192
15556,132,0.00,192
15557,133,0.00,192
15558,134,0.00,192
15559,135,0.00,192
15560,136,0.00,192
15561,137,0.00,192
15562,138,0.00,192
15563,139,0.00,192
15564,140,0.00,192
15565,141,0.00,192
15566,142,0.00,192
15567,143,0.00,192
15568,144,0.00,192
15569,145,0.00,192
15570,146,0.00,192
15571,147,0.00,192
15572,148,0.00,192
15573,149,0.00,192
15574,150,0.00,192
15575,151,0.00,192
15576,152,0.00,192
15577,153,0.00,192
15578,154,0.00,192
15579,155,0.00,192
15580,156,0.00,192
15581,157,0.00,192
15582,158,0.00,192
15583,159,0.00,192
15584,160,0.00,192
15585,161,0.00,192
15586,162,0.00,192
15587,163,0.00,192
15588,164,0.00,192
15589,165,0.00,192
15590,166,0.00,192
15591,167,0.00,192
15592,168,0.00,192
15593,169,0.00,192
15594,170,0.00,192
15595,171,0.00,192
15596,172,0.00,192
15597,173,0.00,192
15598,174,0.00,192
15599,175,0.00,192
15600,176,0.00,192
15601,177,0.00,192
15602,178,0.00,192
15603,179,0.00,192
15604,180,0.00,192
15605,181,0.00,192
15606,182,0.00,192
15607,183,0.00,192
15608,184,0.00,192
15609,185,0.00,192
15610,186,0.00,192
15611,187,0.00,192
15612,188,0.00,192
15613,189,0.00,192
15614,190,0.00,192
15615,191,0.00,192
15616,0,0.00,192
15617,1,0.00,192
15618,2,0.00,192
15619,3,0.00,192
15620,4,0.00,192
15621,5,0.00,192
15622,6,0.00,192
15623,7,0.00,192
15624,8,0.00,192
15625,9,0.00,192
15626,10,0.00,192
15627,11,0.00,192
15628,12,0.00,192
15629,13,0.00,192
15630,14,0.00,192
15631,15,0.00,192
15632,16,0.00,192
15633,17,0.00,192
15634,18,0.00,192
15635,19,0.00,192
15636,20,0.00,192
15637,21,0.00,192
15638,22,0.00,192
15639,23,0.00,192
15640,24,0.00,192
15641,25,0.00,192
15642,26,0.00,192
15643,27,0.00,192
15644,28,0.00,192
15645,29,0.00,192
15646,30,0.00,192
15647,31,0.00,192
15648,32,0.00,192
15649,33,0.00,192
15650,34,0.00,192
15651,35,0.00,192
15652,36,41.67,192
15653,37,0.00,192
15654,38,0.00,192
15655,39,0.00,192
15656,40,0.00,192
15657,41,0.00,192
15658,42,0.00,192
15659,43,0.00,192
15660,44,0.00,192
15661,45,0.00,192
15662,46,0.00,192
15663,47,0.00,192
15664,48,0.00,192
15665,49,0.00,192
15666,50,0.00,192
15667,51,0.00,192
15668,52,0.00,192
15669,53,0.00,192
15670,54,0.00,192
15671,55,0.00,192
15672,56,0.00,192
15673,57,0.00,192
15674,58,0.00,192
15675,59,0.00,192
15676,60,0.00,192
15677,61,0.00,192
15678,62,0.00,192
15679,63,0.00,192
15680,64,0.00,192
15681,65,0.00,192
15682,66,0.00,192
15683,67,0.00,192
15684,68,0.00,192
15685,69,0.00,192
15686,70,0.00,192
15687,71,0.00,192
15688,72,0.00,192
15689,73,0.00,192
15690,74,0.00,192
15691,75,0.00,192
15692,76,0.00,192
15693,77,0.00,192
15694,78,0.00,192
15695,79,0.00,192
15696,80,0.00,192
15697,81,0.00,192
15698,82,0.00,192
15699,83,0.00,192
15700,84,0.00,192
15701,85,0.00,192
15702,86,0.00,192
15703,87,0.00,192
15704,88,0.00,192
15705,89,0.00,192
15706,90,0.00,192
15707,91,0.00,192
15708,92,0.00,192
15709,93,0.00,192
15710,94,0.00,192
15711,95,41.67,192
15712,96,0.00,192
15713,97,0.00,192
15714,98,0.00,192
15715,99,0.00,192
15716,100,0.00,192
15717,101,0.00,192
15718,102,0.00,192
15719,103,0.00,192
15720,104,0.00,192
15721,105,0.00,192
15722,106,0.00,192
15723,107,0.00,192
15724,108,0.00,192
15725,109,0.00,192
15726,110,0.00,192
15727,111,0.00,192
15728,112,0.00,192
15729,113,0.00,192
15730,114,0.00,192
15731,115,0.00,192
15732,116,0.00,192
15733,117,0.00,192
15734,118,0.00,192
15735,119,0.00,192
15736,120,0.00,192
15737,121,0.00,192
15738,122,0.00,192
15739,123,0.00,192
15740,124,0.00,192
15741,125,0.00,192
15742,126,0.00,192
15743,127,0.00,192
15744,128,0.00,192
15745,129,0.00,192
15746,130,0.00,192
15747,131,0.00,192
15748,132,0.00,192
15749,133,0.00,192
15750,134,0.00,192
15751,135,0.00,192
15752,136,0.00,192
15753,137,0.00,192
15754,138,0.00,192
15755,139,0.00,192
15756,140,0.00,192
15757,141,0.00,192
15758,142,0.00,192
15759,143,0.00,192
15760,144,0.00,192
15761,145,0.00,192
15762,146,0.00,192
15763,147,0.00,192
15764,148,0.00,192
15765,149,0.00,192
15766,150,0.00,192
15767,151,0.00,192
15768,152,0.00,192
15769,153,0.00,192
15770,154,0.00,192
15771,155,0.00,192
15772,156,0.00,192
15773,157,0.00,192
15774,158,0.00,192
15775,159,0.00,192
15776,160,0.00,192
15777,161,0.00,192
15778,162,0.00,192
15779,163,0.00,192
15780,164,0.00,192
15781,165,0.00,192
15782,166,0.00,192
15783,167,0.00,192
15784,168,0.00,192
15785,169,0.00,192
15786,170,0.00,192
15787,171,0.00,192
15788,172,0.00,192
15789,173,0.00,192
15790,174,0.00,192
15791,175,0.00,192
15792,176,0.00,192
15793,177,0.00,192
15794,178,0.00,192
15795,179,0.00,192
15796,180,0.00,192
15797,181,0.00,192
15798,182,0.00,192
15799,183,0.00,192
15800,184,0.00,192
15801,185,0.00,192
15802,186,0.00,192
15803,187,0.00,192
15804,188,0.00,192
15805,189,0.00,192
15806,190,0.00,192
15807,191,0.00,192
15808,0,0.00,192
15809,1,0.00,192
15810,2,0.00,192
15811,3,0.00,192
15812,4,0.00,192
15813,5,0.00,192
15814,6,0.00,192
15815,7,0.00,192
15816,8,0.00,192
15817,9,0.00,192
15818,10,0.00,192
15819,11,0.00,192
15820,12,0.00,192
15821,13,0.00,192
15822,14,0.00,192
15823,15,0.00,192
15824,16,0.00,192
15825,17,0.00,192
15826,18,0.00,192
15827,19,0.00,192
15828,20,0.00,192
15829,21,0.00,192
15830,22,0.00,192
15831,23,0.00,192
15832,24,0.00,192
15833,25,0.00,192
15834,26,0.00,192
15835,27,0.00,192
15836,28,0.00,192
15837,29,0.00,192
15838,30,0.00,192
15839,31,0.00,192
15840,32,0.00,192
15841,33,0.00,192
15842,34,0.00,192
15843,35,0.00,192
15844,36,0.00,192
15845,37,0.00,192
15846,38,0.00,192
15847,39,0.00,192
15848,40,0.00,192
15849,41,0.00,192
15850,42,0.00,192
15851,43,0.00,192
15852,44,0.00,192
15853,45,0.00,192
15854,46,0.00,192
15855,47,0.00,192
15856,48,0.00,192
15857,49,0.00,192
15858,50,0.00,192
15859,51,0.00,192
15860,52,41.67,192
15861,53,0.00,192
15862,54,0.00,192
15863,55,0.00,192
15864,56,0.00,192
15865,57,0.00,192
15866,58,0.00,192
15867,59,0.00,192
15868,60,0.00,192
15869,61,0.00,192
15870,62,0.00,192
15871,63,0.00,192
15872,64,0.00,192
15873,65,0.00,192
15874,66,0.00,192
15875,67,0.00,192
15876,68,0.00,192
15877,69,0.00,192
15878,70,0.00,192
15879,71,0.00,192
15880,72,0.00,192
15881,73,0.00,192
15882,74,0.00,192
15883,75,0.00,192
15884,76,0.00,192
15885,77,0.00,192
15886,78,0.00,192
15887,79,0.00,192
15888,80,0.00,192
15889,81,0.00,192
15890,82,0.00,192
15891,83,0.00,192
15892,84,0.00,192
15893,85,0.00,192
15894,86,0.00,192
15895,87,0.00,192
15896,88,0.00,192
15897,89,0.00,192
15898,90,0.00,192
15899,91,0.00,192
15900,92,0.00,192
15901,93,0.00,192
15902,94,0.00,192
15903,95,0.00,192
15904,96,0.00,192
15905,97,0.00,192
15906,98,0.00,192
15907,99,0.00,192
15908,100,0.00,192
15909,101,0.00,192
15910,102,0.00,192
15911,103,0.00,192
15912,104,0.00,192
15913,105,0.00,192
15914,106,0.00,192
15915,107,0.00,192
15916,108,0.00,192
15917,109,0.00,192
15918,110,0.00,192
15919,111,0.00,192
15920,112,0.00,192
15921,113,0.00,192
15922,114,0.00,192
15923,115,0.00,192
15924,116,0.00,192
15925,117,0.00,192
15926,118,0.00,192
15927,119,0.00,192
15928,120,0.00,192
15929,121,0.00,192
15930,122,0.00,192
15931,123,0.00,192
15932,124,0.00,192
15933,125,0.00,192
15934,126,0.00,192
15935,127,0.00,192
15936,128,0.00,192
15937,129,0.00,192
15938,130,0.00,192
15939,131,0.00,192
15940,132,0.00,192
15941,133,0.00,192
15942,134,0.00,192
15943,135,0.00,192
15944,136,0.00,192
15945,137,0.00,192
15946,138,0.00,192
15947,139,0.00,192
15948,140,0.00,192
15949,141,0.00,192
15950,142,0.00,192
15951,143,0.00,192
15952,144,0.00,192
15953,145,0.00,192
15954,146,0.00,192
15955,147,0.00,192
15956,148,0.00,192
15957,149,0.00,192
15958,150,0.00,192
15959,151,0.00,192
15960,152,0.00,192
15961,153,0.00,192
15962,154,0.00,192
15963,155,0.00,192
15964,156,0.00,192
15965,157,0.00,192
15966,158,0.00,192
15967,159,41.67,192
15968,160,0.00,192
15969,161,0.00,192
15970,162,0.00,192
15971,163,0.00,192
15972,164,0.00,192
15973,165,0.00,192
15974,166,0.00,192
15975,167,0.00,192
15976,168,0.00,192
15977,169,0.00,192
15978,170,0.00,192
15979,171,0.00,192
15980,172,0.00,192
15981,173,0.00,192
15982,174,0.00,192
15983,175,0.00,192
15984,176,0.00,192
15985,177,0.00,192
15986,178,0.00,192
15987,179,0.00,192
15988,180,0.00,192
15989,181,0.00,192
15990,182,0.00,192
15991,183,0.00,192
15992,184,0.00,192
15993,185,0.00,192
15994,186,0.00,192
15995,187,0.00,192
15996,188,0.00,192
15997,189,0.00,192
15998,190,0.00,192
15999,191,0.00,192
16000,0,0.00,192
16001,1,0.00,192
16002,2,0.00,192
16003,3,0.00,192
16004,4,0.00,192
16005,5,0.00,192
16006,6,0.00,192
16007,7,0.00,192
16008,8,0.00,192
16009,9,0.00,192
16010,10,0.00,192
16011,11,0.00,192
16012,12,0.00,192
16013,13,0.00,192
16014,14,0.00,192
16015,15,0.00,192
16016,16,0.00,192
16017,17,0.00,192
16018,18,0.00,192
16019,19,0.00,192
16020,20,0.00,192
16021,21,0.00,192
16022,22,0.00,192
16023,23,0.00,192
16024,24,0.00,192
16025,25,0.00,192
16026,26,0.00,192
16027,27,0.00,192
16028,28,41.67,192
16029,29,0.00,192
16030,30,0.00,192
16031,31,0.00,192
16032,32,0.00,192
16033,33,0.00,192
16034,34,0.00,192
16035,35,0.00,192
16036,36,0.00,192
16037,37,0.00,192
16038,38,0.00,192
16039,39,0.00,192
16040,40,0.00,192
16041,41,0.00,192
16042,42,0.00,192
16043,43,0.00,192
16044,44,0.00,192
16045,45,0.00,192
16046,46,0.00,192
16047,47,0.00,192
16048,48,0.00,192
16049,49,0.00,192
16050,50,0.00,192
16051,51,0.00,192
16052,52,0.00,192
16053,53,0.00,192
16054,54,0.00,192
16055,55,0.00,192
16056,56,0.00,192
16057,57,0.00,192
16058,58,0.00,192
16059,59,0.00,192
16060,60,0.00,192
16061,61,0.00,192
16062,62,0.00,192
16063,63,0.00,192
16064,64,0.00,192
16065,65,0.00,192
16066,66,0.00,192
16067,67,0.00,192
16068,68,0.00,192
16069,69,0.00,192
16070,70,0.00,192
16071,71,0.00,192
16072,72,0.00,192
16073,73,0.00,192
16074,74,0.00,192
16075,75,0.00,192
16076,76,0.00,192
16077,77,0.00,192
16078,78,0.00,192
16079,79,0.00,192
16080,80,0.00,192
16081,81,0.00,192
16082,82,0.00,192
16083,83,0.00,192
16084,84,0.00,192
16085,85,0.00,192
16086,86,0.00,192
16087,87,0.00,192
16088,88,0.00,192
16089,89,0.00,192
16090,90,0.00,192
16091,91,0.00,192
16092,92,0.00,192
16093,93,0.00,192
16094,94,0.00,192
16095,95,0.00,192
16096,96,0.00,192
16097,97,0.00,192
16098,98,0.00,192
16099,99,0.00,192
16100,100,0.00,192
16101,101,0.00,192
16102,102,0.00,192
16103,103,0.00,192
16104,104,0.00,192
16105,105,0.00,192
16106,106,0.00,192
16107,107,0.00,192
16108,108,0.00,192
16109,109,0.00,192
16110,110,0.00,192
16111,111,0.00,192
16112,112,0.00,192
16113,113,0.00,192
16114,114,0.00,192
16115,115,0.00,192
16116,116,0.00,192
16117,117,0.00,192
16118,118,0.00,192
16119,119,0.00,192
16120,120,0.00,192
16121,121,0.00,192
16122,122,0.00,192
16123,123,0.00,192
16124,124,0.00,192
16125,125,0.00,192
16126,126,0.00,192
16127,127,0.00,192
16128,128,0.00,192
16129,129,0.00,192
16130,130,0.00,192
16131,131,0.00,192
16132,132,0.00,192
16133,133,0.00,192
16134,134,0.00,192
16135,135,0.00,192
16136,136,0.00,192
16137,137,0.00,192
16138,138,0.00,192
16139,139,0.00,192
16140,140,0.00,192
16141,141,0.00,192
16142,142,0.00,192
16143,143,0.00,192
16144,144,0.00,192
16145,145,41.67,192
16146,146,0.00,192
16147,147,0.00,192
16148,148,0.00,192
16149,149,0.00,192
16150,150,0.00,192
16151,151,0.00,192
16152,152,0.00,192
16153,153,0.00,192
16154,154,0.00,192
16155,155,0.00,192
16156,156,0.00,192
16157,157,0.00,192
16158,158,0.00,192
16159,159,0.00,192
16160,160,0.00,192
16161,161,0.00,192
16162,162,0.00,192
16163,163,0.00,192
16164,164,0.00,192
16165,165,0.00,192
16166,166,0.00,192
16167,167,0.00,192
16168,168,0.00,192
16169,169,0.00,192
16170,170,0.00,192
16171,171,0.00,192
16172,172,0.00,192
16173,173,0.00,192
16174,174,0.00,192
16175,175,0.00,192
16176,176,0.00,192
16177,177,0.00,192
16178,178,0.00,192
16179,179,0.00,192
16180,180,0.00,192
16181,181,0.00,192
16182,182,0.00,192
16183,183,0.00,192
16184,184,0.00,192
16185,185,0.00,192
16186,186,0.00,192
16187,187,0.00,192
16188,188,0.00,192
16189,189,0.00,192
16190,190,0.00,192
16191,191,0.00,192
16192,0,0.00,192
16193,1,0.00,192
16194,2,0.00,192
16195,3,0.00,192
16196,4,0.00,192
16197,5,0.00,192
16198,6,0.00,192
16199,7,0.00,192
16200,8,0.00,192
16201,9,0.00,192
16202,10,0.00,192
16203,11,0.00,192
16204,12,0.00,192
16205,13,0.00,192
16206,14,0.00,192
16207,15,0.00,192
16208,16,0.00,192
16209,17,0.00,192
16210,18,0.00,192
16211,19,0.00,192
16212,20,0.00,192
16213,21,0.00,192
16214,22,0.00,192
16215,23,0.00,192
16216,24,0.00,192
16217,25,0.00,192
16218,26,0.00,192
16219,27,0.00,192
16220,28,0.00,192
16221,29,0.00,192
16222,30,0.00,192
16223,31,0.00,192
16224,32,0.00,192
16225,33,0.00,192
16226,34,0.00,192
16227,35,0.00,192
16228,36,0.00,192
16229,37,0.00,192
16230,38,0.00,192
16231,39,0.00,192
16232,40,0.00,192
16233,41,0.00,192
16234,42,0.00,192
16235,43,0.00,192
16236,44,0.00,192
16237,45,0.00,192
16238,46,0.00,192
16239,47,0.00,192
16240,48,0.00,192
16241,49,0.00,192
16242,50,0.00,192
16243,51,0.00,192
16244,52,0.00,192
16245,53,0.00,192
16246,54,0.00,192
16247,55,0.00,192
16248,56,0.00,192
16249,57,0.00,192
16250,58,0.00,192
16251,59,0.00,192
16252,60,0.00,192
16253,61,0.00,192
16254,62,0.00,192
16255,63,0.00,192
16256,64,0.00,192
16257,65,0.00,192
16258,66,0.00,192
16259,67,0.00,192
16260,68,0.00,192
16261,69,0.00,192
16262,70,0.00,192
16263,71,0.00,192
16264,72,0.00,192
16265,73,0.00,192
16266,74,0.00,192
16267,75,0.00,192
16268,76,0.00,192
16269,77,0.00,192
16270,78,0.00,192
16271,79,0.00,192
16272,80,0.00,192
16273,81,0.00,192
16274,82,0.00,192
16275,83,0.00,192
16276,84,0.00,192
16277,85,0.00,192
16278,86,0.00,192
16279,87,0.00,192
16280,88,0.00,192
16281,89,0.00,192
16282,90,0.00,192
16283,91,0.00,192
16284,92,0.00,192
16285,93,0.00,192
16286,94,0.00,192
16287,95,0.00,192
16288,96,0.00,192
16289,97,0.00,192
16290,98,0.00,192
16291,99,0.00,192
16292,100,0.00,192
16293,101,0.00,192
16294,102,0.00,192
16295,103,0.00,192
16296,104,0.00,192
16297,105,0.00,192
16298,106,0.00,192
16299,107,0.00,192
16300,108,0.00,192
16301,109,0.00,192
16302,110,0.00,192
16303,111,0.00,192
16304,112,0.00,192
16305,113,0.00,192
16306,114,0.00,192
16307,115,0.00,192
16308,116,0.00,192
16309,117,0.00,192
16310,118,0.00,192
16311,119,0.00,192
16312,120,0.00,192
16313,121,0.00,192
16314,122,0.00,192
16315,123,0.00,192
16316,124,0.00,192
16317,125,0.00,192
16318,126,0.00,192
16319,127,0.00,192
16320,128,0.00,192
16321,129,0.00,192
16322,130,0.00,192
16323,131,0.00,192
16324,132,0.00,192
16325,133,0.00,192
16326,134,0.00,192
16327,135,0.00,192
16328,136,0.00,192
16329,137,0.00,192
16330,138,0.00,192
16331,139,0.00,192
16332,140,0.00,192
16333,141,0.00,192
16334,142,0.00,192
16335,143,0.00,192
16336,144,0.00,192
16337,145,0.00,192
16338,146,0.00,192
16339,147,0.00,192
16340,148,0.00,192
16341,149,0.00,192
16342,150,0.00,192
16343,151,0.00,192
16344,152,0.00,192
16345,153,0.00,192
16346,154,0.00,192
16347,155,0.00,192
16348,156,0.00,192
16349,157,0.00,192
16350,158,0.00,192
16351,159,0.00,192
16352,160,0.00,192
16353,161,0.00,192
16354,162,0.00,192
16355,163,0.00,192
16356,164,0.00,192
16357,165,0.00,192
16358,166,0.00,192
16359,167,0.00,192
16360,168,0.00,192
16361,169,0.00,192
16362,170,0.00,192
16363,171,0.00,192
16364,172,0.00,192
16365,173,0.00,192
16366,174,0.00,192
16367,175,0.00,192
16368,176,0.00,192
16369,177,0.00,192
16370,178,0.00,192
16371,179,0.00,192
16372,180,0.00,192
16373,181,0.00,192
16374,182,0.00,192
16375,183,0.00,192
16376,184,0.00,192
16377,185,0.00,192
16378,186,0.00,192
16379,187,0.00,192
16380,188,0.00,192
16381,189,0.00,192
16382,190,0.00,192
16383,191,0.00,192
16384,0,0.00,192
16385,1,0.00,192
16386,2,0.00,192
16387,3,0.00,192
16388,4,0.00,192
16389,5,0.00,192
16390,6,0.00,192
16391,7,0.00,192
16392,8,0.00,192
16393,9,0.00,192
16394,10,0.00,192
16395,11,0.00,192
16396,12,0.00,192
16397,13,0.00,192
16398,14,0.00,192
16399,15,0.00,192
16400,16,0.00,192
16401,17,0.00,192
16402,18,0.00,192
16403,19,0.00,192
16404,20,0.00,192
16405,21,0.00,192
16406,22,0.00,192
16407,23,0.00,192
16408,24,0.00,192
16409,25,0.00,192
16410,26,0.00,192
16411,27,0.00,192
16412,28,0.00,192
16413,29,0.00,192
16414,30,0.00,192
16415,31,0.00,192
16416,32,0.00,192
16417,33,0.00,192
16418,34,0.00,192
16419,35,0.00,192
16420,36,0.00,192
16421,37,0.00,192
16422,38,0.00,192
16423,39,0.00,192
16424,40,0.00,192
16425,41,0.00,192
16426,42,0.00,192
16427,43,0.00,192
16428,44,0.00,192
16429,45,0.00,192
16430,46,0.00,192
16431,47,0.00,192
16432,48,0.00,192
16433,49,0.00,192
16434,50,0.00,192
16435,51,0.00,192
16436,52,0.00,192
16437,53,0.00,192
16438,54,0.00,192
16439,55,0.00,192
16440,56,0.00,192
16441,57,0.00,192
16442,58,0.00,192
16443,59,0.00,192
16444,60,0.00,192
16445,61,0.00,192
16446,62,0.00,192
16447,63,0.00,192
16448,64,0.00,192
16449,65,0.00,192
16450,66,0.00,192
16451,67,0.00,192
16452,68,0.00,192
16453,69,0.00,192
16454,70,0.00,192
16455,71,0.00,192
16456,72,0.00,192
16457,73,0.00,192
16458,74,0.00,192
16459,75,0.00,192
16460,76,0.00,192
16461,77,0.00,192
16462,78,0.00,192
16463,79,0.00,192
16464,80,0.00,192
16465,81,0.00,192
16466,82,0.00,192
16467,83,0.00,192
16468,84,0.00,192
16469,85,0.00,192
16470,86,0.00,192
16471,87,0.00,192
16472,88,0.00,192
16473,89,0.00,192
16474,90,0.00,192
16475,91,0.00,192
16476,92,0.00,192
16477,93,0.00,192
16478,94,0.00,192
16479,95,0.00,192
16480,96,0.00,192
16481,97,0.00,192
16482,98,0.00,192
16483,99,0.00,192
16484,100,0.00,192
16485,101,0.00,192
16486,102,0.00,192
16487,103,0.00,192
16488,104,0.00,192
16489,105,0.00,192
16490,106,0.00,192
16491,107,0.00,192
16492,108,0.00,192
16493,109,0.00,192
16494,110,0.00,192
16495,111,0.00,192
16496,112,0.00,192
16497,113,41.67,192
16498,114,0.00,192
16499,115,0.00,192
16500,116,0.00,192
16501,117,0.00,192
16502,118,0.00,192
16503,119,0.00,192
16504,120,0.00,192
16505,121,0.00,192
16506,122,0.00,192
16507,123,0.00,192
16508,124,0.00,192
16509,125,0.00,192
16510,126,0.00,192
16511,127,0.00,192
16512,128,0.00,192
16513,129,0.00,192
16514,130,0.00,192
16515,131,0.00,192
16516,132,0.00,192
16517,133,0.00,192
16518,134,0.00,192
16519,135,0.00,192
16520,136,0.00,192
16521,137,0.00,192
16522,138,0.00,192
16523,139,0.00,192
16524,140,0.00,192
16525,141,0.00,192
16526,142,0.00,192
16527,143,0.00,192
16528,144,0.00,192
16529,145,0.00,192
16530,146,0.00,192
16531,147,41.67,192
16532,148,0.00,192
16533,149,0.00,192
16534,150,0.00,192
16535,151,0.00,192
16536,152,0.00,192
16537,153,0.00,192
16538,154,0.00,192
16539,155,0.00,192
16540,156,0.00,192
16541,157,0.00,192
16542,158,0.00,192
16543,159,0.00,192
16544,160,0.00,192
16545,161,0.00,192
16546,162,0.00,192
16547,163,0.00,192
16548,164,0.00,192
16549,165,41.67,192
16550,166,41.67,192
16551,167,0.00,192
16552,168,0.00,192
16553,169,0.00,192
16554,170,0.00,192
16555,171,0.00,192
16556,172,0.00,192
16557,173,0.00,192
16558,174,0.00,192
16559,175,0.00,192
16560,176,0.00,192
16561,177,0.00,192
16562,178,0.00,192
16563,179,0.00,192
16564,180,0.00,192
16565,181,0.00,192
16566,182,0.00,192
16567,183,0.00,192
16568,184,0.00,192
16569,185,0.00,192
16570,186,0.00,192
16571,187,0.00,192
16572,188,0.00,192
16573,189,0.00,192
16574,190,0.00,192
16575,191,0.00,192
16576,0,0.00,192
16577,1,0.00,192
16578,2,0.00,192
16579,3,0.00,192
16580,4,0.00,192
16581,5,0.00,192
16582,6,0.00,192
16583,7,0.00,192
16584,8,0.00,192
16585,9,0.00,192
16586,10,0.00,192
16587,11,0.00,192
16588,12,0.00,192
16589,13,0.00,192
16590,14,0.00,192
16591,15,0.00,192
16592,16,0.00,192
16593,17,0.00,192
16594,18,0.00,192
16595,19,0.00,192
16596,20,0.00,192
16597,21,0.00,192
16598,22,0.00,192
16599,23,0.00,192
16600,24,0.00,192
16601,25,0.00,192
16602,26,0.00,192
16603,27,0.00,192
16604,28,0.00,192
16605,29,0.00,192
16606,30,0.00,192
16607,31,0.00,192
16608,32,0.00,192
16609,33,0.00,192
16610,34,0.00,192
16611,35,0.00,192
16612,36,0.00,192
16613,37,0.00,192
16614,38,0.00,192
16615,39,0.00,192
16616,40,0.00,192
16617,41,0.00,192
16618,42,0.00,192
16619,43,0.00,192
16620,44,0.00,192
16621,45,0.00,192
16622,46,0.00,192
16623,47,0.00,192
16624,48,0.00,192
16625,49,0.00,192
16626,50,0.00,192
16627,51,0.00,192
16628,52,0.00,192
16629,53,0.00,192
16630,54,0.00,192
16631,55,0.00,192
16632,56,0.00,192
16633,57,0.00,192
16634,58,0.00,192
16635,59,0.00,192
16636,60,0.00,192
16637,61,0.00,192
16638,62,0.00,192
16639,63,0.00,192
16640,64,0.00,192
16641,65,0.00,192
16642,66,0.00,192
16643,67,0.00,192
16644,68,0.00,192
16645,69,0.00,192
16646,70,0.00,192
16647,71,0.00,192
16648,72,0.00,192
16649,73,0.00,192
16650,74,0.00,192
16651,75,0.00,192
16652,76,0.00,192
16653,77,0.00,192
16654,78,0.00,192
16655,79,0.00,192
16656,80,0.00,192
16657,81,41.67,192
16658,82,0.00,192
16659,83,0.00,192
16660,84,0.00,192
16661,85,0.00,192
16662,86,0.00,192
16663,87,0.00,192
16664,88,0.00,192
16665,89,0.00,192
16666,90,0.00,192
16667,91,0.00,192
16668,92,0.00,192
16669,93,0.00,192
16670,94,0.00,192
16671,95,0.00,192
16672,96,0.00,192
16673,97,0.00,192
16674,98,0.00,192
16675,99,0.00,192
16676,100,0.00,192
16677,101,0.00,192
16678,102,0.00,192
16679,103,0.00,192
16680,104,0.00,192
16681,105,0.00,192
16682,106,0.00,192
16683,107,0.00,192
16684,108,0.00,192
16685,109,0.00,192
16686,110,0.00,192
16687,111,0.00,192
16688,112,0.00,192
16689,113,0.00,192
16690,114,0.00,192
16691,115,0.00,192
16692,116,0.00,192
16693,117,0.00,192
16694,118,0.00,192
16695,119,0.00,192
16696,120,0.00,192
16697,121,0.00,192
16698,122,0.00,192
16699,123,0.00,192
16700,124,0.00,192
16701,125,0.00,192
16702,126,0.00,192
16703,127,41.67,192
16704,128,0.00,192
16705,129,0.00,192
16706,130,0.00,192
16707,131,0.00,192
16708,132,0.00,192
16709,133,0.00,192
16710,134,0.00,192
16711,135,0.00,192
16712,136,0.00,192
16713,137,0.00,192
16714,138,0.00,192
16715,139,0.00,192
16716,140,0.00,192
16717,141,0.00,192
16718,142,0.00,192
16719,143,0.00,192
16720,144,0.00,192
16721,145,0.00,192
16722,146,0.00,192
16723,147,0.00,192
16724,148,0.00,192
16725,149,0.00,192
16726,150,0.00,192
16727,151,0.00,192
16728,152,0.00,192
16729,153,0.00,192
16730,154,0.00,192
16731,155,0.00,192
16732,156,0.00,192
16733,157,0.00,192
16734,158,0.00,192
16735,159,0.00,192
16736,160,0.00,192
16737,161,0.00,192
16738,162,0.00,192
16739,163,0.00,192
16740,164,0.00,192
16741,165,0.00,192
16742,166,0.00,192
16743,167,0.00,192
16744,168,0.00,192
16745,169,0.00,192
16746,170,0.00,192
16747,171,0.00,192
16748,172,0.00,192
16749,173,0.00,192
16750,174,0.00,192
16751,175,0.00,192
16752,176,0.00,192
16753,177,0.00,192
16754,178,0.00,192
16755,179,0.00,192
16756,180,0.00,192
16757,181,0.00,192
16758,182,0.00,192
16759,183,0.00,192
16760,184,0.00,192
16761,185,0.00,192
16762,186,0.00,192
16763,187,0.00,192
16764,188,0.00,192
16765,189,0.00,192
16766,190,0.00,192
16767,191,0.00,192
16768,0,0.00,192
16769,1,0.00,192
16770,2,0.00,192
16771,3,0.00,192
16772,4,0.00,192
16773,5,0.00,192
16774,6,0.00,192
16775,7,0.00,192
16776,8,0.00,192
16777,9,0.00,192
16778,10,0.00,192
16779,11,0.00,192
16780,12,0.00,192
16781,13,0.00,192
16782,14,0.00,192
16783,15,0.00,192
16784,16,0.00,192
16785,17,0.00,192
16786,18,0.00,192
16787,19,0.00,192
16788,20,0.00,192
16789,21,0.00,192
16790,22,0.00,192
16791,23,0.00,192
16792,24,0.00,192
16793,25,0.00,192
16794,26,0.00,192
16795,27,0.00,192
16796,28,0.00,192
16797,29,0.00,192
16798,30,0.00,192
16799,31,0.00,192
16800,32,0.00,192
16801,33,0.00,192
16802,34,0.00,192
16803,35,0.00,192
16804,36,0.00,192
16805,37,0.00,192
16806,38,0.00,192
16807,39,0.00,192
16808,40,0.00,192
16809,41,0.00,192
16810,42,0.00,192
16811,43,0.00,192
16812,44,0.00,192
16813,45,0.00,192
16814,46,0.00,192
16815,47,0.00,192
16816,48,0.00,192
16817,49,0.00,192
16818,50,0.00,192
16819,51,0.00,192
16820,52,0.00,192
16821,53,0.00,192
16822,54,0.00,192
16823,55,0.00,192
16824,56,0.00,192
16825,57,0.00,192
16826,58,0.00,192
16827,59,0.00,192
16828,60,0.00,192
16829,61,0.00,192
16830,62,0.00,192
16831,63,0.00,192
16832,64,0.00,192
16833,65,0.00,192
16834,66,0.00,192
16835,67,0.00,192
16836,68,0.00,192
16837,69,0.00,192
16838,70,0.00,192
16839,71,0.00,192
16840,72,0.00,192
16841,73,0.00,192
16842,74,0.00,192
16843,75,0.00,192
16844,76,0.00,192
16845,77,0.00,192
16846,78,0.00,192
16847,79,0.00,192
16848,80,0.00,192
16849,81,0.00,192
16850,82,0.00,192
16851,83,0.00,192
16852,84,0.00,192
16853,85,0.00,192
16854,86,0.00,192
16855,87,0.00,192
16856,88,0.00,192
16857,89,0.00,192
16858,90,0.00,192
16859,91,0.00,192
16860,92,0.00,192
16861,93,0.00,192
16862,94,0.00,192
16863,95,0.00,192
16864,96,0.00,192
16865,97,0.00,192
16866,98,0.00,192
16867,99,0.00,192
16868,100,0.00,192
16869,101,0.00,192
16870,102,0.00,192
16871,103,0.00,192
16872,104,0.00,192
16873,105,0.00,192
16874,106,0.00,192
16875,107,0.00,192
16876,108,0.00,192
16877,109,0.00,192
16878,110,0.00,192
16879,111,0.00,192
16880,112,0.00,192
16881,113,0.00,192
16882,114,0.00,192
16883,115,0.00,192
16884,116,0.00,192
16885,117,0.00,192
16886,118,0.00,192
16887,119,0.00,192
16888,120,0.00,192
16889,121,0.00,192
16890,122,0.00,192
16891,123,0.00,192
16892,124,0.00,192
16893,125,0.00,192
16894,126,0.00,192
16895,127,0.00,192
16896,128,0.00,192
16897,129,0.00,192
16898,130,0.00,192
16899,131,41.67,192
16900,132,0.00,192
16901,133,0.00,192
16902,134,0.00,192
16903,135,0.00,192
16904,136,0.00,192
16905,137,0.00,192
16906,138,0.00,192
16907,139,0.00,192
16908,140,0.00,192
16909,141,0.00,192
16910,142,0.00,192
16911,143,0.00,192
16912,144,0.00,192
16913,145,0.00,192
16914,146,0.00,192
16915,147,0.00,192
16916,148,0.00,192
16917,149,0.00,192
16918,150,0.00,192
16919,151,0.00,192
16920,152,0.00,192
16921,153,0.00,192
16922,154,0.00,192
16923,155,0.00,192
16924,156,0.00,192
16925,157,0.00,192
16926,158,0.00,192
16927,159,0.00,192
16928,160,0.00,192
16929,161,0.00,192
16930,162,0.00,192
16931,163,0.00,192
16932,164,0.00,192
16933,165,0.00,192
16934,166,0.00,192
16935,167,0.00,192
16936,168,0.00,192
16937,169,0.00,192
16938,170,0.00,192
16939,171,0.00,192
16940,172,0.00,192
16941,173,0.00,192
16942,174,0.00,192
16943,175,0.00,192
16944,176,0.00,192
16945,177,0.00,192
16946,178,0.00,192
16947,179,0.00,192
16948,180,0.00,192
16949,181,0.00,192
16950,182,0.00,192
16951,183,0.00,192
16952,184,0.00,192
16953,185,0.00,192
16954,186,0.00,192
16955,187,0.00,192
16956,188,0.00,192
16957,189,0.00,192
16958,190,0.00,192
16959,191,0.00,192
16960,0,0.00,192
16961,1,0.00,192
16962,2,0.00,192
16963,3,0.00,192
16964,4,0.00,192
16965,5,0.00,192
16966,6,0.00,192
16967,7,0.00,192
16968,8,0.00,192
16969,9,0.00,192
16970,10,0.00,192
16971,11,0.00,192
16972,12,0.00,192
16973,13,0.00,192
16974,14,0.00,192
16975,15,0.00,192
16976,16,0.00,192
16977,17,0.00,192
16978,18,0.00,192
16979,19,0.00,192
16980,20,0.00,192
16981,21,0.00,192
16982,22,0.00,192
16983,23,0.00,192
16984,24,0.00,192
16985,25,0.00,192
16986,26,0.00,192
16987,27,0.00,192
16988,28,0.00,192
16989,29,0.00,192
16990,30,0.00,192
16991,31,0.00,192
16992,32,0.00,192
16993,33,0.00,192
16994,34,0.00,192
16995,35,0.00,192
16996,36,0.00,192
16997,37,0.00,192
16998,38,0.00,192
16999,39,0.00,192
17000,40,0.00,192
17001,41,0.00,192
17002,42,0.00,192
17003,43,0.00,192
17004,44,0.00,192
17005,45,0.00,192
17006,46,0.00,192
17007,47,0.00,192
17008,48,0.00,192
17009,49,0.00,192
17010,50,0.00,192
17011,51,0.00,192
17012,52,0.00,192
17013,53,0.00,192
17014,54,0.00,192
17015,55,0.00,192
17016,56,0.00,192
17017,57,0.00,192
17018,58,0.00,192
17019,59,0.00,192
17020,60,0.00,192
17021,61,0.00,192
17022,62,0.00,192
17023,63,0.00,192
17024,64,0.00,192
17025,65,0.00,192
17026,66,0.00,192
17027,67,0.00,192
17028,68,0.00,192
17029,69,0.00,192
17030,70,0.00,192
17031,71,0.00,192
17032,72,0.00,192
17033,73,0.00,192
17034,74,0.00,192
17035,75,0.00,192
17036,76,0.00,192
17037,77,0.00,192
17038,78,0.00,192
17039,79,0.00,192
17040,80,0.00,192
17041,81,0.00,192
17042,82,0.00,192
17043,83,0.00,192
17044,84,0.00,192
17045,85,0.00,192
17046,86,0.00,192
17047,87,0.00,192
17048,88,0.00,192
17049,89,0.00,192
17050,90,0.00,192
17051,91,0.00,192
17052,92,0.00,192
17053,93,0.00,192
17054,94,0.00,192
17055,95,0.00,192
17056,96,0.00,192
17057,97,0.00,192
17058,98,0.00,192
17059,99,0.00,192
17060,100,0.00,192
17061,101,0.00,192
17062,102,0.00,192
17063,103,0.00,192
17064,104,0.00,192
17065,105,0.00,192
17066,106,0.00,192
17067,107,0.00,192
17068,108,0.00,192
17069,109,0.00,192
17070,110,0.00,192
17071,111,0.00,192
17072,112,0.00,192
17073,113,0.00,192
17074,114,0.00,192
17075,115,0.00,192
17076,116,0.00,192
17077,117,0.00,192
17078,118,0.00,192
17079,119,0.00,192
17080,120,0.00,192
17081,121,0.00,192
17082,122,0.00,192
17083,123,0.00,192
17084,124,0.00,192
17085,125,0.00,192
17086,126,0.00,192
17087,127,0.00,192
17088,128,0.00,192
17089,129,0.00,192
17090,130,0.00,192
17091,131,0.00,192
17092,132,0.00,192
17093,133,0.00,192
17094,134,0.00,192
17095,135,0.00,192
17096,136,0.00,192
17097,137,0.00,192
17098,138,0.00,192
17099,139,0.00,192
17100,140,0.00,192
17101,141,0.00,192
17102,142,0.00,192
17103,143,0.00,192
17104,144,0.00,192
17105,145,0.00,192
17106,146,0.00,192
17107,147,0.00,192
17108,148,0.00,192
17109,149,0.00,192
17110,150,0.00,192
17111,151,0.00,192
17112,152,0.00,192
17113,153,0.00,192
17114,154,0.00,192
17115,155,0.00,192
17116,156,0.00,192
17117,157,41.67,192
17118,158,0.00,192
17119,159,0.00,192
17120,160,0.00,192
17121,161,0.00,192
17122,162,0.00,192
17123,163,0.00,192
17124,164,0.00,192
17125,165,0.00,192
17126,166,0.00,192
17127,167,0.00,192
17128,168,0.00,192
17129,169,0.00,192
17130,170,0.00,192
17131,171,0.00,192
17132,172,0.00,192
17133,173,0.00,192
17134,174,0.00,192
17135,175,0.00,192
17136,176,0.00,192
17137,177,0.00,192
17138,178,0.00,192
17139,179,0.00,192
17140,180,0.00,192
17141,181,0.00,192
17142,182,0.00,192
17143,183,0.00,192
17144,184,0.00,192
17145,185,0.00,192
17146,186,0.00,192
17147,187,0.00,192
17148,188,0.00,192
17149,189,0.00,192
17150,190,0.00,192
17151,191,0.00,192
17152,0,0.00,192
17153,1,0.00,192
17154,2,0.00,192
17155,3,0.00,192
17156,4,0.00,192
17157,5,0.00,192
17158,6,0.00,192
17159,7,0.00,192
17160,8,0.00,192
17161,9,0.00,192
17162,10,0.00,192
17163,11,0.00,192
17164,12,0.00,192
17165,13,0.00,192
17166,14,0.00,192
17167,15,0.00,192
17168,16,0.00,192
17169,17,0.00,192
17170,18,0.00,192
17171,19,0.00,192
17172,20,0.00,192
17173,21,0.00,192
17174,22,0.00,192
17175,23,0.00,192
17176,24,0.00,192
17177,25,0.00,192
17178,26,0.00,192
17179,27,0.00,192
17180,28,0.00,192
17181,29,0.00,192
17182,30,0.00,192
17183,31,0.00,192
17184,32,0.00,192
17185,33,0.00,192
17186,34,0.00,192
17187,35,0.00,192
17188,36,0.00,192
17189,37,0.00,192
17190,38,0.00,192
17191,39,0.00,192
17192,40,0.00,192
17193,41,0.00,192
17194,42,0.00,192
17195,43,0.00,192
17196,44,0.00,192
17197,45,0.00,192
17198,46,0.00,192
17199,47,0.00,192
17200,48,0.00,192
17201,49,0.00,192
17202,50,0.00,192
17203,51,0.00,192
17204,52,0.00,192
17205,53,0.00,192
17206,54,0.00,192
17207,55,0.00,192
17208,56,0.00,192
17209,57,0.00,192
17210,58,0.00,192
17211,59,0.00,192
17212,60,0.00,192
17213,61,0.00,192
17214,62,0.00,192
17215,63,0.00,192
17216,64,0.00,192
17217,65,0.00,192
17218,66,0.00,192
17219,67,0.00,192
17220,68,0.00,192
17221,69,0.00,192
17222,70,0.00,192
17223,71,0.00,192
17224,72,0.00,192
17225,73,0.00,192
17226,74,0.00,192
17227,75,0.00,192
17228,76,0.00,192
17229,77,0.00,192
17230,78,0.00,192
17231,79,0.00,192
17232,80,0.00,192
17233,81,0.00,192
17234,82,0.00,192
17235,83,0.00,192
17236,84,41.67,192
17237,85,0.00,192
17238,86,0.00,192
17239,87,0.00,192
17240,88,0.00,192
17241,89,0.00,192
17242,90,0.00,192
17243,91,0.00,192
17244,92,0.00,192
17245,93,0.00,192
17246,94,0.00,192
17247,95,0.00,192
17248,96,0.00,192
17249,97,0.00,192
17250,98,0.00,192
17251,99,0.00,192
17252,100,0.00,192
17253,101,0.00,192
17254,102,0.00,192
17255,103,0.00,192
17256,104,0.00,192
17257,105,0.00,192
17258,106,0.00,192
17259,107,0.00,192
17260,108,0.00,192
17261,109,0.00,192
17262,110,0.00,192
17263,111,0.00,192
17264,112,0.00,192
17265,113,0.00,192
17266,114,0.00,192
17267,115,0.00,192
17268,116,0.00,192
17269,117,0.00,192
17270,118,0.00,192
17271,119,0.00,192
17272,120,0.00,192
17273,121,0.00,192
17274,122,0.00,192
17275,123,0.00,192
17276,124,0.00,192
17277,125,0.00,192
17278,126,0.00,192
17279,127,0.00,192
17280,128,0.00,192
17281,129,0.00,192
17282,130,0.00,192
17283,131,0.00,192
17284,132,0.00,192
17285,133,0.00,192
17286,134,0.00,192
17287,135,0.00,192
17288,136,0.00,192
17289,137,0.00,192
17290,138,0.00,192
17291,139,0.00,192
17292,140,0.00,192
17293,141,0.00,192
17294,142,0.00,192
17295,143,0.00,192
17296,144,0.00,192
17297,145,0.00,192
17298,146,0.00,192
17299,147,0.00,192
17300,148,0.00,192
17301,149,0.00,192
17302,150,0.00,192
17303,151,0.00,192
17304,152,0.00,192
17305,153,0.00,192
17306,154,0.00,192
17307,155,0.00,192
17308,156,0.00,192
17309,157,0.00,192
17310,158,0.00,192
17311,159,0.00,192
17312,160,0.00,192
17313,161,0.00,192
17314,162,0.00,192
17315,163,0.00,192
17316,164,0.00,192
17317,165,0.00,192
17318,166,0.00,192
17319,167,0.00,192
17320,168,0.00,192
17321,169,0.00,192
17322,170,0.00,192
17323,171,0.00,192
17324,172,0.00,192
17325,173,0.00,192
17326,174,0.00,192
17327,175,0.00,192
17328,176,0.00,192
17329,177,0.00,192
17330,178,0.00,192
17331,179,0.00,192
17332,180,0.00,192
17333,181,0.00,192
17334,182,0.00,192
17335,183,0.00,192
17336,184,0.00,192
17337,185,0.00,192
17338,186,0.00,192
17339,187,0.00,192
17340,188,0.00,192
17341,189,0.00,192
17342,190,0.00,192
17343,191,0.00,192
17344,0,0.00,192
17345,1,0.00,192
17346,2,0.00,192
17347,3,41.67,192
17348,4,0.00,192
17349,5,0.00,192
17350,6,0.00,192
17351,7,0.00,192
17352,8,0.00,192
17353,9,0.00,192
17354,10,0.00,192
17355,11,0.00,192
17356,12,0.00,192
17357,13,0.00,192
17358,14,0.00,192
17359,15,0.00,192
17360,16,0.00,192
17361,17,0.00,192
17362,18,0.00,192
17363,19,0.00,192
17364,20,0.00,192
17365,21,0.00,192
17366,22,0.00,192
17367,23,0.00,192
17368,24,0.00,192
17369,25,0.00,192
17370,26,0.00,192
17371,27,0.00,192
17372,28,0.00,192
17373,29,0.00,192
17374,30,0.00,192
17375,31,0.00,192
17376,32,0.00,192
17377,33,0.00,192
17378,34,0.00,192
17379,35,0.00,192
17380,36,0.00,192
17381,37,0.00,192
17382,38,0.00,192
17383,39,0.00,192
17384,40,0.00,192
17385,41,0.00,192
17386,42,0.00,192
17387,43,0.00,192
17388,44,0.00,192
17389,45,0.00,192
17390,46,0.00,192
17391,47,0.00,192
17392,48,0.00,192
17393,49,0.00,192
17394,50,0.00,192
17395,51,0.00,192
17396,52,0.00,192
17397,53,0.00,192
17398,54,0.00,192
17399,55,0.00,192
17400,56,0.00,192
17401,57,0.00,192
17402,58,0.00,192
17403,59,0.00,192
17404,60,0.00,192
17405,61,0.00,192
17406,62,0.00,192
17407,63,0.00,192
17408,64,0.00,192
17409,65,0.00,192
17410,66,0.00,192
17411,67,0.00,192
17412,68,0.00,192
17413,69,0.00,192
17414,70,0.00,192
17415,71,0.00,192
17416,72,0.00,192
17417,73,0.00,192
17418,74,0.00,192
17419,75,0.00,192
17420,76,0.00,192
17421,77,0.00,192
17422,78,0.00,192
17423,79,0.00,192
17424,80,0.00,192
17425,81,0.00,192
17426,82,0.00,192
17427,83,0.00,192
17428,84,0.00,192
17429,85,0.00,192
17430,86,0.00,192
17431,87,0.00,192
17432,88,0.00,192
17433,89,0.00,192
17434,90,0.00,192
17435,91,0.00,192
17436,92,0.00,192
17437,93,0.00,192
17438,94,0.00,192
17439,95,0.00,192
17440,96,0.00,192
17441,97,0.00,192
17442,98,0.00,192
17443,99,0.00,192
17444,100,0.00,192
17445,101,0.00,192
17446,102,0.00,192
17447,103,0.00,192
17448,104,0.00,192
17449,105,0.00,192
17450,106,0.00,192
17451,107,0.00,192
17452,108,0.00,192
17453,109,0.00,192
17454,110,0.00,192
17455,111,0.00,192
17456,112,0.00,192
17457,113,0.00,192
17458,114,0.00,192
17459,115,0.00,192
17460,116,0.00,192
17461,117,0.00,192
17462,118,0.00,192
17463,119,0.00,192
17464,120,0.00,192
17465,121,0.00,192
17466,122,0.00,192
17467,123,0.00,192
17468,124,0.00,192
17469,125,0.00,192
17470,126,0.00,192
17471,127,0.00,192
17472,128,0.00,192
17473,129,0.00,192
17474,130,0.00,192
17475,131,0.00,192
17476,132,0.00,192
17477,133,0.00,192
17478,134,0.00,192
17479,135,0.00,192
17480,136,0.00,192
17481,137,0.00,192
17482,138,0.00,192
17483,139,0.00,192
17484,140,0.00,192
17485,141,0.00,192
17486,142,0.00,192
17487,143,0.00,192
17488,144,0.00,192
17489,145,0.00,192
17490,146,0.00,192
17491,147,0.00,192
17492,148,0.00,192
17493,149,0.00,192
17494,150,0.00,192
17495,151,0.00,192
17496,152,0.00,192
17497,153,0.00,192
17498,154,0.00,192
17499,155,0.00,192
17500,156,0.00,192
17501,157,0.00,192
17502,158,0.00,192
17503,159,0.00,192
17504,160,0.00,192
17505,161,0.00,192
17506,162,0.00,192
17507,163,0.00,192
17508,164,0.00,192
17509,165,0.00,192
17510,166,0.00,192
17511,167,0.00,192
17512,168,0.00,192
17513,169,0.00,192
17514,170,0.00,192
17515,171,0.00,192
17516,172,0.00,192
17517,173,0.00,192
17518,174,0.00,192
17519,175,0.00,192
17520,176,0.00,192
17521,177,0.00,192
17522,178,0.00,192
17523,179,0.00,192
17524,180,0.00,192
17525,181,0.00,192
17526,182,0.00,192
17527,183,0.00,192
17528,184,0.00,192
17529,185,0.00,192
17530,186,0.00,192
17531,187,0.00,192
17532,188,0.00,192
17533,189,0.00,192
17534,190,0.00,192
17535,191,0.00,192
17536,0,0.00,192
17537,1,0.00,192
17538,2,0.00,192
17539,3,0.00,192
17540,4,0.00,192
17541,5,0.00,192
17542,6,0.00,192
17543,7,0.00,192
17544,8,0.00,192
17545,9,0.00,192
17546,10,0.00,192
17547,11,0.00,192
17548,12,0.00,192
17549,13,0.00,192
17550,14,0.00,192
17551,15,0.00,192
17552,16,0.00,192
17553,17,0.00,192
17554,18,0.00,192
17555,19,0.00,192
17556,20,0.00,192
17557,21,0.00,192
17558,22,0.00,192
17559,23,0.00,192
17560,24,0.00,192
17561,25,0.00,192
17562,26,0.00,192
17563,27,0.00,192
17564,28,0.00,192
17565,29,0.00,192
17566,30,0.00,192
17567,31,0.00,192
17568,32,0.00,192
17569,33,0.00,192
17570,34,0.00,192
17571,35,0.00,192
17572,36,0.00,192
17573,37,0.00,192
17574,38,0.00,192
17575,39,0.00,192
17576,40,0.00,192
17577,41,0.00,192
17578,42,0.00,192
17579,43,0.00,192
17580,44,0.00,192
17581,45,0.00,192
17582,46,0.00,192
17583,47,0.00,192
17584,48,0.00,192
17585,49,0.00,192
17586,50,0.00,192
17587,51,0.00,192
17588,52,0.00,192
17589,53,0.00,192
17590,54,0.00,192
17591,55,0.00,192
17592,56,0.00,192
17593,57,0.00,192
17594,58,0.00,192
17595,59,0.00,192
17596,60,0.00,192
17597,61,0.00,192
17598,62,0.00,192
17599,63,0.00,192
17600,64,0.00,192
17601,65,0.00,192
17602,66,0.00,192
17603,67,0.00,192
17604,68,0.00,192
17605,69,0.00,192
17606,70,0.00,192
17607,71,0.00,192
17608,72,0.00,192
17609,73,0.00,192
17610,74,0.00,192
17611,75,0.00,192
17612,76,0.00,192
17613,77,0.00,192
17614,78,0.00,192
17615,79,0.00,192
17616,80,0.00,192
17617,81,0.00,192
17618,82,0.00,192
17619,83,41.67,192
17620,84,0.00,192
17621,85,0.00,192
17622,86,0.00,192
17623,87,0.00,192
17624,88,0.00,192
17625,89,0.00,192
17626,90,0.00,192
17627,91,0.00,192
17628,92,0.00,192
17629,93,0.00,192
17630,94,0.00,192
17631,95,0.00,192
17632,96,0.00,192
17633,97,0.00,192
17634,98,0.00,192
17635,99,0.00,192
17636,100,0.00,192
17637,101,0.00,192
17638,102,0.00,192
17639,103,0.00,192
17640,104,41.67,192
17641,105,0.00,192
17642,106,0.00,192
17643,107,0.00,192
17644,108,0.00,192
17645,109,0.00,192
17646,110,0.00,192
17647,111,0.00,192
17648,112,0.00,192
17649,113,0.00,192
17650,114,0.00,192
17651,115,0.00,192
17652,116,0.00,192
17653,117,0.00,192
17654,118,0.00,192
17655,119,0.00,192
17656,120,0.00,192
17657,121,0.00,192
17658,122,0.00,192
17659,123,0.00,192
17660,124,0.00,192
17661,125,0.00,192
17662,126,0.00,192
17663,127,0.00,192
17664,128,0.00,192
17665,129,0.00,192
17666,130,0.00,192
17667,131,0.00,192
17668,132,0.00,192
17669,133,0.00,192
17670,134,0.00,192
17671,135,0.00,192
17672,136,0.00,192
17673,137,0.00,192
17674,138,0.00,192
17675,139,0.00,192
17676,140,0.00,192
17677,141,0.00,192
17678,142,0.00,192
17679,143,0.00,192
17680,144,0.00,192
17681,145,0.00,192
17682,146,0.00,192
17683,147,0.00,192
17684,148,0.00,192
17685,149,0.00,192
17686,150,0.00,192
17687,151,0.00,192
17688,152,0.00,192
17689,153,0.00,192
17690,154,0.00,192
17691,155,0.00,192
17692,156,0.00,192
17693,157,0.00,192
17694,158,0.00,192
17695,159,0.00,192
17696,160,0.00,192
17697,161,0.00,192
17698,162,0.00,192
17699,163,0.00,192
17700,164,0.00,192
17701,165,0.00,192
17702,166,0.00,192
17703,167,0.00,192
17704,168,0.00,192
17705,169,0.00,192
17706,170,0.00,192
17707,171,0.00,192
17708,172,0.00,192
17709,173,0.00,192
17710,174,0.00,192
17711,175,0.00,192
17712,176,0.00,192
17713,177,0.00,192
17714,178,0.00,192
17715,179,0.00,192
17716,180,0.00,192
17717,181,0.00,192
17718,182,0.00,192
17719,183,0.00,192
17720,184,0.00,192
17721,185,0.00,192
17722,186,0.00,192
17723,187,0.00,192
17724,188,0.00,192
17725,189,0.00,192
17726,190,41.67,192
17727,191,0.00,192
17728,0,0.00,192
17729,1,0.00,192
17730,2,0.00,192
17731,3,0.00,192
17732,4,0.00,192
17733,5,0.00,192
17734,6,0.00,192
17735,7,0.00,192
17736,8,0.00,192
17737,9,0.00,192
17738,10,0.00,192
17739,11,0.00,192
17740,12,0.00,192
17741,13,0.00,192
17742,14,0.00,192
17743,15,0.00,192
17744,16,0.00,192
17745,17,0.00,192
17746,18,0.00,192
17747,19,0.00,192
17748,20,0.00,192
17749,21,0.00,192
17750,22,0.00,192
17751,23,0.00,192
17752,24,0.00,192
17753,25,0.00,192
17754,26,0.00,192
17755,27,0.00,192
17756,28,0.00,192
17757,29,0.00,192
17758,30,0.00,192
17759,31,0.00,192
17760,32,0.00,192
17761,33,0.00,192
17762,34,0.00,192
17763,35,0.00,192
17764,36,0.00,192
17765,37,0.00,192
17766,38,0.00,192
17767,39,0.00,192
17768,40,0.00,192
17769,41,0.00,192
17770,42,0.00,192
17771,43,0.00,192
17772,44,0.00,192
17773,45,0.00,192
17774,46,0.00,192
17775,47,0.00,192
17776,48,0.00,192
17777,49,0.00,192
17778,50,0.00,192
17779,51,0.00,192
17780,52,0.00,192
17781,53,0.00,192
17782,54,0.00,192
17783,55,0.00,192
17784,56,0.00,192
17785,57,0.00,192
17786,58,0.00,192
17787,59,0.00,192
17788,60,0.00,192
17789,61,0.00,192
17790,62,0.00,192
17791,63,0.00,192
17792,64,0.00,192
17793,65,0.00,192
17794,66,0.00,192
17795,67,0.00,192
17796,68,0.00,192
17797,69,0.00,192
17798,70,0.00,192
17799,71,0.00,192
17800,72,0.00,192
17801,73,0.00,192
17802,74,0.00,192
17803,75,0.00,192
17804,76,0.00,192
17805,77,0.00,192
17806,78,0.00,192
17807,79,0.00,192
17808,80,0.00,192
17809,81,0.00,192
17810,82,0.00,192
17811,83,0.00,192
17812,84,0.00,192
17813,85,0.00,192
17814,86,0.00,192
17815,87,0.00,192
17816,88,0.00,192
17817,89,0.00,192
17818,90,0.00,192
17819,91,0.00,192
17820,92,0.00,192
17821,93,0.00,192
17822,94,0.00,192
17823,95,0.00,192
17824,96,0.00,192
17825,97,0.00,192
17826,98,0.00,192
17827,99,0.00,192
17828,100,0.00,192
17829,101,0.00,192
17830,102,0.00,192
17831,103,0.00,192
17832,104,0.00,192
17833,105,0.00,192
17834,106,0.00,192
17835,107,0.00,192
17836,108,0.00,192
17837,109,0.00,192
17838,110,0.00,192
17839,111,0.00,192
17840,112,0.00,192
17841,113,0.00,192
17842,114,0.00,192
17843,115,0.00,192
17844,116,0.00,192
17845,117,0.00,192
17846,118,0.00,192
17847,119,0.00,192
17848,120,0.00,192
17849,121,0.00,192
17850,122,0.00,192
17851,123,0.00,192
17852,124,0.00,192
17853,125,0.00,192
17854,126,0.00,192
17855,127,0.00,192
17856,128,0.00,192
17857,129,0.00,192
17858,130,0.00,192
17859,131,0.00,192
17860,132,0.00,192
17861,133,0.00,192
17862,134,0.00,192
17863,135,0.00,192
17864,136,0.00,192
17865,137,0.00,192
17866,138,0.00,192
17867,139,0.00,192
17868,140,0.00,192
17869,141,0.00,192
17870,142,0.00,192
17871,143,0.00,192
17872,144,0.00,192
17873,145,0.00,192
17874,146,0.00,192
17875,147,0.00,192
17876,148,0.00,192
17877,149,0.00,192
17878,150,0.00,192
17879,151,0.00,192
17880,152,0.00,192
17881,153,0.00,192
17882,154,0.00,192
17883,155,0.00,192
17884,156,0.00,192
17885,157,0.00,192
17886,158,0.00,192
17887,159,0.00,192
17888,160,0.00,192
17889,161,0.00,192
17890,162,0.00,192
17891,163,0.00,192
17892,164,0.00,192
17893,165,0.00,192
17894,166,0.00,192
17895,167,0.00,192
17896,168,0.00,192
17897,169,0.00,192
17898,170,0.00,192
17899,171,0.00,192
17900,172,0.00,192
17901,173,0.00,192
17902,174,0.00,192
17903,175,0.00,192
17904,176,0.00,192
17905,177,0.00,192
17906,178,0.00,192
17907,179,0.00,192
17908,180,0.00,192
17909,181,0.00,192
17910,182,0.00,192
17911,183,0.00,192
17912,184,0.00,192
17913,185,0.00,192
17914,186,0.00,192
17915,187,0.00,192
17916,188,0.00,192
17917,189,0.00,192
17918,190,0.00,192
17919,191,0.00,192
17920,0,0.00,192
17921,1,0.00,192
17922,2,0.00,192
17923,3,0.00,192
17924,4,0.00,192
17925,5,41.67,192
17926,6,0.00,192
17927,7,0.00,192
17928,8,0.00,192
17929,9,0.00,192
17930,10,0.00,192
17931,11,0.00,192
17932,12,0.00,192
17933,13,0.00,192
17934,14,0.00,192
17935,15,0.00,192
17936,16,0.00,192
17937,17,0.00,192
17938,18,0.00,192
17939,19,0.00,192
17940,20,0.00,192
17941,21,0.00,192
17942,22,0.00,192
17943,23,0.00,192
17944,24,0.00,192
17945,25,0.00,192
17946,26,0.00,192
17947,27,0.00,192
17948,28,0.00,192
17949,29,0.00,192
17950,30,0.00,192
17951,31,0.00,192
17952,32,0.00,192
17953,33,0.00,192
17954,34,0.00,192
17955,35,0.00,192
17956,36,0.00,192
17957,37,0.00,192
17958,38,0.00,192
17959,39,0.00,192
17960,40,0.00,192
17961,41,0.00,192
17962,42,0.00,192
17963,43,0.00,192
17964,44,0.00,192
17965,45,0.00,192
17966,46,0.00,192
17967,47,0.00,192
17968,48,0.00,192
17969,49,0.00,192
17970,50,0.00,192
17971,51,0.00,192
17972,52,0.00,192
17973,53,0.00,192
17974,54,0.00,192
17975,55,0.00,192
17976,56,0.00,192
17977,57,0.00,192
17978,58,0.00,192
17979,59,0.00,192
17980,60,0.00,192
17981,61,0.00,192
17982,62,0.00,192
17983,63,0.00,192
17984,64,0.00,192
17985,65,0.00,192
17986,66,0.00,192
17987,67,0.00,192
17988,68,0.00,192
17989,69,0.00,192
17990,70,0.00,192
17991,71,0.00,192
17992,72,0.00,192
17993,73,0.00,192
17994,74,0.00,192
17995,75,0.00,192
17996,76,0.00,192
17997,77,0.00,192
17998,78,0.00,192
17999,79,0.00,192
18000,80,0.00,192
18001,81,0.00,192
18002,82,0.00,192
18003,83,0.00,192
18004,84,0.00,192
18005,85,0.00,192
18006,86,0.00,192
18007,87,0.00,192
18008,88,0.00,192
18009,89,0.00,192
18010,90,0.00,192
18011,91,0.00,192
18012,92,0.00,192
18013,93,0.00,192
18014,94,0.00,192
18015,95,0.00,192
18016,96,0.00,192
18017,97,0.00,192
18018,98,0.00,192
18019,99,0.00,192
18020,100,0.00,192
18021,101,0.00,192
18022,102,0.00,192
18023,103,0.00,192
18024,104,0.00,192
18025,105,0.00,192
18026,106,0.00,192
18027,107,0.00,192
18028,108,0.00,192
18029,109,0.00,192
18030,110,0.00,192
18031,111,0.00,192
18032,112,0.00,192
18033,113,0.00,192
18034,114,0.00,192
18035,115,0.00,192
18036,116,0.00,192
18037,117,0.00,192
18038,118,0.00,192
18039,119,0.00,192
18040,120,0.00,192
18041,121,0.00,192
18042,122,0.00,192
18043,123,0.00,192
18044,124,0.00,192
18045,125,0.00,192
18046,126,0.00,192
18047,127,0.00,192
18048,128,0.00,192
18049,129,0.00,192
18050,130,0.00,192
18051,131,0.00,192
18052,132,0.00,192
18053,133,0.00,192
18054,134,0.00,192
18055,135,0.00,192
18056,136,0.00,192
18057,137,0.00,192
18058,138,0.00,192
18059,139,0.00,192
18060,140,0.00,192
18061,141,0.00,192
18062,142,0.00,192
18063,143,0.00,192
18064,144,0.00,192
18065,145,0.00,192
18066,146,0.00,192
18067,147,0.00,192
18068,148,0.00,192
18069,149,0.00,192
18070,150,0.00,192
18071,151,0.00,192
18072,152,0.00,192
18073,153,0.00,192
18074,154,0.00,192
18075,155,0.00,192
18076,156,0.00,192
18077,157,0.00,192
18078,158,0.00,192
18079,159,0.00,192
18080,160,0.00,192
18081,161,0.00,192
18082,162,0.00,192
18083,163,0.00,192
18084,164,0.00,192
18085,165,0.00,192
18086,166,0.00,192
18087,167,0.00,192
18088,168,0.00,192
18089,169,0.00,192
18090,170,0.00,192
18091,171,0.00,192
18092,172,0.00,192
18093,173,0.00,192
18094,174,0.00,192
18095,175,0.00,192
18096,176,0.00,192
18097,177,0.00,192
18098,178,0.00,192
18099,179,0.00,192
18100,180,0.00,192
18101,181,0.00,192
18102,182,0.00,192
18103,183,0.00,192
18104,184,0.00,192
18105,185,0.00,192
18106,186,0.00,192
18107,187,0.00,192
18108,188,0.00,192
18109,189,0.00,192
18110,190,0.00,192
18111,191,0.00,192
18112,0,0.00,192
18113,1,0.00,192
18114,2,0.00,192
18115,3,0.00,192
18116,4,0.00,192
18117,5,0.00,192
18118,6,0.00,192
18119,7,0.00,192
18120,8,0.00,192
18121,9,0.00,192
18122,10,0.00,192
18123,11,0.00,192
18124,12,0.00,192
18125,13,0.00,192
18126,14,0.00,192
18127,15,0.00,192
18128,16,0.00,192
18129,17,0.00,192
18130,18,0.00,192
18131,19,0.00,192
18132,20,0.00,192
18133,21,0.00,192
18134,22,0.00,192
18135,23,0.00,192
18136,24,0.00,192
18137,25,0.00,192
18138,26,0.00,192
18139,27,0.00,192
18140,28,0.00,192
18141,29,0.00,192
18142,30,0.00,192
18143,31,0.00,192
18144,32,0.00,192
18145,33,0.00,192
18146,34,0.00,192
18147,35,0.00,192
18148,36,0.00,192
18149,37,0.00,192
18150,38,0.00,192
18151,39,0.00,192
18152,40,0.00,192
18153,41,0.00,192
18154,42,0.00,192
18155,43,0.00,192
18156,44,0.00,192
18157,45,0.00,192
18158,46,0.00,192
18159,47,0.00,192
18160,48,0.00,192
18161,49,0.00,192
18162,50,0.00,192
18163,51,0.00,192
18164,52,0.00,192
18165,53,0.00,192
18166,54,0.00,192
18167,55,0.00,192
18168,56,0.00,192
18169,57,0.00,192
18170,58,0.00,192
18171,59,0.00,192
18172,60,0.00,192
18173,61,0.00,192
18174,62,0.00,192
18175,63,0.00,192
18176,64,0.00,192
18177,65,0.00,192
18178,66,0.00,192
18179,67,0.00,192
18180,68,0.00,192
18181,69,0.00,192
18182,70,0.00,192
18183,71,0.00,192
18184,72,0.00,192
18185,73,0.00,192
18186,74,0.00,192
18187,75,0.00,192
18188,76,0.00,192
18189,77,0.00,192
18190,78,0.00,192
18191,79,0.00,192
18192,80,0.00,192
18193,81,0.00,192
18194,82,0.00,192
18195,83,0.00,192
18196,84,0.00,192
18197,85,0.00,192
18198,86,0.00,192
18199,87,0.00,192
18200,88,0.00,192
18201,89,0.00,192
18202,90,0.00,192
18203,91,0.00,192
18204,92,0.00,192
18205,93,0.00,192
18206,94,0.00,192
18207,95,0.00,192
18208,96,0.00,192
18209,97,0.00,192
18210,98,0.00,192
18211,99,0.00,192
18212,100,0.00,192
18213,101,0.00,192
18214,102,0.00,192
18215,103,0.00,192
18216,104,0.00,192
18217,105,0.00,192
18218,106,0.00,192
18219,107,0.00,192
18220,108,0.00,192
18221,109,0.00,192
18222,110,0.00,192
18223,111,0.00,192
18224,112,0.00,192
18225,113,0.00,192
18226,114,0.00,192
18227,115,0.00,192
18228,116,0.00,192
18229,117,0.00,192
18230,118,0.00,192
18231,119,0.00,192
18232,120,0.00,192
18233,121,0.00,192
18234,122,0.00,192
18235,123,0.00,192
18236,124,0.00,192
18237,125,0.00,192
18238,126,0.00,192
18239,127,0.00,192
18240,128,0.00,192
18241,129,0.00,192
18242,130,0.00,192
18243,131,0.00,192
18244,132,0.00,192
18245,133,0.00,192
18246,134,0.00,192
18247,135,0.00,192
18248,136,0.00,192
18249,137,0.00,192
18250,138,0.00,192
18251,139,0.00,192
18252,140,0.00,192
18253,141,0.00,192
18254,142,0.00,192
18255,143,0.00,192
18256,144,0.00,192
18257,145,0.00,192
18258,146,0.00,192
18259,147,0.00,192
18260,148,0.00,192
18261,149,0.00,192
18262,150,0.00,192
18263,151,0.00,192
18264,152,0.00,192
18265,153,0.00,192
18266,154,0.00,192
18267,155,0.00,192
18268,156,0.00,192
18269,157,0.00,192
18270,158,0.00,192
18271,159,0.00,192
18272,160,0.00,192
18273,161,0.00,192
18274,162,0.00,192
18275,163,0.00,192
18276,164,0.00,192
18277,165,0.00,192
18278,166,0.00,192
18279,167,0.00,192
18280,168,0.00,192
18281,169,0.00,192
18282,170,0.00,192
18283,171,0.00,192
18284,172,0.00,192
18285,173,0.00,192
18286,174,0.00,192
18287,175,0.00,192
18288,176,0.00,192
18289,177,0.00,192
18290,178,0.00,192
18291,179,0.00,192
18292,180,0.00,192
18293,181,0.00,192
18294,182,0.00,192
18295,183,0.00,192
18296,184,41.67,192
18297,185,0.00,192
18298,186,0.00,192
18299,187,0.00,192
18300,188,0.00,192
18301,189,0.00,192
18302,190,0.00,192
18303,191,0.00,192
18304,0,0.00,192
18305,1,0.00,192
18306,2,0.00,192
18307,3,0.00,192
18308,4,0.00,192
18309,5,0.00,192
18310,6,0.00,192
18311,7,0.00,192
18312,8,0.00,192
18313,9,0.00,192
18314,10,0.00,192
18315,11,0.00,192
18316,12,0.00,192
18317,13,0.00,192
18318,14,0.00,192
18319,15,0.00,192
18320,16,0.00,192
18321,17,0.00,192
18322,18,0.00,192
18323,19,0.00,192
18324,20,0.00,192
18325,21,0.00,192
18326,22,0.00,192
18327,23,0.00,192
18328,24,0.00,192
18329,25,0.00,192
18330,26,0.00,192
18331,27,0.00,192
18332,28,0.00,192
18333,29,0.00,192
18334,30,0.00,192
18335,31,0.00,192
18336,32,0.00,192
18337,33,0.00,192
18338,34,0.00,192
18339,35,0.00,192
18340,36,0.00,192
18341,37,0.00,192
18342,38,0.00,192
18343,39,0.00,192
18344,40,0.00,192
18345,41,0.00,192
18346,42,0.00,192
18347,43,0.00,192
18348,44,0.00,192
18349,45,0.00,192
18350,46,0.00,192
18351,47,0.00,192
18352,48,0.00,192
18353,49,0.00,192
18354,50,0.00,192
18355,51,0.00,192
18356,52,0.00,192
18357,53,0.00,192
18358,54,0.00,192
18359,55,0.00,192
18360,56,0.00,192
18361,57,0.00,192
18362,58,0.00,192
18363,59,0.00,192
18364,60,0.00,192
18365,61,0.00,192
18366,62,0.00,192
18367,63,41.67,192
18368,64,0.00,192
18369,65,0.00,192
18370,66,0.00,192
18371,67,0.00,192
18372,68,0.00,192
18373,69,0.00,192
18374,70,0.00,192
18375,71,0.00,192
18376,72,0.00,192
18377,73,0.00,192
18378,74,0.00,192
18379,75,0.00,192
18380,76,0.00,192
18381,77,0.00,192
18382,78,0.00,192
18383,79,0.00,192
18384,80,0.00,192
18385,81,0.00,192
18386,82,0.00,192
18387,83,0.00,192
18388,84,0.00,192
18389,85,0.00,192
18390,86,0.00,192
18391,87,0.00,192
18392,88,0.00,192
18393,89,0.00,192
18394,90,0.00,192
18395,91,0.00,192
18396,92,0.00,192
18397,93,0.00,192
18398,94,0.00,192
18399,95,0.00,192
18400,96,0.00,192
18401,97,0.00,192
18402,98,0.00,192
18403,99,0.00,192
18404,100,0.00,192
18405,101,0.00,192
18406,102,0.00,192
18407,103,0.00,192
18408,104,0.00,192
18409,105,0.00,192
18410,106,0.00,192
18411,107,0.00,192
18412,108,0.00,192
18413,109,0.00,192
18414,110,0.00,192
18415,111,0.00,192
18416,112,0.00,192
18417,113,0.00,192
18418,114,0.00,192
18419,115,0.00,192
18420,116,0.00,192
18421,117,0.00,192
18422,118,0.00,192
18423,119,0.00,192
18424,120,0.00,192
18425,121,0.00,192
18426,122,0.00,192
18427,123,0.00,192
18428,124,0.00,192
18429,125,0.00,192
18430,126,0.00,192
18431,127,0.00,192
18432,128,0.00,192
18433,129,0.00,192
18434,130,0.00,192
18435,131,0.00,192
18436,132,0.00,192
18437,133,0.00,192
18438,134,0.00,192
18439,135,0.00,192
18440,136,0.00,192
18441,137,0.00,192
18442,138,0.00,192
18443,139,0.00,192
18444,140,0.00,192
18445,141,0.00,192
18446,142,0.00,192
18447,143,0.00,192
18448,144,0.00,192
18449,145,0.00,192
18450,146,0.00,192
18451,147,0.00,192
18452,148,0.00,192
18453,149,41.67,192
18454,150,0.00,192
18455,151,0.00,192
18456,152,0.00,192
18457,153,0.00,192
18458,154,0.00,192
18459,155,0.00,192
18460,156,0.00,192
18461,157,0.00,192
18462,158,0.00,192
18463,159,0.00,192
18464,160,0.00,192
18465,161,0.00,192
18466,162,0.00,192
18467,163,0.00,192
18468,164,0.00,192
18469,165,0.00,192
18470,166,0.00,192
18471,167,0.00,192
18472,168,0.00,192
18473,169,0.00,192
18474,170,0.00,192
18475,171,0.00,192
18476,172,0.00,192
18477,173,0.00,192
18478,174,0.00,192
18479,175,0.00,192
18480,176,0.00,192
18481,177,0.00,192
18482,178,0.00,192
18483,179,0.00,192
18484,180,0.00,192
18485,181,0.00,192
18486,182,0.00,192
18487,183,0.00,192
18488,184,0.00,192
18489,185,0.00,192
18490,186,0.00,192
18491,187,0.00,192
18492,188,0.00,192
18493,189,0.00,192
18494,190,0.00,192
18495,191,0.00,192
18496,0,0.00,192
18497,1,0.00,192
18498,2,0.00,192
18499,3,0.00,192
18500,4,0.00,192
18501,5,0.00,192
18502,6,0.00,192
18503,7,0.00,192
18504,8,0.00,192
18505,9,0.00,192
18506,10,0.00,192
18507,11,0.00,192
18508,12,0.00,192
18509,13,0.00,192
18510,14,0.00,192
18511,15,0.00,192
18512,16,0.00,192
18513,17,0.00,192
18514,18,0.00,192
18515,19,0.00,192
18516,20,0.00,192
18517,21,0.00,192
18518,22,0.00,192
18519,23,0.00,192
18520,24,0.00,192
18521,25,0.00,192
18522,26,0.00,192
18523,27,0.00,192
18524,28,0.00,192
18525,29,0.00,192
18526,30,0.00,192
18527,31,0.00,192
18528,32,0.00,192
18529,33,0.00,192
18530,34,0.00,192
18531,35,0.00,192
18532,36,0.00,192
18533,37,0.00,192
18534,38,0.00,192
18535,39,0.00,192
18536,40,0.00,192
18537,41,0.00,192
18538,42,0.00,192
18539,43,0.00,192
18540,44,0.00,192
18541,45,0.00,192
18542,46,0.00,192
18543,47,0.00,192
18544,48,0.00,192
18545,49,0.00,192
18546,50,0.00,192
18547,51,0.00,192
18548,52,0.00,192
18549,53,0.00,192
18550,54,0.00,192
18551,55,0.00,192
18552,56,0.00,192
18553,57,0.00,192
18554,58,0.00,192
18555,59,0.00,192
18556,60,0.00,192
18557,61,0.00,192
18558,62,0.00,192
18559,63,0.00,192
18560,64,0.00,192
18561,65,0.00,192
18562,66,0.00,192
18563,67,0.00,192
18564,68,0.00,192
18565,69,0.00,192
18566,70,0.00,192
18567,71,0.00,192
18568,72,0.00,192
18569,73,0.00,192
18570,74,0.00,192
18571,75,0.00,192
18572,76,0.00,192
18573,77,0.00,192
18574,78,0.00,192
18575,79,0.00,192
18576,80,0.00,192
18577,81,0.00,192
18578,82,0.00,192
18579,83,0.00,192
18580,84,0.00,192
18581,85,0.00,192
18582,86,0.00,192
18583,87,0.00,192
18584,88,0.00,192
18585,89,0.00,192
18586,90,0.00,192
18587,91,0.00,192
18588,92,0.00,192
18589,93,0.00,192
18590,94,0.00,192
18591,95,0.00,192
18592,96,0.00,192
18593,97,0.00,192
18594,98,0.00,192
18595,99,0.00,192
18596,100,0.00,192
18597,101,0.00,192
18598,102,0.00,192
18599,103,0.00,192
18600,104,0.00,192
18601,105,0.00,192
18602,106,0.00,192
18603,107,0.00,192
18604,108,0.00,192
18605,109,0.00,192
18606,110,0.00,192
18607,111,0.00,192
18608,112,0.00,192
18609,113,0.00,192
18610,114,0.00,192
18611,115,0.00,192
18612,116,0.00,192
18613,117,0.00,192
18614,118,0.00,192
18615,119,0.00,192
18616,120,0.00,192
18617,121,0.00,192
18618,122,0.00,192
18619,123,0.00,192
18620,124,41.67,192
18621,125,0.00,192
18622,126,0.00,192
18623,127,0.00,192
18624,128,0.00,192
18625,129,0.00,192
18626,130,0.00,192
18627,131,0.00,192
18628,132,0.00,192
18629,133,0.00,192
18630,134,0.00,192
18631,135,0.00,192
18632,136,0.00,192
18633,137,0.00,192
18634,138,0.00,192
18635,139,0.00,192
18636,140,0.00,192
18637,141,0.00,192
18638,142,0.00,192
18639,143,0.00,192
18640,144,0.00,192
18641,145,0.00,192
18642,146,0.00,192
18643,147,0.00,192
18644,148,0.00,192
18645,149,0.00,192
18646,150,0.00,192
18647,151,0.00,192
18648,152,0.00,192
18649,153,0.00,192
18650,154,0.00,192
18651,155,0.00,192
18652,156,0.00,192
18653,157,0.00,192
18654,158,0.00,192
18655,159,0.00,192
18656,160,0.00,192
18657,161,0.00,192
18658,162,0.00,192
18659,163,0.00,192
18660,164,0.00,192
18661,165,0.00,192
18662,166,0.00,192
18663,167,0.00,192
18664,168,0.00,192
18665,169,0.00,192
18666,170,0.00,192
18667,171,0.00,192
18668,172,0.00,192
18669,173,0.00,192
18670,174,0.00,192
18671,175,0.00,192
18672,176,0.00,192
18673,177,0.00,192
18674,178,0.00,192
18675,179,0.00,192
18676,180,0.00,192
18677,181,0.00,192
18678,182,0.00,192
18679,183,0.00,192
18680,184,0.00,192
18681,185,0.00,192
18682,186,0.00,192
18683,187,0.00,192
18684,188,0.00,192
18685,189,0.00,192
18686,190,0.00,192
18687,191,0.00,192
18688,0,0.00,192
18689,1,0.00,192
18690,2,0.00,192
18691,3,0.00,192
18692,4,0.00,192
18693,5,0.00,192
18694,6,0.00,192
18695,7,0.00,192
18696,8,0.00,192
18697,9,0.00,192
18698,10,0.00,192
18699,11,0.00,192
18700,12,0.00,192
18701,13,0.00,192
18702,14,0.00,192
18703,15,0.00,192
18704,16,0.00,192
18705,17,0.00,192
18706,18,0.00,192
18707,19,0.00,192
18708,20,0.00,192
18709,21,0.00,192
18710,22,0.00,192
18711,23,0.00,192
18712,24,0.00,192
18713,25,0.00,192
18714,26,0.00,192
18715,27,0.00,192
18716,28,0.00,192
18717,29,0.00,192
18718,30,0.00,192
18719,31,0.00,192
18720,32,0.00,192
18721,33,0.00,192
18722,34,0.00,192
18723,35,0.00,192
18724,36,0.00,192
18725,37,0.00,192
18726,38,0.00,192
18727,39,0.00,192
18728,40,0.00,192
18729,41,0.00,192
18730,42,0.00,192
18731,43,0.00,192
18732,44,0.00,192
18733,45,0.00,192
18734,46,0.00,192
18735,47,0.00,192
18736,48,0.00,192
18737,49,0.00,192
18738,50,0.00,192
18739,51,0.00,192
18740,52,0.00,192
18741,53,0.00,192
18742,54,0.00,192
18743,55,0.00,192
18744,56,0.00,192
18745,57,0.00,192
18746,58,0.00,192
18747,59,0.00,192
18748,60,0.00,192
18749,61,0.00,192
18750,62,0.00,192
18751,63,41.67,192
18752,64,0.00,192
18753,65,0.00,192
18754,66,0.00,192
18755,67,0.00,192
18756,68,0.00,192
18757,69,0.00,192
18758,70,0.00,192
18759,71,0.00,192
18760,72,0.00,192
18761,73,0.00,192
18762,74,0.00,192
18763,75,0.00,192
18764,76,0.00,192
18765,77,0.00,192
18766,78,0.00,192
18767,79,0.00,192
18768,80,0.00,192
18769,81,0.00,192
18770,82,0.00,192
18771,83,0.00,192
18772,84,0.00,192
18773,85,0.00,192
18774,86,0.00,192
18775,87,0.00,192
18776,88,0.00,192
18777,89,0.00,192
18778,90,0.00,192
18779,91,0.00,192
18780,92,0.00,192
18781,93,0.00,192
18782,94,0.00,192
18783,95,0.00,192
18784,96,0.00,192
18785,97,0.00,192
18786,98,0.00,192
18787,99,0.00,192
18788,100,0.00,192
18789,101,0.00,192
18790,102,0.00,192
18791,103,0.00,192
18792,104,0.00,192
18793,105,0.00,192
18794,106,0.00,192
18795,107,0.00,192
18796,108,0.00,192
18797,109,0.00,192
18798,110,0.00,192
18799,111,0.00,192
18800,112,0.00,192
18801,113,0.00,192
18802,114,0.00,192
18803,115,0.00,192
18804,116,0.00,192
18805,117,0.00,192
18806,118,0.00,192
18807,119,0.00,192
18808,120,0.00,192
18809,121,0.00,192
18810,122,0.00,192
18811,123,0.00,192
18812,124,0.00,192
18813,125,0.00,192
18814,126,0.00,192
18815,127,0.00,192
18816,128,0.00,192
18817,129,0.00,192
18818,130,0.00,192
18819,131,0.00,192
18820,132,0.00,192
18821,133,0.00,192
18822,134,0.00,192
18823,135,0.00,192
18824,136,0.00,192
18825,137,0.00,192
18826,138,0.00,192
18827,139,0.00,192
18828,140,0.00,192
18829,141,0.00,192
18830,142,0.00,192
18831,143,0.00,192
18832,144,0.00,192
18833,145,0.00,192
18834,146,0.00,192
18835,147,0.00,192
18836,148,0.00,192
18837,149,0.00,192
18838,150,0.00,192
18839,151,0.00,192
18840,152,0.00,192
18841,153,0.00,192
18842,154,0.00,192
18843,155,0.00,192
18844,156,0.00,192
18845,157,0.00,192
18846,158,0.00,192
18847,159,0.00,192
18848,160,0.00,192
18849,161,0.00,192
18850,162,0.00,192
18851,163,0.00,192
18852,164,0.00,192
18853,165,0.00,192
18854,166,0.00,192
18855,167,0.00,192
18856,168,0.00,192
18857,169,0.00,192
18858,170,0.00,192
18859,171,0.00,192
18860,172,0.00,192
18861,173,0.00,192
18862,174,0.00,192
18863,175,0.00,192
18864,176,0.00,192
18865,177,0.00,192
18866,178,0.00,192
18867,179,0.00,192
18868,180,0.00,192
18869,181,0.00,192
18870,182,0.00,192
18871,183,0.00,192
18872,184,0.00,192
18873,185,0.00,192
18874,186,0.00,192
18875,187,0.00,192
18876,188,0.00,192
18877,189,0.00,192
18878,190,0.00,192
18879,191,0.00,192
18880,0,0.00,192
18881,1,0.00,192
18882,2,0.00,192
18883,3,0.00,192
18884,4,0.00,192
18885,5,0.00,192
18886,6,0.00,192
18887,7,0.00,192
18888,8,0.00,192
18889,9,41.67,192
18890,10,0.00,192
18891,11,0.00,192
18892,12,0.00,192
18893,13,0.00,192
18894,14,41.67,192
18895,15,0.00,192
18896,16,0.00,192
18897,17,0.00,192
18898,18,0.00,192
18899,19,0.00,192
18900,20,0.00,192
18901,21,0.00,192
18902,22,0.00,192
18903,23,0.00,192
18904,24,0.00,192
18905,25,0.00,192
18906,26,41.67,192
18907,27,0.00,192
18908,28,0.00,192
18909,29,0.00,192
18910,30,0.00,192
18911,31,0.00,192
18912,32,0.00,192
18913,33,0.00,192
18914,34,0.00,192
18915,35,0.00,192
18916,36,0.00,192
18917,37,0.00,192
18918,38,0.00,192
18919,39,0.00,192
18920,40,0.00,192
18921,41,0.00,192
18922,42,0.00,192
18923,43,0.00,192
18924,44,0.00,192
18925,45,0.00,192
18926,46,0.00,192
18927,47,0.00,192
18928,48,0.00,192
18929,49,0.00,192
18930,50,0.00,192
18931,51,0.00,192
18932,52,0.00,192
18933,53,0.00,192
18934,54,0.00,192
18935,55,0.00,192
18936,56,0.00,192
18937,57,0.00,192
18938,58,0.00,192
18939,59,0.00,192
18940,60,0.00,192
18941,61,0.00,192
18942,62,0.00,192
18943,63,0.00,192
18944,64,0.00,192
18945,65,0.00,192
18946,66,0.00,192
18947,67,0.00,192
18948,68,0.00,192
18949,69,0.00,192
18950,70,0.00,192
18951,71,0.00,192
18952,72,0.00,192
18953,73,0.00,192
18954,74,0.00,192
18955,75,0.00,192
18956,76,0.00,192
18957,77,0.00,192
18958,78,0.00,192
18959,79,0.00,192
18960,80,0.00,192
18961,81,0.00,192
18962,82,0.00,192
18963,83,0.00,192
18964,84,0.00,192
18965,85,0.00,192
18966,86,0.00,192
18967,87,0.00,192
18968,88,0.00,192
18969,89,0.00,192
18970,90,0.00,192
18971,91,0.00,192
18972,92,0.00,192
18973,93,0.00,192
18974,94,0.00,192
18975,95,0.00,192
18976,96,0.00,192
18977,97,0.00,192
18978,98,0.00,192
18979,99,0.00,192
18980,100,0.00,192
18981,101,0.00,192
18982,102,0.00,192
18983,103,0.00,192
18984,104,0.00,192
18985,105,0.00,192
18986,106,0.00,192
18987,107,0.00,192
18988,108,0.00,192
18989,109,0.00,192
18990,110,0.00,192
18991,111,0.00,192
18992,112,0.00,192
18993,113,0.00,192
18994,114,0.00,192
18995,115,0.00,192
18996,116,0.00,192
18997,117,0.00,192
18998,118,0.00,192
18999,119,0.00,192
19000,120,0.00,192
19001,121,0.00,192
19002,122,0.00,192
19003,123,0.00,192
19004,124,0.00,192
19005,125,0.00,192
19006,126,0.00,192
19007,127,0.00,192
19008,128,0.00,192
19009,129,0.00,192
19010,130,0.00,192
19011,131,0.00,192
19012,132,0.00,192
19013,133,0.00,192
19014,134,0.00,192
19015,135,0.00,192
19016,136,0.00,192
19017,137,0.00,192
19018,138,0.00,192
19019,139,0.00,192
19020,140,0.00,192
19021,141,0.00,192
19022,142,0.00,192
19023,143,0.00,192
19024,144,0.00,192
19025,145,0.00,192
19026,146,0.00,192
19027,147,0.00,192
19028,148,0.00,192
19029,149,0.00,192
19030,150,0.00,192
19031,151,0.00,192
19032,152,0.00,192
19033,153,0.00,192
19034,154,0.00,192
19035,155,0.00,192
19036,156,0.00,192
19037,157,0.00,192
19038,158,0.00,192
19039,159,0.00,192
19040,160,0.00,192
19041,161,0.00,192
19042,162,0.00,192
19043,163,0.00,192
19044,164,0.00,192
19045,165,0.00,192
19046,166,0.00,192
19047,167,0.00,192
19048,168,0.00,192
19049,169,0.00,192
19050,170,0.00,192
19051,171,0.00,192
19052,172,0.00,192
19053,173,0.00,192
19054,174,0.00,192
19055,175,0.00,192
19056,176,0.00,192
19057,177,0.00,192
19058,178,0.00,192
19059,179,0.00,192
19060,180,0.00,192
19061,181,0.00,192
19062,182,0.00,192
19063,183,0.00,192
19064,184,0.00,192
19065,185,0.00,192
19066,186,0.00,192
19067,187,0.00,192
19068,188,0.00,192
19069,189,0.00,192
19070,190,0.00,192
19071,191,0.00,192
19072,0,0.00,192
19073,1,0.00,192
19074,2,0.00,192
19075,3,0.00,192
19076,4,0.00,192
19077,5,0.00,192
19078,6,0.00,192
19079,7,0.00,192
19080,8,0.00,192
19081,9,0.00,192
19082,10,0.00,192
19083,11,0.00,192
19084,12,0.00,192
19085,13,0.00,192
19086,14,0.00,192
19087,15,0.00,192
19088,16,0.00,192
19089,17,0.00,192
19090,18,0.00,192
19091,19,0.00,192
19092,20,0.00,192
19093,21,0.00,192
19094,22,0.00,192
19095,23,0.00,192
19096,24,0.00,192
19097,25,0.00,192
19098,26,0.00,192
19099,27,0.00,192
19100,28,0.00,192
19101,29,0.00,192
19102,30,0.00,192
19103,31,0.00,192
19104,32,0.00,192
19105,33,0.00,192
19106,34,0.00,192
19107,35,0.00,192
19108,36,0.00,192
19109,37,0.00,192
19110,38,0.00,192
19111,39,0.00,192
19112,40,0.00,192
19113,41,0.00,192
19114,42,0.00,192
19115,43,0.00,192
19116,44,0.00,192
19117,45,0.00,192
19118,46,0.00,192
19119,47,0.00,192
19120,48,0.00,192
19121,49,0.00,192
19122,50,0.00,192
19123,51,0.00,192
19124,52,0.00,192
19125,53,0.00,192
19126,54,0.00,192
19127,55,0.00,192
19128,56,0.00,192
19129,57,0.00,192
19130,58,0.00,192
19131,59,0.00,192
19132,60,0.00,192
19133,61,0.00,192
19134,62,0.00,192
19135,63,0.00,192
19136,64,0.00,192
19137,65,0.00,192
19138,66,0.00,192
19139,67,0.00,192
19140,68,0.00,192
19141,69,0.00,192
19142,70,0.00,192
19143,71,0.00,192
19144,72,0.00,192
19145,73,0.00,192
19146,74,0.00,192
19147,75,0.00,192
19148,76,0.00,192
19149,77,0.00,192
19150,78,0.00,192
19151,79,0.00,192
19152,80,0.00,192
19153,81,0.00,192
19154,82,0.00,192
19155,83,0.00,192
19156,84,0.00,192
19157,85,0.00,192
19158,86,0.00,192
19159,87,0.00,192
19160,88,0.00,192
19161,89,0.00,192
19162,90,0.00,192
19163,91,0.00,192
19164,92,0.00,192
19165,93,0.00,192
19166,94,0.00,192
19167,95,0.00,192
19168,96,0.00,192
19169,97,0.00,192
19170,98,0.00,192
19171,99,0.00,192
19172,100,0.00,192
19173,101,0.00,192
19174,102,0.00,192
19175,103,0.00,192
19176,104,0.00,192
19177,105,0.00,192
19178,106,0.00,192
19179,107,0.00,192
19180,108,0.00,192
19181,109,0.00,192
19182,110,0.00,192
19183,111,0.00,192
19184,112,0.00,192
19185,113,0.00,192
19186,114,0.00,192
19187,115,0.00,192
19188,116,0.00,192
19189,117,0.00,192
19190,118,41.67,192
19191,119,0.00,192
19192,120,0.00,192
19193,121,0.00,192
19194,122,0.00,192
19195,123,0.00,192
19196,124,0.00,192
19197,125,0.00,192
19198,126,0.00,192
19199,127,0.00,192
19200,128,0.00,192
19201,129,0.00,192
19202,130,0.00,192
19203,131,0.00,192
19204,132,0.00,192
19205,133,0.00,192
19206,134,0.00,192
19207,135,0.00,192
19208,136,0.00,192
19209,137,0.00,192
19210,138,0.00,192
19211,139,0.00,192
19212,140,0.00,192
19213,141,0.00,192
19214,142,0.00,192
19215,143,0.00,192
19216,144,0.00,192
19217,145,0.00,192
19218,146,0.00,192
19219,147,0.00,192
19220,148,0.00,192
19221,149,0.00,192
19222,150,0.00,192
19223,151,0.00,192
19224,152,0.00,192
19225,153,0.00,192
19226,154,0.00,192
19227,155,0.00,192
19228,156,0.00,192
19229,157,0.00,192
19230,158,0.00,192
19231,159,0.00,192
19232,160,0.00,192
19233,161,0.00,192
19234,162,0.00,192
19235,163,0.00,192
19236,164,0.00,192
19237,165,0.00,192
19238,166,0.00,192
19239,167,0.00,192
19240,168,0.00,192
19241,169,0.00,192
19242,170,0.00,192
19243,171,0.00,192
19244,172,0.00,192
19245,173,0.00,192
19246,174,0.00,192
19247,175,0.00,192
19248,176,0.00,192
19249,177,0.00,192
19250,178,0.00,192
19251,179,0.00,192
19252,180,0.00,192
19253,181,0.00,192
19254,182,0.00,192
19255,183,0.00,192
19256,184,0.00,192
19257,185,0.00,192
19258,186,0.00,192
19259,187,0.00,192
19260,188,0.00,192
19261,189,0.00,192
19262,190,0.00,192
19263,191,0.00,192
19264,0,0.00,192
19265,1,0.00,192
19266,2,41.67,192
19267,3,0.00,192
19268,4,0.00,192
19269,5,0.00,192
19270,6,0.00,192
19271,7,0.00,192
19272,8,0.00,192
19273,9,0.00,192
19274,10,0.00,192
19275,11,0.00,192
19276,12,0.00,192
19277,13,0.00,192
19278,14,0.00,192
19279,15,0.00,192
19280,16,0.00,192
19281,17,0.00,192
19282,18,0.00,192
19283,19,0.00,192
19284,20,0.00,192
19285,21,0.00,192
19286,22,0.00,192
19287,23,0.00,192
19288,24,0.00,192
19289,25,0.00,192
19290,26,0.00,192
19291,27,0.00,192
19292,28,0.00,192
19293,29,0.00,192
19294,30,0.00,192
19295,31,0.00,192
19296,32,0.00,192
19297,33,0.00,192
19298,34,0.00,192
19299,35,0.00,192
19300,36,0.00,192
19301,37,0.00,192
19302,38,0.00,192
19303,39,0.00,192
19304,40,0.00,192
19305,41,0.00,192
19306,42,0.00,192
19307,43,0.00,192
19308,44,0.00,192
19309,45,0.00,192
19310,46,0.00,192
19311,47,0.00,192
19312,48,0.00,192
19313,49,0.00,192
19314,50,0.00,192
19315,51,0.00,192
19316,52,0.00,192
19317,53,0.00,192
19318,54,0.00,192
19319,55,0.00,192
19320,56,0.00,192
19321,57,0.00,192
19322,58,0.00,192
19323,59,0.00,192
19324,60,0.00,192
19325,61,0.00,192
19326,62,0.00,192
19327,63,0.00,192
19328,64,0.00,192
19329,65,0.00,192
19330,66,0.00,192
19331,67,0.00,192
19332,68,0.00,192
19333,69,0.00,192
19334,70,0.00,192
19335,71,0.00,192
19336,72,0.00,192
19337,73,0.00,192
19338,74,0.00,192
19339,75,0.00,192
19340,76,0.00,192
19341,77,0.00,192
19342,78,0.00,192
19343,79,0.00,192
19344,80,0.00,192
19345,81,0.00,192
19346,82,0.00,192
19347,83,0.00,192
19348,84,0.00,192
19349,85,0.00,192
19350,86,0.00,192
19351,87,0.00,192
19352,88,0.00,192
19353,89,0.00,192
19354,90,0.00,192
19355,91,0.00,192
19356,92,0.00,192
19357,93,0.00,192
19358,94,0.00,192
19359,95,0.00,192
19360,96,0.00,192
19361,97,0.00,192
19362,98,0.00,192
19363,99,0.00,192
19364,100,0.00,192
19365,101,0.00,192
19366,102,0.00,192
19367,103,0.00,192
19368,104,0.00,192
19369,105,0.00,192
19370,106,0.00,192
19371,107,0.00,192
19372,108,0.00,192
19373,109,0.00,192
19374,110,0.00,192
19375,111,0.00,192
19376,112,0.00,192
19377,113,0.00,192
19378,114,0.00,192
19379,115,0.00,192
19380,116,0.00,192
19381,117,0.00,192
19382,118,0.00,192
19383,119,0.00,192
19384,120,0.00,192
19385,121,0.00,192
19386,122,0.00,192
19387,123,0.00,192
19388,124,0.00,192
19389,125,0.00,192
19390,126,0.00,192
19391,127,0.00,192
19392,128,0.00,192
19393,129,0.00,192
19394,130,0.00,192
19395,131,0.00,192
19396,132,0.00,192
19397,133,0.00,192
19398,134,0.00,192
19399,135,0.00,192
19400,136,0.00,192
19401,137,0.00,192
19402,138,0.00,192
19403,139,0.00,192
19404,140,0.00,192
19405,141,0.00,192
19406,142,0.00,192
19407,143,0.00,192
19408,144,0.00,192
19409,145,0.00,192
19410,146,0.00,192
19411,147,0.00,192
19412,148,0.00,192
19413,149,0.00,192
19414,150,0.00,192
19415,151,0.00,192
19416,152,0.00,192
19417,153,0.00,192
19418,154,0.00,192
19419,155,0.00,192
19420,156,0.00,192
19421,157,0.00,192
19422,158,41.67,192
19423,159,0.00,192
19424,160,0.00,192
19425,161,0.00,192
19426,162,0.00,192
19427,163,0.00,192
19428,164,0.00,192
19429,165,0.00,192
19430,166,0.00,192
19431,167,0.00,192
19432,168,0.00,192
19433,169,0.00,192
19434,170,0.00,192
19435,171,0.00,192
19436,172,0.00,192
19437,173,0.00,192
19438,174,0.00,192
19439,175,0.00,192
19440,176,0.00,192
19441,177,0.00,192
19442,178,0.00,192
19443,179,0.00,192
19444,180,0.00,192
19445,181,0.00,192
19446,182,0.00,192
19447,183,0.00,192
19448,184,0.00,192
19449,185,0.00,192
19450,186,0.00,192
19451,187,0.00,192
19452,188,0.00,192
19453,189,0.00,192
19454,190,41.67,192
19455,191,0.00,192
19456,0,0.00,192
19457,1,0.00,192
19458,2,0.00,192
19459,3,0.00,192
19460,4,0.00,192
19461,5,0.00,192
19462,6,0.00,192
19463,7,0.00,192
19464,8,0.00,192
19465,9,0.00,192
19466,10,0.00,192
19467,11,0.00,192
19468,12,0.00,192
19469,13,0.00,192
19470,14,0.00,192
19471,15,0.00,192
19472,16,0.00,192
19473,17,0.00,192
19474,18,0.00,192
19475,19,0.00,192
19476,20,0.00,192
19477,21,0.00,192
19478,22,0.00,192
19479,23,0.00,192
19480,24,0.00,192
19481,25,0.00,192
19482,26,0.00,192
19483,27,0.00,192
19484,28,0.00,192
19485,29,0.00,192
19486,30,0.00,192
19487,31,0.00,192
19488,32,0.00,192
19489,33,0.00,192
19490,34,0.00,192
19491,35,0.00,192
19492,36,0.00,192
19493,37,0.00,192
19494,38,0.00,192
19495,39,0.00,192
19496,40,0.00,192
19497,41,0.00,192
19498,42,0.00,192
19499,43,0.00,192
19500,44,0.00,192
19501,45,0.00,192
19502,46,0.00,192
19503,47,0.00,192
19504,48,0.00,192
19505,49,0.00,192
19506,50,0.00,192
19507,51,0.00,192
19508,52,0.00,192
19509,53,0.00,192
19510,54,0.00,192
19511,55,0.00,192
19512,56,0.00,192
19513,57,0.00,192
19514,58,0.00,192
19515,59,0.00,192
19516,60,0.00,192
19517,61,0.00,192
19518,62,0.00,192
19519,63,0.00,192
19520,64,0.00,192
19521,65,0.00,192
19522,66,0.00,192
19523,67,0.00,192
19524,68,0.00,192
19525,69,0.00,192
19526,70,0.00,192
19527,71,0.00,192
19528,72,0.00,192
19529,73,0.00,192
19530,74,0.00,192
19531,75,0.00,192
19532,76,0.00,192
19533,77,0.00,192
19534,78,0.00,192
19535,79,0.00,192
19536,80,0.00,192
19537,81,0.00,192
19538,82,0.00,192
19539,83,0.00,192
19540,84,0.00,192
19541,85,0.00,192
19542,86,0.00,192
19543,87,0.00,192
19544,88,0.00,192
19545,89,0.00,192
19546,90,0.00,192
19547,91,0.00,192
19548,92,0.00,192
19549,93,0.00,192
19550,94,0.00,192
19551,95,0.00,192
19552,96,0.00,192
19553,97,0.00,192
19554,98,0.00,192
19555,99,0.00,192
19556,100,0.00,192
19557,101,0.00,192
19558,102,0.00,192
19559,103,0.00,192
19560,104,0.00,192
19561,105,0.00,192
19562,106,0.00,192
19563,107,0.00,192
19564,108,0.00,192
19565,109,0.00,192
19566,110,0.00,192
19567,111,0.00,192
19568,112,0.00,192
19569,113,0.00,192
19570,114,0.00,192
19571,115,0.00,192
19572,116,0.00,192
19573,117,0.00,192
19574,118,0.00,192
19575,119,0.00,192
19576,120,0.00,192
19577,121,0.00,192
19578,122,0.00,192
19579,123,0.00,192
19580,124,0.00,192
19581,125,0.00,192
19582,126,0.00,192
19583,127,0.00,192
19584,128,0.00,192
19585,129,0.00,192
19586,130,0.00,192
19587,131,0.00,192
19588,132,0.00,192
19589,133,0.00,192
19590,134,0.00,192
19591,135,0.00,192
19592,136,0.00,192
19593,137,0.00,192
19594,138,0.00,192
19595,139,0.00,192
19596,140,0.00,192
19597,141,0.00,192
19598,142,0.00,192
19599,143,0.00,192
19600,144,0.00,192
19601,145,0.00,192
19602,146,0.00,192
19603,147,0.00,192
19604,148,0.00,192
19605,149,0.00,192
19606,150,0.00,192
19607,151,0.00,192
19608,152,0.00,192
19609,153,0.00,192
19610,154,0.00,192
19611,155,0.00,192
19612,156,0.00,192
19613,157,0.00,192
19614,158,0.00,192
19615,159,0.00,192
19616,160,0.00,192
19617,161,0.00,192
19618,162,0.00,192
19619,163,0.00,192
19620,164,0.00,192
19621,165,0.00,192
19622,166,0.00,192
19623,167,0.00,192
19624,168,0.00,192
19625,169,0.00,192
19626,170,0.00,192
19627,171,0.00,192
19628,172,0.00,192
19629,173,0.00,192
19630,174,0.00,192
19631,175,0.00,192
19632,176,0.00,192
19633,177,0.00,192
19634,178,0.00,192
19635,179,0.00,192
19636,180,0.00,192
19637,181,0.00,192
19638,182,0.00,192
19639,183,0.00,192
19640,184,0.00,192
19641,185,0.00,192
19642,186,0.00,192
19643,187,0.00,192
19644,188,0.00,192
19645,189,0.00,192
19646,190,0.00,192
19647,191,0.00,192
19648,0,0.00,192
19649,1,0.00,192
19650,2,0.00,192
19651,3,0.00,192
19652,4,0.00,192
19653,5,0.00,192
19654,6,0.00,192
19655,7,0.00,192
19656,8,0.00,192
19657,9,0.00,192
19658,10,0.00,192
19659,11,0.00,192
19660,12,0.00,192
19661,13,0.00,192
19662,14,0.00,192
19663,15,0.00,192
19664,16,0.00,192
19665,17,0.00,192
19666,18,0.00,192
19667,19,0.00,192
19668,20,0.00,192
19669,21,0.00,192
19670,22,0.00,192
19671,23,0.00,192
19672,24,0.00,192
19673,25,0.00,192
19674,26,0.00,192
19675,27,0.00,192
19676,28,0.00,192
19677,29,0.00,192
19678,30,0.00,192
19679,31,0.00,192
19680,32,0.00,192
19681,33,0.00,192
19682,34,0.00,192
19683,35,0.00,192
19684,36,0.00,192
19685,37,0.00,192
19686,38,0.00,192
19687,39,0.00,192
19688,40,0.00,192
19689,41,0.00,192
19690,42,0.00,192
19691,43,0.00,192
19692,44,0.00,192
19693,45,0.00,192
19694,46,0.00,192
19695,47,0.00,192
19696,48,0.00,192
19697,49,0.00,192
19698,50,0.00,192
19699,51,0.00,192
19700,52,0.00,192
19701,53,0.00,192
19702,54,0.00,192
19703,55,0.00,192
19704,56,0.00,192
19705,57,0.00,192
19706,58,0.00,192
19707,59,0.00,192
19708,60,0.00,192
19709,61,0.00,192
19710,62,0.00,192
19711,63,0.00,192
19712,64,0.00,192
19713,65,0.00,192
19714,66,0.00,192
19715,67,0.00,192
19716,68,0.00,192
19717,69,0.00,192
19718,70,0.00,192
19719,71,0.00,192
19720,72,0.00,192
19721,73,0.00,192
19722,74,0.00,192
19723,75,0.00,192
19724,76,0.00,192
19725,77,0.00,192
19726,78,0.00,192
19727,79,0.00,192
19728,80,0.00,192
19729,81,0.00,192
19730,82,0.00,192
19731,83,0.00,192
19732,84,0.00,192
19733,85,0.00,192
19734,86,0.00,192
19735,87,0.00,192
19736,88,0.00,192
19737,89,0.00,192
19738,90,0.00,192
19739,91,0.00,192
19740,92,0.00,192
19741,93,0.00,192
19742,94,0.00,192
19743,95,0.00,192
19744,96,0.00,192
19745,97,0.00,192
19746,98,0.00,192
19747,99,0.00,192
19748,100,0.00,192
19749,101,0.00,192
19750,102,0.00,192
19751,103,0.00,192
19752,104,0.00,192
19753,105,0.00,192
19754,106,0.00,192
19755,107,0.00,192
19756,108,0.00,192
19757,109,0.00,192
19758,110,0.00,192
19759,111,0.00,192
19760,112,0.00,192
19761,113,0.00,192
19762,114,0.00,192
19763,115,0.00,192
19764,116,0.00,192
19765,117,0.00,192
19766,118,0.00,192
19767,119,0.00,192
19768,120,0.00,192
19769,121,0.00,192
19770,122,0.00,192
19771,123,0.00,192
19772,124,0.00,192
19773,125,0.00,192
19774,126,0.00,192
19775,127,0.00,192
19776,128,0.00,192
19777,129,0.00,192
19778,130,0.00,192
19779,131,0.00,192
19780,132,0.00,192
19781,133,0.00,192
19782,134,0.00,192
19783,135,0.00,192
19784,136,0.00,192
19785,137,0.00,192
19786,138,0.00,192
19787,139,0.00,192
19788,140,0.00,192
19789,141,0.00,192
19790,142,0.00,192
19791,143,0.00,192
19792,144,0.00,192
19793,145,0.00,192
19794,146,0.00,192
19795,147,0.00,192
19796,148,0.00,192
19797,149,0.00,192
19798,150,0.00,192
19799,151,0.00,192
19800,152,0.00,192
19801,153,0.00,192
19802,154,0.00,192
19803,155,0.00,192
19804,156,0.00,192
19805,157,0.00,192
19806,158,0.00,192
19807,159,0.00,192
19808,160,41.67,192
19809,161,0.00,192
19810,162,0.00,192
19811,163,0.00,192
19812,164,0.00,192
19813,165,0.00,192
19814,166,0.00,192
19815,167,0.00,192
19816,168,0.00,192
19817,169,0.00,192
19818,170,0.00,192
19819,171,0.00,192
19820,172,0.00,192
19821,173,0.00,192
19822,174,0.00,192
19823,175,0.00,192
19824,176,0.00,192
19825,177,0.00,192
19826,178,0.00,192
19827,179,0.00,192
19828,180,0.00,192
19829,181,0.00,192
19830,182,0.00,192
19831,183,0.00,192
19832,184,0.00,192
19833,185,0.00,192
19834,186,0.00,192
19835,187,0.00,192
19836,188,0.00,192
19837,189,0.00,192
19838,190,0.00,192
19839,191,0.00,192
19840,0,0.00,192
19841,1,0.00,192
19842,2,0.00,192
19843,3,0.00,192
19844,4,0.00,192
19845,5,0.00,192
19846,6,0.00,192
19847,7,0.00,192
19848,8,0.00,192
19849,9,0.00,192
19850,10,0.00,192
19851,11,0.00,192
19852,12,0.00,192
19853,13,0.00,192
19854,14,0.00,192
19855,15,0.00,192
19856,16,0.00,192
19857,17,0.00,192
19858,18,0.00,192
19859,19,0.00,192
19860,20,0.00,192
19861,21,0.00,192
19862,22,0.00,192
19863,23,0.00,192
19864,24,0.00,192
19865,25,0.00,192
19866,26,0.00,192
19867,27,0.00,192
19868,28,0.00,192
19869,29,0.00,192
19870,30,0.00,192
19871,31,0.00,192
19872,32,0.00,192
19873,33,0.00,192
19874,34,0.00,192
19875,35,0.00,192
19876,36,0.00,192
19877,37,0.00,192
19878,38,0.00,192
19879,39,0.00,192
19880,40,0.00,192
19881,41,0.00,192
19882,42,0.00,192
19883,43,0.00,192
19884,44,0.00,192
19885,45,0.00,192
19886,46,0.00,192
19887,47,0.00,192
19888,48,0.00,192
19889,49,0.00,192
19890,50,0.00,192
19891,51,0.00,192
19892,52,0.00,192
19893,53,0.00,192
19894,54,0.00,192
19895,55,0.00,192
19896,56,0.00,192
19897,57,0.00,192
19898,58,0.00,192
19899,59,0.00,192
19900,60,0.00,192
19901,61,0.00,192
19902,62,0.00,192
19903,63,0.00,192
19904,64,0.00,192
19905,65,0.00,192
19906,66,0.00,192
19907,67,0.00,192
19908,68,0.00,192
19909,69,0.00,192
19910,70,0.00,192
19911,71,0.00,192
19912,72,0.00,192
19913,73,0.00,192
19914,74,0.00,192
19915,75,0.00,192
19916,76,0.00,192
19917,77,0.00,192
19918,78,0.00,192
19919,79,0.00,192
19920,80,0.00,192
19921,81,0.00,192
19922,82,0.00,192
19923,83,0.00,192
19924,84,0.00,192
19925,85,0.00,192
19926,86,0.00,192
19927,87,0.00,192
19928,88,0.00,192
19929,89,0.00,192
19930,90,0.00,192
19931,91,0.00,192
19932,92,0.00,192
19933,93,0.00,192
19934,94,0.00,192
19935,95,0.00,192
19936,96,0.00,192
19937,97,0.00,192
19938,98,0.00,192
19939,99,0.00,192
19940,100,0.00,192
19941,101,0.00,192
19942,102,41.67,192
19943,103,0.00,192
19944,104,0.00,192
19945,105,0.00,192
19946,106,0.00,192
19947,107,0.00,192
19948,108,0.00,192
19949,109,0.00,192
19950,110,0.00,192
19951,111,0.00,192
19952,112,0.00,192
19953,113,0.00,192
19954,114,0.00,192
19955,115,0.00,192
19956,116,0.00,192
19957,117,0.00,192
19958,118,0.00,192
19959,119,0.00,192
19960,120,0.00,192
19961,121,0.00,192
19962,122,0.00,192
19963,123,0.00,192
19964,124,0.00,192
19965,125,0.00,192
19966,126,0.00,192
19967,127,0.00,192
19968,128,0.00,192
19969,129,0.00,192
19970,130,0.00,192
19971,131,0.00,192
19972,132,0.00,192
19973,133,0.00,192
19974,134,0.00,192
19975,135,0.00,192
19976,136,0.00,192
19977,137,0.00,192
19978,138,0.00,192
19979,139,0.00,192
19980,140,0.00,192
19981,141,0.00,192
19982,142,0.00,192
19983,143,0.00,192
19984,144,0.00,192
19985,145,0.00,192
19986,146,0.00,192
19987,147,0.00,192
19988,148,0.00,192
19989,149,0.00,192
19990,150,0.00,192
19991,151,0.00,192
19992,152,0.00,192
19993,153,0.00,192
19994,154,0.00,192
19995,155,0.00,192
19996,156,0.00,192
19997,157,0.00,192
19998,158,0.00,192
19999,159,0.00,192
20000,160,0.00,192
20001,161,0.00,192
20002,162,0.00,192
20003,163,0.00,192
20004,164,0.00,192
20005,165,0.00,192
20006,166,0.00,192
20007,167,0.00,192
20008,168,0.00,192
20009,169,0.00,192
20010,170,0.00,192
20011,171,0.00,192
20012,172,0.00,192
20013,173,0.00,192
20014,174,0.00,192
20015,175,0.00,192
20016,176,0.00,192
20017,177,0.00,192
20018,178,0.00,192
20019,179,0.00,192
20020,180,0.00,192
20021,181,0.00,192
20022,182,0.00,192
20023,183,0.00,192
20024,184,0.00,192
20025,185,0.00,192
20026,186,0.00,192
20027,187,0.00,192
20028,188,41.67,192
20029,189,0.00,192
20030,190,0.00,192
20031,191,0.00,192
20032,0,0.00,192
20033,1,0.00,192
20034,2,0.00,192
20035,3,0.00,192
20036,4,0.00,192
20037,5,0.00,192
20038,6,0.00,192
20039,7,0.00,192
20040,8,0.00,192
20041,9,0.00,192
20042,10,0.00,192
20043,11,0.00,192
20044,12,0.00,192
20045,13,0.00,192
20046,14,0.00,192
20047,15,0.00,192
20048,16,0.00,192
20049,17,0.00,192
20050,18,0.00,192
20051,19,0.00,192
20052,20,0.00,192
20053,21,0.00,192
20054,22,0.00,192
20055,23,0.00,192
20056,24,0.00,192
20057,25,0.00,192
20058,26,0.00,192
20059,27,0.00,192
20060,28,0.00,192
20061,29,0.00,192
20062,30,0.00,192
20063,31,0.00,192
20064,32,0.00,192
20065,33,0.00,192
20066,34,0.00,192
20067,35,0.00,192
20068,36,0.00,192
20069,37,0.00,192
20070,38,0.00,192
20071,39,0.00,192
20072,40,0.00,192
20073,41,0.00,192
20074,42,0.00,192
20075,43,0.00,192
20076,44,0.00,192
20077,45,0.00,192
20078,46,0.00,192
20079,47,0.00,192
20080,48,0.00,192
20081,49,0.00,192
20082,50,0.00,192
20083,51,0.00,192
20084,52,0.00,192
20085,53,0.00,192
20086,54,0.00,192
20087,55,0.00,192
20088,56,0.00,192
20089,57,0.00,192
20090,58,0.00,192
20091,59,0.00,192
20092,60,0.00,192
20093,61,0.00,192
20094,62,0.00,192
20095,63,0.00,192
20096,64,0.00,192
20097,65,0.00,192
20098,66,0.00,192
20099,67,0.00,192
20100,68,0.00,192
20101,69,0.00,192
20102,70,0.00,192
20103,71,0.00,192
20104,72,0.00,192
20105,73,0.00,192
20106,74,0.00,192
20107,75,0.00,192
20108,76,0.00,192
20109,77,0.00,192
20110,78,0.00,192
20111,79,41.67,192
20112,80,0.00,192
20113,81,0.00,192
20114,82,0.00,192
20115,83,0.00,192
20116,84,0.00,192
20117,85,0.00,192
20118,86,0.00,192
20119,87,0.00,192
20120,88,0.00,192
20121,89,0.00,192
20122,90,0.00,192
20123,91,0.00,192
20124,92,0.00,192
20125,93,0.00,192
20126,94,0.00,192
20127,95,0.00,192
20128,96,0.00,192
20129,97,0.00,192
20130,98,0.00,192
20131,99,0.00,192
20132,100,0.00,192
20133,101,0.00,192
20134,102,0.00,192
20135,103,0.00,192
20136,104,0.00,192
20137,105,0.00,192
20138,106,0.00,192
20139,107,0.00,192
20140,108,0.00,192
20141,109,0.00,192
20142,110,0.00,192
20143,111,0.00,192
20144,112,0.00,192
20145,113,0.00,192
20146,114,0.00,192
20147,115,0.00,192
20148,116,0.00,192
20149,117,0.00,192
20150,118,0.00,192
20151,119,0.00,192
20152,120,0.00,192
20153,121,0.00,192
20154,122,0.00,192
20155,123,0.00,192
20156,124,0.00,192
20157,125,0.00,192
20158,126,0.00,192
20159,127,0.00,192
20160,128,0.00,192
20161,129,0.00,192
20162,130,0.00,192
20163,131,0.00,192
20164,132,0.00,192
20165,133,0.00,192
20166,134,0.00,192
20167,135,0.00,192
20168,136,0.00,192
20169,137,0.00,192
20170,138,0.00,192
20171,139,0.00,192
20172,140,0.00,192
20173,141,0.00,192
20174,142,0.00,192
20175,143,0.00,192
20176,144,0.00,192
20177,145,0.00,192
20178,146,0.00,192
20179,147,0.00,192
20180,148,0.00,192
20181,149,0.00,192
20182,150,0.00,192
20183,151,0.00,192
20184,152,0.00,192
20185,153,0.00,192
20186,154,0.00,192
20187,155,0.00,192
20188,156,0.00,192
20189,157,0.00,192
20190,158,0.00,192
20191,159,0.00,192
20192,160,0.00,192
20193,161,0.00,192
20194,162,0.00,192
20195,163,0.00,192
20196,164,0.00,192
20197,165,0.00,192
20198,166,0.00,192
20199,167,0.00,192
20200,168,0.00,192
20201,169,0.00,192
20202,170,0.00,192
20203,171,0.00,192
20204,172,0.00,192
20205,173,0.00,192
20206,174,0.00,192
20207,175,0.00,192
20208,176,0.00,192
20209,177,0.00,192
20210,178,0.00,192
20211,179,0.00,192
20212,180,0.00,192
20213,181,0.00,192
20214,182,0.00,192
20215,183,0.00,192
20216,184,0.00,192
20217,185,0.00,192
20218,186,0.00,192
20219,187,0.00,192
20220,188,0.00,192
20221,189,0.00,192
20222,190,0.00,192
20223,191,0.00,192
20224,0,0.00,192
20225,1,0.00,192
20226,2,0.00,192
20227,3,0.00,192
20228,4,0.00,192
20229,5,0.00,192
20230,6,0.00,192
20231,7,0.00,192
20232,8,0.00,192
20233,9,0.00,192
20234,10,0.00,192
20235,11,0.00,192
20236,12,0.00,192
20237,13,0.00,192
20238,14,0.00,192
20239,15,0.00,192
20240,16,0.00,192
20241,17,0.00,192
20242,18,0.00,192
20243,19,0.00,192
20244,20,0.00,192
20245,21,0.00,192
20246,22,0.00,192
20247,23,0.00,192
20248,24,0.00,192
20249,25,0.00,192
20250,26,0.00,192
20251,27,0.00,192
20252,28,0.00,192
20253,29,0.00,192
20254,30,0.00,192
20255,31,0.00,192
20256,32,0.00,192
20257,33,0.00,192
20258,34,0.00,192
20259,35,0.00,192
20260,36,0.00,192
20261,37,0.00,192
20262,38,0.00,192
20263,39,0.00,192
20264,40,0.00,192
20265,41,0.00,192
20266,42,0.00,192
20267,43,0.00,192
20268,44,0.00,192
20269,45,0.00,192
20270,46,0.00,192
20271,47,0.00,192
20272,48,0.00,192
20273,49,0.00,192
20274,50,0.00,192
20275,51,41.67,192
20276,52,0.00,192
20277,53,0.00,192
20278,54,0.00,192
20279,55,0.00,192
20280,56,0.00,192
20281,57,0.00,192
20282,58,0.00,192
20283,59,0.00,192
20284,60,0.00,192
20285,61,0.00,192
20286,62,0.00,192
20287,63,0.00,192
20288,64,0.00,192
20289,65,0.00,192
20290,66,0.00,192
20291,67,0.00,192
20292,68,0.00,192
20293,69,0.00,192
20294,70,41.67,192
20295,71,0.00,192
20296,72,0.00,192
20297,73,0.00,192
20298,74,0.00,192
20299,75,0.00,192
20300,76,0.00,192
20301,77,0.00,192
20302,78,0.00,192
20303,79,0.00,192
20304,80,0.00,192
20305,81,0.00,192
20306,82,0.00,192
20307,83,0.00,192
20308,84,0.00,192
20309,85,0.00,192
20310,86,0.00,192
20311,87,0.00,192
20312,88,0.00,192
20313,89,0.00,192
20314,90,0.00,192
20315,91,0.00,192
20316,92,0.00,192
20317,93,0.00,192
20318,94,0.00,192
20319,95,0.00,192
20320,96,0.00,192
20321,97,0.00,192
20322,98,0.00,192
20323,99,0.00,192
20324,100,0.00,192
20325,101,0.00,192
20326,102,0.00,192
20327,103,0.00,192
20328,104,0.00,192
20329,105,0.00,192
20330,106,0.00,192
20331,107,0.00,192
20332,108,0.00,192
20333,109,0.00,192
20334,110,0.00,192
20335,111,0.00,192
20336,112,0.00,192
20337,113,0.00,192
20338,114,0.00,192
20339,115,0.00,192
20340,116,0.00,192
20341,117,0.00,192
20342,118,0.00,192
20343,119,0.00,192
20344,120,0.00,192
20345,121,0.00,192
20346,122,0.00,192
20347,123,0.00,192
20348,124,0.00,192
20349,125,0.00,192
20350,126,0.00,192
20351,127,0.00,192
20352,128,0.00,192
20353,129,0.00,192
20354,130,0.00,192
20355,131,0.00,192
20356,132,0.00,192
20357,133,0.00,192
20358,134,0.00,192
20359,135,0.00,192
20360,136,0.00,192
20361,137,0.00,192
20362,138,0.00,192
20363,139,0.00,192
20364,140,0.00,192
20365,141,0.00,192
20366,142,0.00,192
20367,143,0.00,192
20368,144,0.00,192
20369,145,0.00,192
20370,146,0.00,192
20371,147,0.00,192
20372,148,0.00,192
20373,149,0.00,192
20374,150,0.00,192
20375,151,0.00,192
20376,152,0.00,192
20377,153,0.00,192
20378,154,0.00,192
20379,155,0.00,192
20380,156,0.00,192
20381,157,0.00,192
20382,158,0.00,192
20383,159,0.00,192
20384,160,0.00,192
20385,161,0.00,192
20386,162,0.00,192
20387,163,0.00,192
20388,164,0.00,192
20389,165,0.00,192
20390,166,0.00,192
20391,167,0.00,192
20392,168,0.00,192
20393,169,0.00,192
20394,170,0.00,192
20395,171,0.00,192
20396,172,0.00,192
20397,173,0.00,192
20398,174,0.00,192
20399,175,0.00,192
20400,176,0.00,192
20401,177,0.00,192
20402,178,0.00,192
20403,179,0.00,192
20404,180,0.00,192
20405,181,0.00,192
20406,182,0.00,192
20407,183,0.00,192
20408,184,0.00,192
20409,185,0.00,192
20410,186,0.00,192
20411,187,0.00,192
20412,188,0.00,192
20413,189,0.00,192
20414,190,0.00,192
20415,191,0.00,192
20416,0,0.00,192
20417,1,0.00,192
20418,2,0.00,192
20419,3,0.00,192
20420,4,0.00,192
20421,5,0.00,192
20422,6,0.00,192
20423,7,0.00,192
20424,8,0.00,192
20425,9,0.00,192
20426,10,0.00,192
20427,11,0.00,192
20428,12,0.00,192
20429,13,0.00,192
20430,14,0.00,192
20431,15,0.00,192
20432,16,0.00,192
20433,17,0.00,192
20434,18,0.00,192
20435,19,0.00,192
20436,20,0.00,192
20437,21,0.00,192
20438,22,0.00,192
20439,23,0.00,192
20440,24,0.00,192
20441,25,0.00,192
20442,26,0.00,192
20443,27,0.00,192
20444,28,0.00,192
20445,29,0.00,192
20446,30,0.00,192
20447,31,0.00,192
20448,32,0.00,192
20449,33,0.00,192
20450,34,0.00,192
20451,35,0.00,192
20452,36,0.00,192
20453,37,0.00,192
20454,38,0.00,192
20455,39,0.00,192
20456,40,0.00,192
20457,41,0.00,192
20458,42,0.00,192
20459,43,0.00,192
20460,44,0.00,192
20461,45,0.00,192
20462,46,0.00,192
20463,47,0.00,192
20464,48,0.00,192
20465,49,0.00,192
20466,50,0.00,192
20467,51,0.00,192
20468,52,0.00,192
20469,53,0.00,192
20470,54,0.00,192
20471,55,0.00,192
20472,56,0.00,192
20473,57,0.00,192
20474,58,0.00,192
20475,59,0.00,192
20476,60,0.00,192
20477,61,0.00,192
20478,62,0.00,192
20479,63,0.00,192
20480,64,0.00,192
20481,65,0.00,192
20482,66,0.00,192
20483,67,0.00,192
20484,68,0.00,192
20485,69,0.00,192
20486,70,0.00,192
20487,71,0.00,192
20488,72,0.00,192
20489,73,0.00,192
20490,74,0.00,192
20491,75,0.00,192
20492,76,0.00,192
20493,77,0.00,192
20494,78,0.00,192
20495,79,0.00,192
20496,80,0.00,192
20497,81,0.00,192
20498,82,0.00,192
20499,83,0.00,192
20500,84,0.00,192
20501,85,0.00,192
20502,86,0.00,192
20503,87,0.00,192
20504,88,0.00,192
20505,89,0.00,192
20506,90,0.00,192
20507,91,0.00,192
20508,92,0.00,192
20509,93,0.00,192
20510,94,0.00,192
20511,95,0.00,192
20512,96,0.00,192
20513,97,0.00,192
20514,98,0.00,192
20515,99,0.00,192
20516,100,0.00,192
20517,101,0.00,192
20518,102,0.00,192
20519,103,0.00,192
20520,104,0.00,192
20521,105,0.00,192
20522,106,0.00,192
20523,107,0.00,192
20524,108,0.00,192
20525,109,0.00,192
20526,110,0.00,192
20527,111,0.00,192
20528,112,0.00,192
20529,113,0.00,192
20530,114,0.00,192
20531,115,0.00,192
20532,116,0.00,192
20533,117,0.00,192
20534,118,0.00,192
20535,119,0.00,192
20536,120,0.00,192
20537,121,0.00,192
20538,122,0.00,192
20539,123,0.00,192
20540,124,0.00,192
20541,125,0.00,192
20542,126,0.00,192
20543,127,0.00,192
20544,128,0.00,192
20545,129,0.00,192
20546,130,0.00,192
20547,131,0.00,192
20548,132,0.00,192
20549,133,0.00,192
20550,134,0.00,192
20551,135,0.00,192
20552,136,0.00,192
20553,137,0.00,192
20554,138,0.00,192
20555,139,0.00,192
20556,140,0.00,192
20557,141,0.00,192
20558,142,0.00,192
20559,143,0.00,192
20560,144,0.00,192
20561,145,0.00,192
20562,146,0.00,192
20563,147,0.00,192
20564,148,0.00,192
20565,149,0.00,192
20566,150,0.00,192
20567,151,0.00,192
20568,152,0.00,192
20569,153,0.00,192
20570,154,0.00,192
20571,155,0.00,192
20572,156,0.00,192
20573,157,0.00,192
20574,158,0.00,192
20575,159,0.00,192
20576,160,0.00,192
20577,161,0.00,192
20578,162,0.00,192
20579,163,0.00,192
20580,164,0.00,192
20581,165,0.00,192
20582,166,0.00,192
20583,167,0.00,192
20584,168,0.00,192
20585,169,0.00,192
20586,170,0.00,192
20587,171,0.00,192
20588,172,0.00,192
20589,173,0.00,192
20590,174,0.00,192
20591,175,0.00,192
20592,176,0.00,192
20593,177,0.00,192
20594,178,0.00,192
20595,179,0.00,192
20596,180,0.00,192
20597,181,0.00,192
20598,182,0.00,192
20599,183,0.00,192
20600,184,0.00,192
20601,185,0.00,192
20602,186,0.00,192
20603,187,0.00,192
20604,188,0.00,192
20605,189,0.00,192
20606,190,0.00,192
20607,191,0.00,192
20608,0,0.00,192
20609,1,0.00,192
20610,2,0.00,192
20611,3,0.00,192
20612,4,0.00,192
20613,5,0.00,192
20614,6,0.00,192
20615,7,0.00,192
20616,8,0.00,192
20617,9,0.00,192
20618,10,0.00,192
20619,11,0.00,192
20620,12,0.00,192
20621,13,0.00,192
20622,14,0.00,192
20623,15,0.00,192
20624,16,0.00,192
20625,17,0.00,192
20626,18,0.00,192
20627,19,0.00,192
20628,20,0.00,192
20629,21,0.00,192
20630,22,0.00,192
20631,23,0.00,192
20632,24,0.00,192
20633,25,0.00,192
20634,26,0.00,192
20635,27,0.00,192
20636,28,0.00,192
20637,29,0.00,192
20638,30,0.00,192
20639,31,0.00,192
20640,32,0.00,192
20641,33,0.00,192
20642,34,0.00,192
20643,35,0.00,192
20644,36,0.00,192
20645,37,0.00,192
20646,38,0.00,192
20647,39,0.00,192
20648,40,0.00,192
20649,41,0.00,192
20650,42,0.00,192
20651,43,0.00,192
20652,44,0.00,192
20653,45,0.00,192
20654,46,0.00,192
20655,47,0.00,192
20656,48,0.00,192
20657,49,0.00,192
20658,50,0.00,192
20659,51,0.00,192
20660,52,0.00,192
20661,53,0.00,192
20662,54,0.00,192
20663,55,0.00,192
20664,56,0.00,192
20665,57,0.00,192
20666,58,0.00,192
20667,59,0.00,192
20668,60,0.00,192
20669,61,0.00,192
20670,62,0.00,192
20671,63,0.00,192
20672,64,0.00,192
20673,65,0.00,192
20674,66,0.00,192
20675,67,0.00,192
20676,68,0.00,192
20677,69,0.00,192
20678,70,0.00,192
20679,71,0.00,192
20680,72,0.00,192
20681,73,0.00,192
20682,74,0.00,192
20683,75,0.00,192
20684,76,0.00,192
20685,77,0.00,192
20686,78,0.00,192
20687,79,0.00,192
20688,80,0.00,192
20689,81,0.00,192
20690,82,41.67,192
20691,83,0.00,192
20692,84,0.00,192
20693,85,0.00,192
20694,86,0.00,192
20695,87,0.00,192
20696,88,0.00,192
20697,89,0.00,192
20698,90,0.00,192
20699,91,0.00,192
20700,92,0.00,192
20701,93,0.00,192
20702,94,0.00,192
20703,95,0.00,192
20704,96,0.00,192
20705,97,0.00,192
20706,98,0.00,192
20707,99,0.00,192
20708,100,0.00,192
20709,101,0.00,192
20710,102,0.00,192
20711,103,0.00,192
20712,104,0.00,192
20713,105,0.00,192
20714,106,0.00,192
20715,107,0.00,192
20716,108,0.00,192
20717,109,0.00,192
20718,110,0.00,192
20719,111,0.00,192
20720,112,0.00,192
20721,113,0.00,192
20722,114,0.00,192
20723,115,0.00,192
20724,116,0.00,192
20725,117,0.00,192
20726,118,0.00,192
20727,119,0.00,192
20728,120,0.00,192
20729,121,0.00,192
20730,122,0.00,192
20731,123,0.00,192
20732,124,0.00,192
20733,125,0.00,192
20734,126,0.00,192
20735,127,0.00,192
20736,128,0.00,192
20737,129,0.00,192
20738,130,0.00,192
20739,131,0.00,192
20740,132,0.00,192
20741,133,0.00,192
20742,134,0.00,192
20743,135,0.00,192
20744,136,0.00,192
20745,137,0.00,192
20746,138,0.00,192
20747,139,0.00,192
20748,140,0.00,192
20749,141,0.00,192
20750,142,0.00,192
20751,143,0.00,192
20752,144,0.00,192
20753,145,0.00,192
20754,146,0.00,192
20755,147,0.00,192
20756,148,0.00,192
20757,149,0.00,192
20758,150,0.00,192
20759,151,0.00,192
20760,152,0.00,192
20761,153,0.00,192
20762,154,0.00,192
20763,155,0.00,192
20764,156,0.00,192
20765,157,0.00,192
20766,158,0.00,192
20767,159,0.00,192
20768,160,0.00,192
20769,161,0.00,192
20770,162,0.00,192
20771,163,0.00,192
20772,164,0.00,192
20773,165,0.00,192
20774,166,0.00,192
20775,167,0.00,192
20776,168,0.00,192
20777,169,0.00,192
20778,170,0.00,192
20779,171,41.67,192
20780,172,0.00,192
20781,173,0.00,192
20782,174,0.00,192
20783,175,0.00,192
20784,176,0.00,192
20785,177,0.00,192
20786,178,0.00,192
20787,179,0.00,192
20788,180,0.00,192
20789,181,0.00,192
20790,182,0.00,192
20791,183,0.00,192
20792,184,0.00,192
20793,185,0.00,192
20794,186,0.00,192
20795,187,0.00,192
20796,188,0.00,192
20797,189,0.00,192
20798,190,0.00,192
20799,191,0.00,192
20800,0,0.00,256
20801,1,0.00,256
20802,2,0.00,256
20803,3,0.00,256
20804,4,0.00,256
20805,5,0.00,256
20806,6,0.00,256
20807,7,0.00,256
20808,8,0.00,256
20809,9,0.00,256
20810,10,0.00,256
20811,11,0.00,256
20812,12,0.00,256
20813,13,0.00,256
20814,14,0.00,256
20815,15,0.00,256
20816,16,0.00,256
20817,17,0.00,256
20818,18,0.00,256
20819,19,0.00,256
20820,20,0.00,256
20821,21,0.00,256
20822,22,0.00,256
20823,23,0.00,256
20824,24,0.00,256
20825,25,0.00,256
20826,26,0.00,256
20827,27,0.00,256
20828,28,0.00,256
20829,29,0.00,256
20830,30,0.00,256
20831,31,0.00,256
20832,32,0.00,256
20833,33,0.00,256
20834,34,0.00,256
20835,35,0.00,256
20836,36,0.00,256
20837,37,0.00,256
20838,38,0.00,256
20839,39,0.00,256
20840,40,0.00,256
20841,41,0.00,256
20842,42,0.00,256
20843,43,0.00,256
20844,44,0.00,256
20845,45,0.00,256
20846,46,0.00,256
20847,47,0.00,256
20848,48,0.00,256
20849,49,0.00,256
20850,50,0.00,256
20851,51,0.00,256
20852,52,0.00,256
20853,53,0.00,256
20854,54,0.00,256
20855,55,0.00,256
20856,56,0.00,256
20857,57,0.00,256
20858,58,0.00,256
20859,59,0.00,256
20860,60,0.00,256
20861,61,0.00,256
20862,62,0.00,256
20863,63,0.00,256
20864,64,0.00,256
20865,65,0.00,256
20866,66,0.00,256
20867,67,0.00,256
20868,68,0.00,256
20869,69,0.00,256
20870,70,0.00,256
20871,71,0.00,256
20872,72,0.00,256
20873,73,0.00,256
20874,74,0.00,256
20875,75,0.00,256
20876,76,0.00,256
20877,77,0.00,256
20878,78,0.00,256
20879,79,0.00,256
20880,80,0.00,256
20881,81,0.00,256
20882,82,0.00,256
20883,83,0.00,256
20884,84,0.00,256
20885,85,0.00,256
20886,86,0.00,256
20887,87,0.00,256
20888,88,0.00,256
20889,89,0.00,256
20890,90,0.00,256
20891,91,0.00,256
20892,92,0.00,256
20893,93,0.00,256
20894,94,0.00,256
20895,95,0.00,256
20896,96,0.00,256
20897,97,0.00,256
20898,98,0.00,256
20899,99,0.00,256
20900,100,0.00,256
20901,101,0.00,256
20902,102,0.00,256
20903,103,0.00,256
20904,104,0.00,256
20905,105,0.00,256
20906,106,0.00,256
20907,107,0.00,256
20908,108,0.00,256
20909,109,0.00,256
20910,110,0.00,256
20911,111,0.00,256
20912,112,0.00,256
20913,113,0.00,256
20914,114,0.00,256
20915,115,0.00,256
20916,116,0.00,256
20917,117,0.00,256
20918,118,0.00,256
20919,119,0.00,256
20920,120,0.00,256
20921,121,0.00,256
20922,122,0.00,256
20923,123,0.00,256
20924,124,0.00,256
20925,125,0.00,256
20926,126,0.00,256
20927,127,0.00,256
20928,128,0.00,256
20929,129,0.00,256
20930,130,0.00,256
20931,131,0.00,256
20932,132,0.00,256
20933,133,0.00,256
20934,134,0.00,256
20935,135,0.00,256
20936,136,0.00,256
20937,137,0.00,256
20938,138,0.00,256
20939,139,0.00,256
20940,140,0.00,256
20941,141,0.00,256
20942,142,0.00,256
20943,143,0.00,256
20944,144,0.00,256
20945,145,0.00,256
20946,146,0.00,256
20947,147,0.00,256
20948,148,0.00,256
20949,149,0.00,256
20950,150,0.00,256
20951,151,41.67,256
20952,152,0.00,256
20953,153,0.00,256
20954,154,0.00,256
20955,155,0.00,256
20956,156,0.00,256
20957,157,0.00,256
20958,158,0.00,256
20959,159,0.00,256
20960,160,0.00,256
20961,161,0.00,256
20962,162,0.00,256
20963,163,0.00,256
20964,164,0.00,256
20965,165,0.00,256
20966,166,0.00,256
20967,167,0.00,256
20968,168,0.00,256
20969,169,0.00,256
20970,170,0.00,256
20971,171,0.00,256
20972,172,0.00,256
20973,173,0.00,256
20974,174,0.00,256
20975,175,0.00,256
20976,176,0.00,256
20977,177,0.00,256
20978,178,0.00,256
20979,179,0.00,256
20980,180,0.00,256
20981,181,0.00,256
20982,182,0.00,256
20983,183,0.00,256
20984,184,0.00,256
20985,185,0.00,256
20986,186,0.00,256
20987,187,0.00,256
20988,188,0.00,256
20989,189,0.00,256
20990,190,0.00,256
20991,191,0.00,256
20992,192,0.00,256
20993,193,0.00,256
20994,194,0.00,256
20995,195,0.00,256
20996,196,0.00,256
20997,197,0.00,256
20998,198,0.00,256
20999,199,0.00,256
21000,200,0.00,256
21001,201,0.00,256
21002,202,0.00,256
21003,203,0.00,256
21004,204,0.00,256
21005,205,0.00,256
21006,206,0.00,256
21007,207,0.00,256
21008,208,0.00,256
21009,209,0.00,256
21010,210,0.00,256
21011,211,0.00,256
21012,212,0.00,256
21013,213,0.00,256
21014,214,0.00,256
21015,215,0.00,256
21016,216,0.00,256
21017,217,0.00,256
21018,218,0.00,256
21019,219,0.00,256
21020,220,0.00,256
21021,221,0.00,256
21022,222,0.00,256
21023,223,0.00,256
21024,224,0.00,256
21025,225,0.00,256
21026,226,0.00,256
21027,227,0.00,256
21028,228,0.00,256
21029,229,0.00,256
21030,230,0.00,256
21031,231,0.00,256
21032,232,0.00,256
21033,233,0.00,256
21034,234,0.00,256
21035,235,0.00,256
21036,236,0.00,256
21037,237,0.00,256
21038,238,0.00,256
21039,239,0.00,256
21040,240,0.00,256
21041,241,0.00,256
21042,242,0.00,256
21043,243,0.00,256
21044,244,0.00,256
21045,245,0.00,256
21046,246,0.00,256
21047,247,0.00,256
21048,248,0.00,256
21049,249,0.00,256
21050,250,0.00,256
21051,251,0.00,256
21052,252,0.00,256
21053,253,0.00,256
21054,254,0.00,256
21055,255,0.00,256
21056,0,0.00,256
21057,1,0.00,256
21058,2,0.00,256
21059,3,0.00,256
21060,4,0.00,256
21061,5,0.00,256
21062,6,0.00,256
21063,7,0.00,256
21064,8,0.00,256
21065,9,0.00,256
21066,10,0.00,256
21067,11,0.00,256
21068,12,0.00,256
21069,13,0.00,256
21070,14,0.00,256
21071,15,0.00,256
21072,16,0.00,256
21073,17,0.00,256
21074,18,0.00,256
21075,19,0.00,256
21076,20,0.00,256
21077,21,0.00,256
21078,22,0.00,256
21079,23,0.00,256
21080,24,0.00,256
21081,25,0.00,256
21082,26,0.00,256
21083,27,0.00,256
21084,28,0.00,256
21085,29,0.00,256
21086,30,0.00,256
21087,31,0.00,256
21088,32,0.00,256
21089,33,0.00,256
21090,34,0.00,256
21091,35,0.00,256
21092,36,0.00,256
21093,37,0.00,256
21094,38,0.00,256
21095,39,0.00,256
21096,40,0.00,256
21097,41,0.00,256
21098,42,0.00,256
21099,43,0.00,256
21100,44,0.00,256
21101,45,0.00,256
21102,46,0.00,256
21103,47,0.00,256
21104,48,0.00,256
21105,49,0.00,256
21106,50,0.00,256
21107,51,0.00,256
21108,52,0.00,256
21109,53,0.00,256
21110,54,41.67,256
21111,55,0.00,256
21112,56,0.00,256
21113,57,0.00,256
21114,58,0.00,256
21115,59,0.00,256
21116,60,0.00,256
21117,61,0.00,256
21118,62,0.00,256
21119,63,0.00,256
21120,64,0.00,256
21121,65,0.00,256
21122,66,0.00,256
21123,67,0.00,256
21124,68,0.00,256
21125,69,0.00,256
21126,70,0.00,256
21127,71,0.00,256
21128,72,0.00,256
21129,73,0.00,256
21130,74,0.00,256
21131,75,0.00,256
21132,76,0.00,256
21133,77,0.00,256
21134,78,0.00,256
21135,79,0.00,256
21136,80,0.00,256
21137,81,0.00,256
21138,82,0.00,256
21139,83,0.00,256
21140,84,0.00,256
21141,85,0.00,256
21142,86,0.00,256
21143,87,0.00,256
21144,88,0.00,256
21145,89,0.00,256
21146,90,0.00,256
21147,91,0.00,256
21148,92,0.00,256
21149,93,0.00,256
21150,94,0.00,256
21151,95,0.00,256
21152,96,0.00,256
21153,97,0.00,256
21154,98,0.00,256
21155,99,0.00,256
21156,100,0.00,256
21157,101,0.00,256
21158,102,0.00,256
21159,103,0.00,256
21160,104,0.00,256
21161,105,0.00,256
21162,106,0.00,256
21163,107,0.00,256
21164,108,0.00,256
21165,109,0.00,256
21166,110,0.00,256
21167,111,0.00,256
21168,112,0.00,256
21169,113,0.00,256
21170,114,0.00,256
21171,115,0.00,256
21172,116,0.00,256
21173,117,0.00,256
21174,118,0.00,256
21175,119,0.00,256
21176,120,0.00,256
21177,121,0.00,256
21178,122,0.00,256
21179,123,0.00,256
21180,124,0.00,256
21181,125,0.00,256
21182,126,0.00,256
21183,127,0.00,256
21184,128,0.00,256
21185,129,0.00,256
21186,130,0.00,256
21187,131,0.00,256
21188,132,0.00,256
21189,133,0.00,256
21190,134,0.00,256
21191,135,0.00,256
21192,136,0.00,256
21193,137,0.00,256
21194,138,0.00,256
21195,139,0.00,256
21196,140,0.00,256
21197,141,0.00,256
21198,142,0.00,256
21199,143,0.00,256
21200,144,0.00,256
21201,145,0.00,256
21202,146,0.00,256
21203,147,0.00,256
21204,148,0.00,256
21205,149,0.00,256
21206,150,0.00,256
21207,151,0.00,256
21208,152,0.00,256
21209,153,0.00,256
21210,154,0.00,256
21211,155,0.00,256
21212,156,0.00,256
21213,157,0.00,256
21214,158,0.00,256
21215,159,0.00,256
21216,160,0.00,256
21217,161,0.00,256
21218,162,0.00,256
21219,163,0.00,256
21220,164,0.00,256
21221,165,0.00,256
21222,166,0.00,256
21223,167,0.00,256
21224,168,0.00,256
21225,169,0.00,256
21226,170,0.00,256
21227,171,0.00,256
21228,172,0.00,256
21229,173,0.00,256
21230,174,0.00,256
21231,175,0.00,256
21232,176,0.00,256
21233,177,0.00,256
21234,178,0.00,256
21235,179,0.00,256
21236,180,0.00,256
21237,181,0.00,256
21238,182,0.00,256
21239,183,0.00,256
21240,184,0.00,256
21241,185,0.00,256
21242,186,0.00,256
21243,187,0.00,256
21244,188,0.00,256
21245,189,0.00,256
21246,190,0.00,256
21247,191,0.00,256
21248,192,0.00,256
21249,193,0.00,256
21250,194,0.00,256
21251,195,0.00,256
21252,196,0.00,256
21253,197,0.00,256
21254,198,0.00,256
21255,199,0.00,256
21256,200,0.00,256
21257,201,0.00,256
21258,202,0.00,256
21259,203,0.00,256
21260,204,0.00,256
21261,205,0.00,256
21262,206,41.67,256
21263,207,0.00,256
21264,208,0.00,256
21265,209,0.00,256
21266,210,0.00,256
21267,211,0.00,256
21268,212,0.00,256
21269,213,0.00,256
21270,214,0.00,256
21271,215,0.00,256
21272,216,0.00,256
21273,217,0.00,256
21274,218,0.00,256
21275,219,0.00,256
21276,220,0.00,256
21277,221,0.00,256
21278,222,0.00,256
21279,223,0.00,256
21280,224,0.00,256
21281,225,0.00,256
21282,226,0.00,256
21283,227,0.00,256
21284,228,0.00,256
21285,229,0.00,256
21286,230,0.00,256
21287,231,0.00,256
21288,232,0.00,256
21289,233,0.00,256
21290,234,0.00,256
21291,235,0.00,256
21292,236,0.00,256
21293,237,0.00,256
21294,238,0.00,256
21295,239,0.00,256
21296,240,0.00,256
21297,241,0.00,256
21298,242,0.00,256
21299,243,0.00,256
21300,244,0.00,256
21301,245,0.00,256
21302,246,0.00,256
21303,247,0.00,256
21304,248,0.00,256
21305,249,0.00,256
21306,250,0.00,256
21307,251,0.00,256
21308,252,0.00,256
21309,253,0.00,256
21310,254,0.00,256
21311,255,0.00,256
21312,0,0.00,256
21313,1,0.00,256
21314,2,0.00,256
21315,3,0.00,256
21316,4,0.00,256
21317,5,0.00,256
21318,6,0.00,256
21319,7,0.00,256
21320,8,0.00,256
21321,9,0.00,256
21322,10,0.00,256
21323,11,0.00,256
21324,12,0.00,256
21325,13,0.00,256
21326,14,0.00,256
21327,15,0.00,256
21328,16,0.00,256
21329,17,0.00,256
21330,18,0.00,256
21331,19,0.00,256
21332,20,0.00,256
21333,21,0.00,256
21334,22,0.00,256
21335,23,0.00,256
21336,24,0.00,256
21337,25,0.00,256
21338,26,0.00,256
21339,27,0.00,256
21340,28,0.00,256
21341,29,0.00,256
21342,30,0.00,256
21343,31,0.00,256
21344,32,0.00,256
21345,33,0.00,256
21346,34,0.00,256
21347,35,0.00,256
21348,36,0.00,256
21349,37,0.00,256
21350,38,0.00,256
21351,39,0.00,256
21352,40,0.00,256
21353,41,0.00,256
21354,42,0.00,256
21355,43,0.00,256
21356,44,0.00,256
21357,45,0.00,256
21358,46,0.00,256
21359,47,0.00,256
21360,48,0.00,256
21361,49,0.00,256
21362,50,0.00,256
21363,51,0.00,256
21364,52,0.00,256
21365,53,0.00,256
21366,54,0.00,256
21367,55,0.00,256
21368,56,0.00,256
21369,57,0.00,256
21370,58,0.00,256
21371,59,0.00,256
21372,60,0.00,256
21373,61,0.00,256
21374,62,0.00,256
21375,63,0.00,256
21376,64,0.00,256
21377,65,0.00,256
21378,66,0.00,256
21379,67,0.00,256
21380,68,0.00,256
21381,69,0.00,256
21382,70,0.00,256
21383,71,0.00,256
21384,72,0.00,256
21385,73,0.00,256
21386,74,0.00,256
21387,75,0.00,256
21388,76,0.00,256
21389,77,0.00,256
21390,78,0.00,256
21391,79,0.00,256
21392,80,0.00,256
21393,81,0.00,256
21394,82,0.00,256
21395,83,0.00,256
21396,84,0.00,256
21397,85,0.00,256
21398,86,0.00,256
21399,87,0.00,256
21400,88,0.00,256
21401,89,0.00,256
21402,90,0.00,256
21403,91,0.00,256
21404,92,0.00,256
21405,93,0.00,256
21406,94,0.00,256
21407,95,0.00,256
21408,96,0.00,256
21409,97,0.00,256
21410,98,0.00,256
21411,99,0.00,256
21412,100,0.00,256
21413,101,0.00,256
21414,102,0.00,256
21415,103,0.00,256
21416,104,0.00,256
21417,105,0.00,256
21418,106,0.00,256
21419,107,0.00,256
21420,108,0.00,256
21421,109,0.00,256
21422,110,0.00,256
21423,111,0.00,256
21424,112,0.00,256
21425,113,0.00,256
21426,114,0.00,256
21427,115,0.00,256
21428,116,0.00,256
21429,117,0.00,256
21430,118,0.00,256
21431,119,0.00,256
21432,120,0.00,256
21433,121,0.00,256
21434,122,0.00,256
21435,123,0.00,256
21436,124,0.00,256
21437,125,0.00,256
21438,126,41.67,256
21439,127,0.00,256
21440,128,0.00,256
21441,129,0.00,256
21442,130,0.00,256
21443,131,0.00,256
21444,132,0.00,256
21445,133,0.00,256
21446,134,0.00,256
21447,135,0.00,256
21448,136,0.00,256
21449,137,0.00,256
21450,138,0.00,256
21451,139,0.00,256
21452,140,0.00,256
21453,141,0.00,256
21454,142,0.00,256
21455,143,0.00,256
21456,144,0.00,256
21457,145,0.00,256
21458,146,0.00,256
21459,147,0.00,256
21460,148,0.00,256
21461,149,0.00,256
21462,150,0.00,256
21463,151,0.00,256
21464,152,0.00,256
21465,153,0.00,256
21466,154,0.00,256
21467,155,0.00,256
21468,156,0.00,256
21469,157,0.00,256
21470,158,0.00,256
21471,159,0.00,256
21472,160,0.00,256
21473,161,0.00,256
21474,162,0.00,256
21475,163,0.00,256
21476,164,0.00,256
21477,165,0.00,256
21478,166,0.00,256
21479,167,0.00,256
21480,168,0.00,256
21481,169,0.00,256
21482,170,0.00,256
21483,171,0.00,256
21484,172,0.00,256
21485,173,0.00,256
21486,174,0.00,256
21487,175,0.00,256
21488,176,0.00,256
21489,177,0.00,256
21490,178,0.00,256
21491,179,0.00,256
21492,180,0.00,256
21493,181,0.00,256
21494,182,0.00,256
21495,183,0.00,256
21496,184,0.00,256
21497,185,0.00,256
21498,186,0.00,256
21499,187,0.00,256
21500,188,0.00,256
21501,189,0.00,256
21502,190,0.00,256
21503,191,0.00,256
21504,192,0.00,256
21505,193,0.00,256
21506,194,0.00,256
21507,195,0.00,256
21508,196,0.00,256
21509,197,0.00,256
21510,198,0.00,256
21511,199,0.00,256
21512,200,0.00,256
21513,201,0.00,256
21514,202,0.00,256
21515,203,0.00,256
21516,204,0.00,256
21517,205,0.00,256
21518,206,0.00,256
21519,207,0.00,256
21520,208,0.00,256
21521,209,0.00,256
21522,210,0.00,256
21523,211,0.00,256
21524,212,0.00,256
21525,213,0.00,256
21526,214,0.00,256
21527,215,0.00,256
21528,216,0.00,256
21529,217,0.00,256
21530,218,0.00,256
21531,219,0.00,256
21532,220,0.00,256
21533,221,0.00,256
21534,222,0.00,256
21535,223,0.00,256
21536,224,0.00,256
21537,225,0.00,256
21538,226,0.00,256
21539,227,0.00,256
21540,228,0.00,256
21541,229,0.00,256
21542,230,0.00,256
21543,231,0.00,256
21544,232,0.00,256
21545,233,0.00,256
21546,234,0.00,256
21547,235,0.00,256
21548,236,0.00,256
21549,237,0.00,256
21550,238,0.00,256
21551,239,0.00,256
21552,240,0.00,256
21553,241,0.00,256
21554,242,0.00,256
21555,243,0.00,256
21556,244,0.00,256
21557,245,0.00,256
21558,246,0.00,256
21559,247,0.00,256
21560,248,0.00,256
21561,249,0.00,256
21562,250,0.00,256
21563,251,0.00,256
21564,252,0.00,256
21565,253,0.00,256
21566,254,0.00,256
21567,255,0.00,256
21568,0,0.00,256
21569,1,0.00,256
21570,2,0.00,256
21571,3,0.00,256
21572,4,0.00,256
21573,5,0.00,256
21574,6,0.00,256
21575,7,0.00,256
21576,8,0.00,256
21577,9,0.00,256
21578,10,0.00,256
21579,11,0.00,256
21580,12,0.00,256
21581,13,0.00,256
21582,14,0.00,256
21583,15,0.00,256
21584,16,0.00,256
21585,17,0.00,256
21586,18,0.00,256
21587,19,0.00,256
21588,20,0.00,256
21589,21,0.00,256
21590,22,0.00,256
21591,23,0.00,256
21592,24,0.00,256
21593,25,0.00,256
21594,26,0.00,256
21595,27,0.00,256
21596,28,0.00,256
21597,29,0.00,256
21598,30,0.00,256
21599,31,0.00,256
21600,32,0.00,256
21601,33,0.00,256
21602,34,0.00,256
21603,35,0.00,256
21604,36,0.00,256
21605,37,0.00,256
21606,38,0.00,256
21607,39,0.00,256
21608,40,0.00,256
21609,41,0.00,256
21610,42,0.00,256
21611,43,0.00,256
21612,44,0.00,256
21613,45,0.00,256
21614,46,0.00,256
21615,47,0.00,256
21616,48,0.00,256
21617,49,0.00,256
21618,50,0.00,256
21619,51,0.00,256
21620,52,0.00,256
21621,53,0.00,256
21622,54,0.00,256
21623,55,0.00,256
21624,56,0.00,256
21625,57,0.00,256
21626,58,0.00,256
21627,59,0.00,256
21628,60,0.00,256
21629,61,0.00,256
21630,62,0.00,256
21631,63,0.00,256
21632,64,0.00,256
21633,65,0.00,256
21634,66,0.00,256
21635,67,0.00,256
21636,68,0.00,256
21637,69,0.00,256
21638,70,0.00,256
21639,71,0.00,256
21640,72,0.00,256
21641,73,0.00,256
21642,74,0.00,256
21643,75,0.00,256
21644,76,0.00,256
21645,77,0.00,256
21646,78,0.00,256
21647,79,0.00,256
21648,80,0.00,256
21649,81,0.00,256
21650,82,0.00,256
21651,83,0.00,256
21652,84,0.00,256
21653,85,0.00,256
21654,86,0.00,256
21655,87,0.00,256
21656,88,0.00,256
21657,89,0.00,256
21658,90,0.00,256
21659,91,0.00,256
21660,92,0.00,256
21661,93,0.00,256
21662,94,0.00,256
21663,95,0.00,256
21664,96,0.00,256
21665,97,0.00,256
21666,98,0.00,256
21667,99,0.00,256
21668,100,0.00,256
21669,101,0.00,256
21670,102,0.00,256
21671,103,0.00,256
21672,104,0.00,256
21673,105,0.00,256
21674,106,0.00,256
21675,107,0.00,256
21676,108,0.00,256
21677,109,0.00,256
21678,110,0.00,256
21679,111,0.00,256
21680,112,0.00,256
21681,113,0.00,256
21682,114,0.00,256
21683,115,0.00,256
21684,116,0.00,256
21685,117,0.00,256
21686,118,0.00,256
21687,119,0.00,256
21688,120,0.00,256
21689,121,0.00,256
21690,122,0.00,256
21691,123,0.00,256
21692,124,0.00,256
21693,125,0.00,256
21694,126,0.00,256
21695,127,0.00,256
21696,128,0.00,256
21697,129,0.00,256
21698,130,0.00,256
21699,131,0.00,256
21700,132,0.00,256
21701,133,0.00,256
21702,134,0.00,256
21703,135,0.00,256
21704,136,0.00,256
21705,137,0.00,256
21706,138,0.00,256
21707,139,0.00,256
21708,140,0.00,256
21709,141,0.00,256
21710,142,0.00,256
21711,143,0.00,256
21712,144,0.00,256
21713,145,0.00,256
21714,146,0.00,256
21715,147,0.00,256
21716,148,0.00,256
21717,149,0.00,256
21718,150,0.00,256
21719,151,0.00,256
21720,152,0.00,256
21721,153,0.00,256
21722,154,0.00,256
21723,155,0.00,256
21724,156,0.00,256
21725,157,0.00,256
21726,158,0.00,256
21727,159,0.00,256
21728,160,0.00,256
21729,161,0.00,256
21730,162,0.00,256
21731,163,0.00,256
21732,164,0.00,256
21733,165,0.00,256
21734,166,0.00,256
21735,167,0.00,256
21736,168,0.00,256
21737,169,0.00,256
21738,170,0.00,256
21739,171,0.00,256
21740,172,0.00,256
21741,173,0.00,256
21742,174,0.00,256
21743,175,0.00,256
21744,176,0.00,256
21745,177,0.00,256
21746,178,0.00,256
21747,179,0.00,256
21748,180,0.00,256
21749,181,0.00,256
21750,182,0.00,256
21751,183,0.00,256
21752,184,0.00,256
21753,185,0.00,256
21754,186,0.00,256
21755,187,0.00,256
21756,188,0.00,256
21757,189,0.00,256
21758,190,0.00,256
21759,191,0.00,256
21760,192,0.00,256
21761,193,0.00,256
21762,194,0.00,256
21763,195,0.00,256
21764,196,0.00,256
21765,197,0.00,256
21766,198,0.00,256
21767,199,0.00,256
21768,200,0.00,256
21769,201,0.00,256
21770,202,0.00,256
21771,203,0.00,256
21772,204,0.00,256
21773,205,0.00,256
21774,206,0.00,256
21775,207,0.00,256
21776,208,0.00,256
21777,209,0.00,256
21778,210,0.00,256
21779,211,0.00,256
21780,212,0.00,256
21781,213,0.00,256
21782,214,0.00,256
21783,215,0.00,256
21784,216,0.00,256
21785,217,0.00,256
21786,218,0.00,256
21787,219,0.00,256
21788,220,0.00,256
21789,221,0.00,256
21790,222,0.00,256
21791,223,0.00,256
21792,224,0.00,256
21793,225,0.00,256
21794,226,0.00,256
21795,227,0.00,256
21796,228,0.00,256
21797,229,0.00,256
21798,230,0.00,256
21799,231,0.00,256
21800,232,0.00,256
21801,233,0.00,256
21802,234,0.00,256
21803,235,0.00,256
21804,236,0.00,256
21805,237,0.00,256
21806,238,0.00,256
21807,239,0.00,256
21808,240,0.00,256
21809,241,0.00,256
21810,242,0.00,256
21811,243,0.00,256
21812,244,0.00,256
21813,245,0.00,256
21814,246,0.00,256
21815,247,0.00,256
21816,248,0.00,256
21817,249,0.00,256
21818,250,0.00,256
21819,251,0.00,256
21820,252,0.00,256
21821,253,0.00,256
21822,254,0.00,256
21823,255,0.00,256
21824,0,0.00,256
21825,1,0.00,256
21826,2,0.00,256
21827,3,0.00,256
21828,4,0.00,256
21829,5,0.00,256
21830,6,0.00,256
21831,7,0.00,256
21832,8,0.00,256
21833,9,0.00,256
21834,10,0.00,256
21835,11,0.00,256
21836,12,0.00,256
21837,13,0.00,256
21838,14,0.00,256
21839,15,0.00,256
21840,16,0.00,256
21841,17,0.00,256
21842,18,0.00,256
21843,19,0.00,256
21844,20,0.00,256
21845,21,0.00,256
21846,22,0.00,256
21847,23,0.00,256
21848,24,0.00,256
21849,25,0.00,256
21850,26,0.00,256
21851,27,0.00,256
21852,28,0.00,256
21853,29,0.00,256
21854,30,0.00,256
21855,31,0.00,256
21856,32,0.00,256
21857,33,0.00,256
21858,34,0.00,256
21859,35,0.00,256
21860,36,0.00,256
21861,37,0.00,256
21862,38,0.00,256
21863,39,0.00,256
21864,40,0.00,256
21865,41,0.00,256
21866,42,0.00,256
21867,43,0.00,256
21868,44,0.00,256
21869,45,0.00,256
21870,46,0.00,256
21871,47,0.00,256
21872,48,0.00,256
21873,49,0.00,256
21874,50,0.00,256
21875,51,0.00,256
21876,52,0.00,256
21877,53,0.00,256
21878,54,0.00,256
21879,55,0.00,256
21880,56,0.00,256
21881,57,0.00,256
21882,58,0.00,256
21883,59,0.00,256
21884,60,0.00,256
21885,61,0.00,256
21886,62,0.00,256
21887,63,0.00,256
21888,64,0.00,256
21889,65,0.00,256
21890,66,0.00,256
21891,67,0.00,256
21892,68,0.00,256
21893,69,0.00,256
21894,70,0.00,256
21895,71,0.00,256
21896,72,0.00,256
21897,73,0.00,256
21898,74,0.00,256
21899,75,0.00,256
21900,76,0.00,256
21901,77,0.00,256
21902,78,0.00,256
21903,79,0.00,256
21904,80,0.00,256
21905,81,0.00,256
21906,82,0.00,256
21907,83,0.00,256
21908,84,0.00,256
21909,85,0.00,256
21910,86,0.00,256
21911,87,0.00,256
21912,88,41.67,256
21913,89,0.00,256
21914,90,0.00,256
21915,91,0.00,256
21916,92,0.00,256
21917,93,0.00,256
21918,94,0.00,256
21919,95,0.00,256
21920,96,0.00,256
21921,97,0.00,256
21922,98,0.00,256
21923,99,0.00,256
21924,100,0.00,256
21925,101,0.00,256
21926,102,0.00,256
21927,103,0.00,256
21928,104,0.00,256
21929,105,0.00,256
21930,106,0.00,256
21931,107,0.00,256
21932,108,0.00,256
21933,109,0.00,256
21934,110,0.00,256
21935,111,0.00,256
21936,112,0.00,256
21937,113,0.00,256
21938,114,0.00,256
21939,115,0.00,256
21940,116,0.00,256
21941,117,0.00,256
21942,118,0.00,256
21943,119,0.00,256
21944,120,0.00,256
21945,121,0.00,256
21946,122,0.00,256
21947,123,0.00,256
21948,124,0.00,256
21949,125,0.00,256
21950,126,0.00,256
21951,127,0.00,256
21952,128,0.00,256
21953,129,0.00,256
21954,130,0.00,256
21955,131,0.00,256
21956,132,0.00,256
21957,133,0.00,256
21958,134,0.00,256
21959,135,0.00,256
21960,136,0.00,256
21961,137,0.00,256
21962,138,0.00,256
21963,139,0.00,256
21964,140,0.00,256
21965,141,0.00,256
21966,142,0.00,256
21967,143,0.00,256
21968,144,0.00,256
21969,145,0.00,256
21970,146,0.00,256
21971,147,0.00,256
21972,148,0.00,256
21973,149,0.00,256
21974,150,0.00,256
21975,151,0.00,256
21976,152,0.00,256
21977,153,0.00,256
21978,154,0.00,256
21979,155,0.00,256
21980,156,0.00,256
21981,157,0.00,256
21982,158,0.00,256
21983,159,0.00,256
21984,160,0.00,256
21985,161,0.00,256
21986,162,0.00,256
21987,163,0.00,256
21988,164,0.00,256
21989,165,0.00,256
21990,166,0.00,256
21991,167,0.00,256
21992,168,0.00,256
21993,169,0.00,256
21994,170,0.00,256
21995,171,0.00,256
21996,172,0.00,256
21997,173,0.00,256
21998,174,0.00,256
21999,175,0.00,256
22000,176,0.00,256
22001,177,0.00,256
22002,178,0.00,256
22003,179,0.00,256
22004,180,0.00,256
22005,181,0.00,256
22006,182,0.00,256
22007,183,0.00,256
22008,184,0.00,256
22009,185,0.00,256
22010,186,0.00,256
22011,187,0.00,256
22012,188,41.67,256
22013,189,0.00,256
22014,190,0.00,256
22015,191,0.00,256
22016,192,0.00,256
22017,193,0.00,256
22018,194,0.00,256
22019,195,0.00,256
22020,196,0.00,256
22021,197,0.00,256
22022,198,0.00,256
22023,199,0.00,256
22024,200,0.00,256
22025,201,0.00,256
22026,202,0.00,256
22027,203,0.00,256
22028,204,0.00,256
22029,205,0.00,256
22030,206,0.00,256
22031,207,0.00,256
22032,208,0.00,256
22033,209,0.00,256
22034,210,0.00,256
22035,211,0.00,256
22036,212,0.00,256
22037,213,0.00,256
22038,214,0.00,256
22039,215,0.00,256
22040,216,0.00,256
22041,217,0.00,256
22042,218,0.00,256
22043,219,0.00,256
22044,220,0.00,256
22045,221,0.00,256
22046,222,0.00,256
22047,223,0.00,256
22048,224,0.00,256
22049,225,0.00,256
22050,226,0.00,256
22051,227,0.00,256
22052,228,0.00,256
22053,229,0.00,256
22054,230,0.00,256
22055,231,0.00,256
22056,232,0.00,256
22057,233,0.00,256
22058,234,0.00,256
22059,235,0.00,256
22060,236,0.00,256
22061,237,0.00,256
22062,238,0.00,256
22063,239,0.00,256
22064,240,0.00,256
22065,241,0.00,256
22066,242,0.00,256
22067,243,0.00,256
22068,244,0.00,256
22069,245,0.00,256
22070,246,0.00,256
22071,247,0.00,256
22072,248,0.00,256
22073,249,0.00,256
22074,250,0.00,256
22075,251,41.67,256
22076,252,0.00,256
22077,253,0.00,256
22078,254,0.00,256
22079,255,0.00,256
22080,0,0.00,256
22081,1,0.00,256
22082,2,0.00,256
22083,3,0.00,256
22084,4,0.00,256
22085,5,0.00,256
22086,6,0.00,256
22087,7,0.00,256
22088,8,0.00,256
22089,9,0.00,256
22090,10,0.00,256
22091,11,0.00,256
22092,12,0.00,256
22093,13,0.00,256
22094,14,0.00,256
22095,15,0.00,256
22096,16,0.00,256
22097,17,0.00,256
22098,18,0.00,256
22099,19,0.00,256
22100,20,0.00,256
22101,21,0.00,256
22102,22,0.00,256
22103,23,0.00,256
22104,24,0.00,256
22105,25,0.00,256
22106,26,0.00,256
22107,27,0.00,256
22108,28,0.00,256
22109,29,0.00,256
22110,30,0.00,256
22111,31,0.00,256
22112,32,0.00,256
22113,33,41.67,256
22114,34,0.00,256
22115,35,0.00,256
22116,36,0.00,256
22117,37,0.00,256
22118,38,0.00,256
22119,39,0.00,256
22120,40,0.00,256
22121,41,0.00,256
22122,42,0.00,256
22123,43,0.00,256
22124,44,0.00,256
22125,45,0.00,256
22126,46,0.00,256
22127,47,0.00,256
22128,48,0.00,256
22129,49,0.00,256
22130,50,0.00,256
22131,51,0.00,256
22132,52,0.00,256
22133,53,0.00,256
22134,54,0.00,256
22135,55,0.00,256
22136,56,0.00,256
22137,57,0.00,256
22138,58,0.00,256
22139,59,0.00,256
22140,60,0.00,256
22141,61,0.00,256
22142,62,0.00,256
22143,63,0.00,256
22144,64,0.00,256
22145,65,0.00,256
22146,66,0.00,256
22147,67,0.00,256
22148,68,0.00,256
22149,69,0.00,256
22150,70,0.00,256
22151,71,0.00,256
22152,72,0.00,256
22153,73,0.00,256
22154,74,0.00,256
22155,75,0.00,256
22156,76,0.00,256
22157,77,0.00,256
22158,78,0.00,256
22159,79,0.00,256
22160,80,0.00,256
22161,81,0.00,256
22162,82,0.00,256
22163,83,0.00,256
22164,84,0.00,256
22165,85,0.00,256
22166,86,0.00,256
22167,87,0.00,256
22168,88,0.00,256
22169,89,0.00,256
22170,90,0.00,256
22171,91,0.00,256
22172,92,0.00,256
22173,93,0.00,256
22174,94,0.00,256
22175,95,0.00,256
22176,96,0.00,256
22177,97,0.00,256
22178,98,0.00,256
22179,99,0.00,256
22180,100,0.00,256
22181,101,0.00,256
22182,102,0.00,256
22183,103,0.00,256
22184,104,0.00,256
22185,105,0.00,256
22186,106,0.00,256
22187,107,0.00,256
22188,108,0.00,256
22189,109,0.00,256
22190,110,0.00,256
22191,111,0.00,256
22192,112,0.00,256
22193,113,0.00,256
22194,114,0.00,256
22195,115,0.00,256
22196,116,0.00,256
22197,117,0.00,256
22198,118,0.00,256
22199,119,0.00,256
22200,120,0.00,256
22201,121,0.00,256
22202,122,0.00,256
22203,123,0.00,256
22204,124,0.00,256
22205,125,0.00,256
22206,126,0.00,256
22207,127,0.00,256
22208,128,0.00,256
22209,129,0.00,256
22210,130,0.00,256
22211,131,0.00,256
22212,132,0.00,256
22213,133,0.00,256
22214,134,0.00,256
22215,135,0.00,256
22216,136,0.00,256
22217,137,0.00,256
22218,138,0.00,256
22219,139,0.00,256
22220,140,0.00,256
22221,141,0.00,256
22222,142,0.00,256
22223,143,0.00,256
22224,144,0.00,256
22225,145,0.00,256
22226,146,0.00,256
22227,147,0.00,256
22228,148,0.00,256
22229,149,0.00,256
22230,150,0.00,256
22231,151,0.00,256
22232,152,0.00,256
22233,153,0.00,256
22234,154,0.00,256
22235,155,0.00,256
22236,156,0.00,256
22237,157,0.00,256
22238,158,0.00,256
22239,159,0.00,256
22240,160,0.00,256
22241,161,0.00,256
22242,162,0.00,256
22243,163,0.00,256
22244,164,0.00,256
22245,165,0.00,256
22246,166,0.00,256
22247,167,0.00,256
22248,168,0.00,256
22249,169,0.00,256
22250,170,0.00,256
22251,171,0.00,256
22252,172,0.00,256
22253,173,0.00,256
22254,174,0.00,256
22255,175,0.00,256
22256,176,0.00,256
22257,177,0.00,256
22258,178,0.00,256
22259,179,0.00,256
22260,180,0.00,256
22261,181,0.00,256
22262,182,0.00,256
22263,183,0.00,256
22264,184,0.00,256
22265,185,0.00,256
22266,186,0.00,256
22267,187,0.00,256
22268,188,0.00,256
22269,189,0.00,256
22270,190,0.00,256
22271,191,0.00,256
22272,192,0.00,256
22273,193,0.00,256
22274,194,0.00,256
22275,195,0.00,256
22276,196,0.00,256
22277,197,0.00,256
22278,198,0.00,256
22279,199,0.00,256
22280,200,0.00,256
22281,201,0.00,256
22282,202,0.00,256
22283,203,0.00,256
22284,204,0.00,256
22285,205,0.00,256
22286,206,0.00,256
22287,207,0.00,256
22288,208,0.00,256
22289,209,0.00,256
22290,210,0.00,256
22291,211,0.00,256
22292,212,0.00,256
22293,213,0.00,256
22294,214,0.00,256
22295,215,0.00,256
22296,216,0.00,256
22297,217,0.00,256
22298,218,0.00,256
22299,219,0.00,256
22300,220,0.00,256
22301,221,0.00,256
22302,222,0.00,256
22303,223,0.00,256
22304,224,0.00,256
22305,225,0.00,256
22306,226,0.00,256
22307,227,0.00,256
22308,228,0.00,256
22309,229,0.00,256
22310,230,41.67,256
22311,231,0.00,256
22312,232,0.00,256
22313,233,0.00,256
22314,234,0.00,256
22315,235,0.00,256
22316,236,0.00,256
22317,237,0.00,256
22318,238,0.00,256
22319,239,0.00,256
22320,240,0.00,256
22321,241,0.00,256
22322,242,0.00,256
22323,243,0.00,256
22324,244,0.00,256
22325,245,0.00,256
22326,246,0.00,256
22327,247,0.00,256
22328,248,0.00,256
22329,249,0.00,256
22330,250,0.00,256
22331,251,0.00,256
22332,252,0.00,256
22333,253,0.00,256
22334,254,0.00,256
22335,255,0.00,256
22336,0,0.00,256
22337,1,0.00,256
22338,2,0.00,256
22339,3,0.00,256
22340,4,0.00,256
22341,5,0.00,256
22342,6,0.00,256
22343,7,0.00,256
22344,8,0.00,256
22345,9,0.00,256
22346,10,0.00,256
22347,11,0.00,256
22348,12,0.00,256
22349,13,0.00,256
22350,14,0.00,256
22351,15,0.00,256
22352,16,0.00,256
22353,17,0.00,256
22354,18,0.00,256
22355,19,0.00,256
22356,20,0.00,256
22357,21,0.00,256
22358,22,0.00,256
22359,23,0.00,256
22360,24,0.00,256
22361,25,0.00,256
22362,26,0.00,256
22363,27,0.00,256
22364,28,0.00,256
22365,29,0.00,256
22366,30,0.00,256
22367,31,0.00,256
22368,32,0.00,256
22369,33,0.00,256
22370,34,0.00,256
22371,35,0.00,256
22372,36,0.00,256
22373,37,0.00,256
22374,38,0.00,256
22375,39,0.00,256
22376,40,0.00,256
22377,41,0.00,256
22378,42,0.00,256
22379,43,0.00,256
22380,44,0.00,256
22381,45,0.00,256
22382,46,0.00,256
22383,47,0.00,256
22384,48,0.00,256
22385,49,0.00,256
22386,50,0.00,256
22387,51,0.00,256
22388,52,0.00,256
22389,53,0.00,256
22390,54,0.00,256
22391,55,0.00,256
22392,56,0.00,256
22393,57,0.00,256
22394,58,0.00,256
22395,59,0.00,256
22396,60,0.00,256
22397,61,0.00,256
22398,62,0.00,256
22399,63,0.00,256
22400,64,0.00,256
22401,65,0.00,256
22402,66,0.00,256
22403,67,0.00,256
22404,68,0.00,256
22405,69,0.00,256
22406,70,0.00,256
22407,71,0.00,256
22408,72,0.00,256
22409,73,0.00,256
22410,74,0.00,256
22411,75,0.00,256
22412,76,0.00,256
22413,77,0.00,256
22414,78,0.00,256
22415,79,0.00,256
22416,80,0.00,256
22417,81,0.00,256
22418,82,0.00,256
22419,83,0.00,256
22420,84,0.00,256
22421,85,0.00,256
22422,86,0.00,256
22423,87,0.00,256
22424,88,0.00,256
22425,89,0.00,256
22426,90,0.00,256
22427,91,0.00,256
22428,92,0.00,256
22429,93,0.00,256
22430,94,0.00,256
22431,95,0.00,256
22432,96,0.00,256
22433,97,0.00,256
22434,98,0.00,256
22435,99,0.00,256
22436,100,0.00,256
22437,101,0.00,256
22438,102,0.00,256
22439,103,0.00,256
22440,104,0.00,256
22441,105,0.00,256
22442,106,0.00,256
22443,107,0.00,256
22444,108,0.00,256
22445,109,0.00,256
22446,110,0.00,256
22447,111,0.00,256
22448,112,0.00,256
22449,113,0.00,256
22450,114,0.00,256
22451,115,0.00,256
22452,116,0.00,256
22453,117,0.00,256
22454,118,0.00,256
22455,119,0.00,256
22456,120,0.00,256
22457,121,0.00,256
22458,122,0.00,256
22459,123,0.00,256
22460,124,0.00,256
22461,125,0.00,256
22462,126,0.00,256
22463,127,0.00,256
22464,128,0.00,256
22465,129,0.00,256
22466,130,0.00,256
22467,131,0.00,256
22468,132,0.00,256
22469,133,0.00,256
22470,134,0.00,256
22471,135,0.00,256
22472,136,0.00,256
22473,137,0.00,256
22474,138,0.00,256
22475,139,0.00,256
22476,140,0.00,256
22477,141,0.00,256
22478,142,0.00,256
22479,143,0.00,256
22480,144,0.00,256
22481,145,0.00,256
22482,146,0.00,256
22483,147,0.00,256
22484,148,0.00,256
22485,149,0.00,256
22486,150,0.00,256
22487,151,0.00,256
22488,152,0.00,256
22489,153,0.00,256
22490,154,0.00,256
22491,155,0.00,256
22492,156,0.00,256
22493,157,0.00,256
22494,158,0.00,256
22495,159,0.00,256
22496,160,0.00,256
22497,161,0.00,256
22498,162,0.00,256
22499,163,0.00,256
22500,164,0.00,256
22501,165,0.00,256
22502,166,0.00,256
22503,167,0.00,256
22504,168,0.00,256
22505,169,0.00,256
22506,170,0.00,256
22507,171,0.00,256
22508,172,0.00,256
22509,173,0.00,256
22510,174,0.00,256
22511,175,0.00,256
22512,176,0.00,256
22513,177,0.00,256
22514,178,0.00,256
22515,179,0.00,256
22516,180,0.00,256
22517,181,0.00,256
22518,182,0.00,256
22519,183,0.00,256
22520,184,0.00,256
22521,185,0.00,256
22522,186,0.00,256
22523,187,0.00,256
22524,188,0.00,256
22525,189,0.00,256
22526,190,0.00,256
22527,191,0.00,256
22528,192,0.00,256
22529,193,0.00,256
22530,194,0.00,256
22531,195,0.00,256
22532,196,0.00,256
22533,197,0.00,256
22534,198,0.00,256
22535,199,0.00,256
22536,200,0.00,256
22537,201,0.00,256
22538,202,0.00,256
22539,203,0.00,256
22540,204,0.00,256
22541,205,0.00,256
22542,206,0.00,256
22543,207,0.00,256
22544,208,0.00,256
22545,209,0.00,256
22546,210,0.00,256
22547,211,0.00,256
22548,212,0.00,256
22549,213,0.00,256
22550,214,0.00,256
22551,215,0.00,256
22552,216,0.00,256
22553,217,0.00,256
22554,218,0.00,256
22555,219,0.00,256
22556,220,0.00,256
22557,221,0.00,256
22558,222,0.00,256
22559,223,0.00,256
22560,224,0.00,256
22561,225,0.00,256
22562,226,0.00,256
22563,227,0.00,256
22564,228,0.00,256
22565,229,0.00,256
22566,230,0.00,256
22567,231,0.00,256
22568,232,0.00,256
22569,233,0.00,256
22570,234,0.00,256
22571,235,0.00,256
22572,236,0.00,256
22573,237,0.00,256
22574,238,0.00,256
22575,239,0.00,256
22576,240,0.00,256
22577,241,0.00,256
22578,242,0.00,256
22579,243,0.00,256
22580,244,0.00,256
22581,245,0.00,256
22582,246,0.00,256
22583,247,0.00,256
22584,248,0.00,256
22585,249,0.00,256
22586,250,0.00,256
22587,251,0.00,256
22588,252,0.00,256
22589,253,0.00,256
22590,254,0.00,256
22591,255,0.00,256
22592,0,0.00,256
22593,1,0.00,256
22594,2,0.00,256
22595,3,0.00,256
22596,4,0.00,256
22597,5,0.00,256
22598,6,0.00,256
22599,7,0.00,256
22600,8,0.00,256
22601,9,0.00,256
22602,10,0.00,256
22603,11,0.00,256
22604,12,0.00,256
22605,13,0.00,256
22606,14,0.00,256
22607,15,0.00,256
22608,16,0.00,256
22609,17,0.00,256
22610,18,0.00,256
22611,19,0.00,256
22612,20,0.00,256
22613,21,0.00,256
22614,22,0.00,256
22615,23,0.00,256
22616,24,0.00,256
22617,25,0.00,256
22618,26,0.00,256
22619,27,0.00,256
22620,28,0.00,256
22621,29,0.00,256
22622,30,0.00,256
22623,31,0.00,256
22624,32,0.00,256
22625,33,0.00,256
22626,34,0.00,256
22627,35,0.00,256
22628,36,0.00,256
22629,37,0.00,256
22630,38,0.00,256
22631,39,0.00,256
22632,40,0.00,256
22633,41,0.00,256
22634,42,0.00,256
22635,43,0.00,256
22636,44,0.00,256
22637,45,0.00,256
22638,46,0.00,256
22639,47,41.67,256
22640,48,0.00,256
22641,49,0.00,256
22642,50,0.00,256
22643,51,0.00,256
22644,52,0.00,256
22645,53,0.00,256
22646,54,0.00,256
22647,55,0.00,256
22648,56,0.00,256
22649,57,0.00,256
22650,58,0.00,256
22651,59,0.00,256
22652,60,0.00,256
22653,61,0.00,256
22654,62,0.00,256
22655,63,0.00,256
22656,64,0.00,256
22657,65,0.00,256
22658,66,0.00,256
22659,67,0.00,256
22660,68,0.00,256
22661,69,0.00,256
22662,70,0.00,256
22663,71,0.00,256
22664,72,0.00,256
22665,73,0.00,256
22666,74,0.00,256
22667,75,0.00,256
22668,76,0.00,256
22669,77,0.00,256
22670,78,0.00,256
22671,79,0.00,256
22672,80,0.00,256
22673,81,0.00,256
22674,82,0.00,256
22675,83,0.00,256
22676,84,0.00,256
22677,85,0.00,256
22678,86,0.00,256
22679,87,0.00,256
22680,88,0.00,256
22681,89,0.00,256
22682,90,0.00,256
22683,91,0.00,256
22684,92,0.00,256
22685,93,0.00,256
22686,94,0.00,256
22687,95,0.00,256
22688,96,0.00,256
22689,97,0.00,256
22690,98,0.00,256
22691,99,0.00,256
22692,100,0.00,256
22693,101,0.00,256
22694,102,0.00,256
22695,103,0.00,256
22696,104,0.00,256
22697,105,0.00,256
22698,106,0.00,256
22699,107,0.00,256
22700,108,0.00,256
22701,109,0.00,256
22702,110,0.00,256
22703,111,0.00,256
22704,112,0.00,256
22705,113,0.00,256
22706,114,0.00,256
22707,115,0.00,256
22708,116,0.00,256
22709,117,0.00,256
22710,118,0.00,256
22711,119,0.00,256
22712,120,0.00,256
22713,121,0.00,256
22714,122,41.67,256
22715,123,0.00,256
22716,124,0.00,256
22717,125,0.00,256
22718,126,0.00,256
22719,127,0.00,256
22720,128,0.00,256
22721,129,0.00,256
22722,130,0.00,256
22723,131,0.00,256
22724,132,0.00,256
22725,133,0.00,256
22726,134,0.00,256
22727,135,0.00,256
22728,136,0.00,256
22729,137,0.00,256
22730,138,0.00,256
22731,139,0.00,256
22732,140,0.00,256
22733,141,0.00,256
22734,142,0.00,256
22735,143,0.00,256
22736,144,0.00,256
22737,145,0.00,256
22738,146,0.00,256
22739,147,0.00,256
22740,148,0.00,256
22741,149,0.00,256
22742,150,0.00,256
22743,151,0.00,256
22744,152,0.00,256
22745,153,0.00,256
22746,154,0.00,256
22747,155,0.00,256
22748,156,0.00,256
22749,157,0.00,256
22750,158,0.00,256
22751,159,0.00,256
22752,160,0.00,256
22753,161,0.00,256
22754,162,0.00,256
22755,163,0.00,256
22756,164,41.67,256
22757,165,0.00,256
22758,166,0.00,256
22759,167,0.00,256
22760,168,0.00,256
22761,169,0.00,256
22762,170,0.00,256
22763,171,0.00,256
22764,172,0.00,256
22765,173,0.00,256
22766,174,0.00,256
22767,175,0.00,256
22768,176,0.00,256
22769,177,0.00,256
22770,178,0.00,256
22771,179,0.00,256
22772,180,0.00,256
22773,181,0.00,256
22774,182,0.00,256
22775,183,0.00,256
22776,184,0.00,256
22777,185,0.00,256
22778,186,0.00,256
22779,187,0.00,256
22780,188,0.00,256
22781,189,0.00,256
22782,190,0.00,256
22783,191,0.00,256
22784,192,0.00,256
22785,193,0.00,256
22786,194,0.00,256
22787,195,0.00,256
22788,196,0.00,256
22789,197,0.00,256
22790,198,0.00,256
22791,199,0.00,256
22792,200,0.00,256
22793,201,0.00,256
22794,202,0.00,256
22795,203,0.00,256
22796,204,0.00,256
22797,205,0.00,256
22798,206,0.00,256
22799,207,0.00,256
22800,208,0.00,256
22801,209,0.00,256
22802,210,0.00,256
22803,211,0.00,256
22804,212,0.00,256
22805,213,0.00,256
22806,214,0.00,256
22807,215,0.00,256
22808,216,0.00,256
22809,217,0.00,256
22810,218,0.00,256
22811,219,0.00,256
22812,220,0.00,256
22813,221,0.00,256
22814,222,0.00,256
22815,223,0.00,256
22816,224,0.00,256
22817,225,0.00,256
22818,226,0.00,256
22819,227,0.00,256
22820,228,0.00,256
22821,229,0.00,256
22822,230,0.00,256
22823,231,0.00,256
22824,232,0.00,256
22825,233,0.00,256
22826,234,0.00,256
22827,235,0.00,256
22828,236,0.00,256
22829,237,0.00,256
22830,238,0.00,256
22831,239,0.00,256
22832,240,0.00,256
22833,241,0.00,256
22834,242,0.00,256
22835,243,0.00,256
22836,244,0.00,256
22837,245,0.00,256
22838,246,0.00,256
22839,247,0.00,256
22840,248,0.00,256
22841,249,0.00,256
22842,250,0.00,256
22843,251,0.00,256
22844,252,0.00,256
22845,253,0.00,256
22846,254,0.00,256
22847,255,0.00,256
22848,0,0.00,256
22849,1,0.00,256
22850,2,0.00,256
22851,3,0.00,256
22852,4,0.00,256
22853,5,0.00,256
22854,6,0.00,256
22855,7,0.00,256
22856,8,0.00,256
22857,9,0.00,256
22858,10,0.00,256
22859,11,0.00,256
22860,12,0.00,256
22861,13,0.00,256
22862,14,0.00,256
22863,15,0.00,256
22864,16,0.00,256
22865,17,0.00,256
22866,18,0.00,256
22867,19,0.00,256
22868,20,0.00,256
22869,21,0.00,256
22870,22,0.00,256
22871,23,0.00,256
22872,24,0.00,256
22873,25,0.00,256
22874,26,0.00,256
22875,27,0.00,256
22876,28,0.00,256
22877,29,0.00,256
22878,30,0.00,256
22879,31,0.00,256
22880,32,0.00,256
22881,33,0.00,256
22882,34,0.00,256
22883,35,0.00,256
22884,36,0.00,256
22885,37,0.00,256
22886,38,0.00,256
22887,39,0.00,256
22888,40,0.00,256
22889,41,0.00,256
22890,42,0.00,256
22891,43,0.00,256
22892,44,0.00,256
22893,45,0.00,256
22894,46,0.00,256
22895,47,0.00,256
22896,48,0.00,256
22897,49,0.00,256
22898,50,0.00,256
22899,51,0.00,256
22900,52,0.00,256
22901,53,0.00,256
22902,54,0.00,256
22903,55,0.00,256
22904,56,0.00,256
22905,57,0.00,256
22906,58,0.00,256
22907,59,0.00,256
22908,60,0.00,256
22909,61,0.00,256
22910,62,0.00,256
22911,63,0.00,256
22912,64,0.00,256
22913,65,0.00,256
22914,66,0.00,256
22915,67,0.00,256
22916,68,0.00,256
22917,69,0.00,256
22918,70,0.00,256
22919,71,0.00,256
22920,72,0.00,256
22921,73,0.00,256
22922,74,0.00,256
22923,75,0.00,256
22924,76,0.00,256
22925,77,0.00,256
22926,78,0.00,256
22927,79,0.00,256
22928,80,0.00,256
22929,81,0.00,256
22930,82,0.00,256
22931,83,0.00,256
22932,84,0.00,256
22933,85,0.00,256
22934,86,0.00,256
22935,87,0.00,256
22936,88,0.00,256
22937,89,0.00,256
22938,90,0.00,256
22939,91,0.00,256
22940,92,0.00,256
22941,93,0.00,256
22942,94,0.00,256
22943,95,0.00,256
22944,96,0.00,256
22945,97,0.00,256
22946,98,0.00,256
22947,99,0.00,256
22948,100,0.00,256
22949,101,0.00,256
22950,102,0.00,256
22951,103,0.00,256
22952,104,0.00,256
22953,105,0.00,256
22954,106,0.00,256
22955,107,0.00,256
22956,108,0.00,256
22957,109,0.00,256
22958,110,0.00,256
22959,111,0.00,256
22960,112,0.00,256
22961,113,0.00,256
22962,114,0.00,256
22963,115,0.00,256
22964,116,0.00,256
22965,117,0.00,256
22966,118,0.00,256
22967,119,0.00,256
22968,120,0.00,256
22969,121,0.00,256
22970,122,0.00,256
22971,123,0.00,256
22972,124,0.00,256
22973,125,0.00,256
22974,126,0.00,256
22975,127,0.00,256
22976,128,0.00,256
22977,129,0.00,256
22978,130,0.00,256
22979,131,0.00,256
22980,132,0.00,256
22981,133,0.00,256
22982,134,0.00,256
22983,135,0.00,256
22984,136,0.00,256
22985,137,0.00,256
22986,138,0.00,256
22987,139,0.00,256
22988,140,0.00,256
22989,141,0.00,256
22990,142,0.00,256
22991,143,0.00,256
22992,144,0.00,256
22993,145,0.00,256
22994,146,0.00,256
22995,147,0.00,256
22996,148,0.00,256
22997,149,0.00,256
22998,150,0.00,256
22999,151,0.00,256
23000,152,0.00,256
23001,153,0.00,256
23002,154,0.00,256
23003,155,0.00,256
23004,156,0.00,256
23005,157,0.00,256
23006,158,0.00,256
23007,159,0.00,256
23008,160,0.00,256
23009,161,0.00,256
23010,162,0.00,256
23011,163,0.00,256
23012,164,0.00,256
23013,165,0.00,256
23014,166,0.00,256
23015,167,0.00,256
23016,168,0.00,256
23017,169,0.00,256
23018,170,0.00,256
23019,171,0.00,256
23020,172,0.00,256
23021,173,0.00,256
23022,174,0.00,256
23023,175,0.00,256
23024,176,0.00,256
23025,177,0.00,256
23026,178,0.00,256
23027,179,0.00,256
23028,180,0.00,256
23029,181,0.00,256
23030,182,0.00,256
23031,183,0.00,256
23032,184,0.00,256
23033,185,0.00,256
23034,186,0.00,256
23035,187,0.00,256
23036,188,0.00,256
23037,189,0.00,256
23038,190,0.00,256
23039,191,0.00,256
23040,192,0.00,256
23041,193,0.00,256
23042,194,0.00,256
23043,195,0.00,256
23044,196,0.00,256
23045,197,0.00,256
23046,198,0.00,256
23047,199,0.00,256
23048,200,0.00,256
23049,201,0.00,256
23050,202,0.00,256
23051,203,0.00,256
23052,204,0.00,256
23053,205,0.00,256
23054,206,0.00,256
23055,207,0.00,256
23056,208,0.00,256
23057,209,0.00,256
23058,210,0.00,256
23059,211,0.00,256
23060,212,0.00,256
23061,213,0.00,256
23062,214,0.00,256
23063,215,0.00,256
23064,216,0.00,256
23065,217,0.00,256
23066,218,0.00,256
23067,219,0.00,256
23068,220,0.00,256
23069,221,0.00,256
23070,222,0.00,256
23071,223,0.00,256
23072,224,0.00,256
23073,225,0.00,256
23074,226,0.00,256
23075,227,0.00,256
23076,228,0.00,256
23077,229,0.00,256
23078,230,0.00,256
23079,231,0.00,256
23080,232,0.00,256
23081,233,0.00,256
23082,234,0.00,256
23083,235,0.00,256
23084,236,0.00,256
23085,237,0.00,256
23086,238,0.00,256
23087,239,0.00,256
23088,240,0.00,256
23089,241,0.00,256
23090,242,0.00,256
23091,243,0.00,256
23092,244,0.00,256
23093,245,0.00,256
23094,246,0.00,256
23095,247,0.00,256
23096,248,0.00,256
23097,249,0.00,256
23098,250,0.00,256
23099,251,0.00,256
23100,252,0.00,256
23101,253,0.00,256
23102,254,0.00,256
23103,255,0.00,256
23104,0,0.00,256
23105,1,0.00,256
23106,2,0.00,256
23107,3,0.00,256
23108,4,0.00,256
23109,5,0.00,256
23110,6,0.00,256
23111,7,0.00,256
23112,8,0.00,256
23113,9,0.00,256
23114,10,0.00,256
23115,11,0.00,256
23116,12,0.00,256
23117,13,0.00,256
23118,14,0.00,256
23119,15,0.00,256
23120,16,0.00,256
23121,17,0.00,256
23122,18,0.00,256
23123,19,0.00,256
23124,20,0.00,256
23125,21,0.00,256
23126,22,0.00,256
23127,23,0.00,256
23128,24,0.00,256
23129,25,0.00,256
23130,26,0.00,256
23131,27,0.00,256
23132,28,0.00,256
23133,29,0.00,256
23134,30,0.00,256
23135,31,0.00,256
23136,32,0.00,256
23137,33,0.00,256
23138,34,0.00,256
23139,35,0.00,256
23140,36,0.00,256
23141,37,0.00,256
23142,38,0.00,256
23143,39,0.00,256
23144,40,0.00,256
23145,41,0.00,256
23146,42,0.00,256
23147,43,0.00,256
23148,44,0.00,256
23149,45,0.00,256
23150,46,0.00,256
23151,47,0.00,256
23152,48,0.00,256
23153,49,0.00,256
23154,50,0.00,256
23155,51,0.00,256
23156,52,0.00,256
23157,53,0.00,256
23158,54,0.00,256
23159,55,0.00,256
23160,56,0.00,256
23161,57,0.00,256
23162,58,0.00,256
23163,59,0.00,256
23164,60,0.00,256
23165,61,0.00,256
23166,62,0.00,256
23167,63,0.00,256
23168,64,0.00,256
23169,65,0.00,256
23170,66,0.00,256
23171,67,0.00,256
23172,68,0.00,256
23173,69,0.00,256
23174,70,0.00,256
23175,71,0.00,256
23176,72,0.00,256
23177,73,0.00,256
23178,74,0.00,256
23179,75,0.00,256
23180,76,0.00,256
23181,77,0.00,256
23182,78,0.00,256
23183,79,0.00,256
23184,80,0.00,256
23185,81,0.00,256
23186,82,0.00,256
23187,83,0.00,256
23188,84,0.00,256
23189,85,0.00,256
23190,86,0.00,256
23191,87,0.00,256
23192,88,0.00,256
23193,89,41.67,256
23194,90,0.00,256
23195,91,0.00,256
23196,92,0.00,256
23197,93,0.00,256
23198,94,0.00,256
23199,95,0.00,256
23200,96,0.00,256
23201,97,0.00,256
23202,98,0.00,256
23203,99,0.00,256
23204,100,0.00,256
23205,101,0.00,256
23206,102,0.00,256
23207,103,0.00,256
23208,104,0.00,256
23209,105,0.00,256
23210,106,0.00,256
23211,107,0.00,256
23212,108,41.67,256
23213,109,0.00,256
23214,110,0.00,256
23215,111,0.00,256
23216,112,0.00,256
23217,113,0.00,256
23218,114,0.00,256
23219,115,0.00,256
23220,116,0.00,256
23221,117,0.00,256
23222,118,0.00,256
23223,119,0.00,256
23224,120,0.00,256
23225,121,0.00,256
23226,122,0.00,256
23227,123,0.00,256
23228,124,0.00,256
23229,125,0.00,256
23230,126,0.00,256
23231,127,0.00,256
23232,128,0.00,256
23233,129,0.00,256
23234,130,0.00,256
23235,131,0.00,256
23236,132,0.00,256
23237,133,0.00,256
23238,134,0.00,256
23239,135,0.00,256
23240,136,0.00,256
23241,137,0.00,256
23242,138,0.00,256
23243,139,0.00,256
23244,140,0.00,256
23245,141,0.00,256
23246,142,0.00,256
23247,143,0.00,256
23248,144,0.00,256
23249,145,0.00,256
23250,146,0.00,256
23251,147,0.00,256
23252,148,0.00,256
23253,149,0.00,256
23254,150,0.00,256
23255,151,0.00,256
23256,152,0.00,256
23257,153,0.00,256
23258,154,0.00,256
23259,155,0.00,256
23260,156,0.00,256
23261,157,0.00,256
23262,158,0.00,256
23263,159,0.00,256
23264,160,0.00,256
23265,161,0.00,256
23266,162,0.00,256
23267,163,0.00,256
23268,164,0.00,256
23269,165,0.00,256
23270,166,0.00,256
23271,167,0.00,256
23272,168,0.00,256
23273,169,0.00,256
23274,170,0.00,256
23275,171,0.00,256
23276,172,0.00,256
23277,173,0.00,256
23278,174,0.00,256
23279,175,0.00,256
23280,176,0.00,256
23281,177,0.00,256
23282,178,0.00,256
23283,179,0.00,256
23284,180,0.00,256
23285,181,0.00,256
23286,182,0.00,256
23287,183,0.00,256
23288,184,0.00,256
23289,185,0.00,256
23290,186,0.00,256
23291,187,0.00,256
23292,188,0.00,256
23293,189,0.00,256
23294,190,0.00,256
23295,191,0.00,256
23296,192,0.00,256
23297,193,0.00,256
23298,194,0.00,256
23299,195,0.00,256
23300,196,0.00,256
23301,197,0.00,256
23302,198,0.00,256
23303,199,0.00,256
23304,200,0.00,256
23305,201,0.00,256
23306,202,0.00,256
23307,203,0.00,256
23308,204,0.00,256
23309,205,0.00,256
23310,206,0.00,256
23311,207,0.00,256
23312,208,0.00,256
23313,209,0.00,256
23314,210,0.00,256
23315,211,0.00,256
23316,212,0.00,256
23317,213,0.00,256
23318,214,0.00,256
23319,215,0.00,256
23320,216,0.00,256
23321,217,0.00,256
23322,218,0.00,256
23323,219,0.00,256
23324,220,0.00,256
23325,221,0.00,256
23326,222,0.00,256
23327,223,0.00,256
23328,224,0.00,256
23329,225,0.00,256
23330,226,0.00,256
23331,227,0.00,256
23332,228,0.00,256
23333,229,0.00,256
23334,230,0.00,256
23335,231,0.00,256
23336,232,0.00,256
23337,233,0.00,256
23338,234,0.00,256
23339,235,0.00,256
23340,236,0.00,256
23341,237,0.00,256
23342,238,0.00,256
23343,239,0.00,256
23344,240,0.00,256
23345,241,0.00,256
23346,242,0.00,256
23347,243,0.00,256
23348,244,0.00,256
23349,245,0.00,256
23350,246,0.00,256
23351,247,0.00,256
23352,248,0.00,256
23353,249,0.00,256
23354,250,0.00,256
23355,251,0.00,256
23356,252,0.00,256
23357,253,0.00,256
23358,254,0.00,256
23359,255,0.00,256
23360,0,0.00,256
23361,1,0.00,256
23362,2,0.00,256
23363,3,0.00,256
23364,4,0.00,256
23365,5,0.00,256
23366,6,0.00,256
23367,7,0.00,256
23368,8,0.00,256
23369,9,0.00,256
23370,10,0.00,256
23371,11,0.00,256
23372,12,0.00,256
23373,13,0.00,256
23374,14,0.00,256
23375,15,0.00,256
23376,16,0.00,256
23377,17,0.00,256
23378,18,0.00,256
23379,19,0.00,256
23380,20,0.00,256
23381,21,0.00,256
23382,22,0.00,256
23383,23,0.00,256
23384,24,0.00,256
23385,25,0.00,256
23386,26,0.00,256
23387,27,0.00,256
23388,28,0.00,256
23389,29,0.00,256
23390,30,0.00,256
23391,31,0.00,256
23392,32,0.00,256
23393,33,0.00,256
23394,34,0.00,256
23395,35,0.00,256
23396,36,0.00,256
23397,37,0.00,256
23398,38,0.00,256
23399,39,0.00,256
23400,40,0.00,256
23401,41,0.00,256
23402,42,0.00,256
23403,43,0.00,256
23404,44,0.00,256
23405,45,0.00,256
23406,46,0.00,256
23407,47,0.00,256
23408,48,0.00,256
23409,49,0.00,256
23410,50,0.00,256
23411,51,0.00,256
23412,52,0.00,256
23413,53,0.00,256
23414,54,0.00,256
23415,55,0.00,256
23416,56,0.00,256
23417,57,0.00,256
23418,58,0.00,256
23419,59,0.00,256
23420,60,0.00,256
23421,61,0.00,256
23422,62,0.00,256
23423,63,0.00,256
23424,64,0.00,256
23425,65,0.00,256
23426,66,0.00,256
23427,67,0.00,256
23428,68,0.00,256
23429,69,0.00,256
23430,70,0.00,256
23431,71,0.00,256
23432,72,0.00,256
23433,73,0.00,256
23434,74,0.00,256
23435,75,0.00,256
23436,76,0.00,256
23437,77,0.00,256
23438,78,0.00,256
23439,79,0.00,256
23440,80,0.00,256
23441,81,0.00,256
23442,82,0.00,256
23443,83,0.00,256
23444,84,0.00,256
23445,85,0.00,256
23446,86,0.00,256
23447,87,0.00,256
23448,88,0.00,256
23449,89,0.00,256
23450,90,0.00,256
23451,91,0.00,256
23452,92,0.00,256
23453,93,0.00,256
23454,94,0.00,256
23455,95,0.00,256
23456,96,0.00,256
23457,97,0.00,256
23458,98,0.00,256
23459,99,0.00,256
23460,100,0.00,256
23461,101,0.00,256
23462,102,0.00,256
23463,103,0.00,256
23464,104,0.00,256
23465,105,0.00,256
23466,106,0.00,256
23467,107,0.00,256
23468,108,0.00,256
23469,109,0.00,256
23470,110,0.00,256
23471,111,0.00,256
23472,112,0.00,256
23473,113,0.00,256
23474,114,0.00,256
23475,115,0.00,256
23476,116,0.00,256
23477,117,0.00,256
23478,118,0.00,256
23479,119,0.00,256
23480,120,0.00,256
23481,121,0.00,256
23482,122,0.00,256
23483,123,0.00,256
23484,124,0.00,256
23485,125,0.00,256
23486,126,0.00,256
23487,127,0.00,256
23488,128,0.00,256
23489,129,0.00,256
23490,130,0.00,256
23491,131,0.00,256
23492,132,0.00,256
23493,133,0.00,256
23494,134,41.67,256
23495,135,0.00,256
23496,136,0.00,256
23497,137,0.00,256
23498,138,0.00,256
23499,139,0.00,256
23500,140,0.00,256
23501,141,0.00,256
23502,142,0.00,256
23503,143,0.00,256
23504,144,0.00,256
23505,145,0.00,256
23506,146,0.00,256
23507,147,0.00,256
23508,148,0.00,256
23509,149,0.00,256
23510,150,0.00,256
23511,151,0.00,256
23512,152,0.00,256
23513,153,0.00,256
23514,154,0.00,256
23515,155,0.00,256
23516,156,0.00,256
23517,157,0.00,256
23518,158,0.00,256
23519,159,0.00,256
23520,160,0.00,256
23521,161,0.00,256
23522,162,0.00,256
23523,163,0.00,256
23524,164,0.00,256
23525,165,0.00,256
23526,166,0.00,256
23527,167,0.00,256
23528,168,0.00,256
23529,169,0.00,256
23530,170,0.00,256
23531,171,0.00,256
23532,172,0.00,256
23533,173,0.00,256
23534,174,0.00,256
23535,175,0.00,256
23536,176,0.00,256
23537,177,0.00,256
23538,178,0.00,256
23539,179,0.00,256
23540,180,0.00,256
23541,181,0.00,256
23542,182,0.00,256
23543,183,0.00,256
23544,184,0.00,256
23545,185,0.00,256
23546,186,0.00,256
23547,187,0.00,256
23548,188,0.00,256
23549,189,0.00,256
23550,190,0.00,256
23551,191,0.00,256
23552,192,0.00,256
23553,193,0.00,256
23554,194,0.00,256
23555,195,0.00,256
23556,196,0.00,256
23557,197,0.00,256
23558,198,0.00,256
23559,199,0.00,256
23560,200,0.00,256
23561,201,0.00,256
23562,202,0.00,256
23563,203,0.00,256
23564,204,0.00,256
23565,205,0.00,256
23566,206,0.00,256
23567,207,0.00,256
23568,208,0.00,256
23569,209,0.00,256
23570,210,0.00,256
23571,211,0.00,256
23572,212,0.00,256
23573,213,0.00,256
23574,214,0.00,256
23575,215,0.00,256
23576,216,0.00,256
23577,217,0.00,256
23578,218,0.00,256
23579,219,0.00,256
23580,220,0.00,256
23581,221,0.00,256
23582,222,0.00,256
23583,223,0.00,256
23584,224,0.00,256
23585,225,0.00,256
23586,226,0.00,256
23587,227,0.00,256
23588,228,0.00,256
23589,229,0.00,256
23590,230,0.00,256
23591,231,0.00,256
23592,232,0.00,256
23593,233,0.00,256
23594,234,0.00,256
23595,235,0.00,256
23596,236,0.00,256
23597,237,0.00,256
23598,238,0.00,256
23599,239,0.00,256
23600,240,0.00,256
23601,241,0.00,256
23602,242,0.00,256
23603,243,0.00,256
23604,244,0.00,256
23605,245,0.00,256
23606,246,0.00,256
23607,247,0.00,256
23608,248,0.00,256
23609,249,0.00,256
23610,250,0.00,256
23611,251,0.00,256
23612,252,0.00,256
23613,253,0.00,256
23614,254,0.00,256
23615,255,0.00,256
23616,0,0.00,256
23617,1,0.00,256
23618,2,0.00,256
23619,3,0.00,256
23620,4,0.00,256
23621,5,0.00,256
23622,6,0.00,256
23623,7,0.00,256
23624,8,0.00,256
23625,9,0.00,256
23626,10,0.00,256
23627,11,0.00,256
23628,12,0.00,256
23629,13,0.00,256
23630,14,0.00,256
23631,15,0.00,256
23632,16,0.00,256
23633,17,0.00,256
23634,18,0.00,256
23635,19,0.00,256
23636,20,0.00,256
23637,21,0.00,256
23638,22,0.00,256
23639,23,0.00,256
23640,24,0.00,256
23641,25,0.00,256
23642,26,0.00,256
23643,27,0.00,256
23644,28,0.00,256
23645,29,0.00,256
23646,30,0.00,256
23647,31,0.00,256
23648,32,0.00,256
23649,33,0.00,256
23650,34,0.00,256
23651,35,0.00,256
23652,36,0.00,256
23653,37,0.00,256
23654,38,0.00,256
23655,39,0.00,256
23656,40,0.00,256
23657,41,0.00,256
23658,42,0.00,256
23659,43,0.00,256
23660,44,0.00,256
23661,45,0.00,256
23662,46,0.00,256
23663,47,0.00,256
23664,48,0.00,256
23665,49,0.00,256
23666,50,0.00,256
23667,51,0.00,256
23668,52,0.00,256
23669,53,0.00,256
23670,54,0.00,256
23671,55,0.00,256
23672,56,0.00,256
23673,57,0.00,256
23674,58,0.00,256
23675,59,0.00,256
23676,60,0.00,256
23677,61,0.00,256
23678,62,0.00,256
23679,63,0.00,256
23680,64,0.00,256
23681,65,0.00,256
23682,66,0.00,256
23683,67,0.00,256
23684,68,0.00,256
23685,69,0.00,256
23686,70,0.00,256
23687,71,0.00,256
23688,72,0.00,256
23689,73,0.00,256
23690,74,0.00,256
23691,75,0.00,256
23692,76,0.00,256
23693,77,0.00,256
23694,78,0.00,256
23695,79,0.00,256
23696,80,0.00,256
23697,81,0.00,256
23698,82,0.00,256
23699,83,0.00,256
23700,84,0.00,256
23701,85,0.00,256
23702,86,0.00,256
23703,87,0.00,256
23704,88,0.00,256
23705,89,0.00,256
23706,90,0.00,256
23707,91,0.00,256
23708,92,0.00,256
23709,93,0.00,256
23710,94,0.00,256
23711,95,0.00,256
23712,96,0.00,256
23713,97,0.00,256
23714,98,0.00,256
23715,99,0.00,256
23716,100,0.00,256
23717,101,0.00,256
23718,102,0.00,256
23719,103,0.00,256
23720,104,0.00,256
23721,105,0.00,256
23722,106,0.00,256
23723,107,0.00,256
23724,108,0.00,256
23725,109,0.00,256
23726,110,0.00,256
23727,111,0.00,256
23728,112,0.00,256
23729,113,0.00,256
23730,114,0.00,256
23731,115,0.00,256
23732,116,0.00,256
23733,117,0.00,256
23734,118,0.00,256
23735,119,0.00,256
23736,120,0.00,256
23737,121,0.00,256
23738,122,0.00,256
23739,123,0.00,256
23740,124,0.00,256
23741,125,0.00,256
23742,126,0.00,256
23743,127,0.00,256
23744,128,0.00,256
23745,129,0.00,256
23746,130,0.00,256
23747,131,41.67,256
23748,132,0.00,256
23749,133,0.00,256
23750,134,0.00,256
23751,135,0.00,256
23752,136,0.00,256
23753,137,0.00,256
23754,138,0.00,256
23755,139,0.00,256
23756,140,0.00,256
23757,141,0.00,256
23758,142,0.00,256
23759,143,0.00,256
23760,144,0.00,256
23761,145,0.00,256
23762,146,0.00,256
23763,147,0.00,256
23764,148,0.00,256
23765,149,0.00,256
23766,150,0.00,256
23767,151,0.00,256
23768,152,0.00,256
23769,153,0.00,256
23770,154,0.00,256
23771,155,0.00,256
23772,156,0.00,256
23773,157,0.00,256
23774,158,0.00,256
23775,159,0.00,256
23776,160,0.00,256
23777,161,0.00,256
23778,162,0.00,256
23779,163,0.00,256
23780,164,0.00,256
23781,165,0.00,256
23782,166,0.00,256
23783,167,0.00,256
23784,168,0.00,256
23785,169,0.00,256
23786,170,0.00,256
23787,171,0.00,256
23788,172,0.00,256
23789,173,0.00,256
23790,174,0.00,256
23791,175,0.00,256
23792,176,0.00,256
23793,177,0.00,256
23794,178,0.00,256
23795,179,0.00,256
23796,180,0.00,256
23797,181,0.00,256
23798,182,0.00,256
23799,183,0.00,256
23800,184,0.00,256
23801,185,0.00,256
23802,186,0.00,256
23803,187,0.00,256
23804,188,0.00,256
23805,189,0.00,256
23806,190,0.00,256
23807,191,0.00,256
23808,192,0.00,256
23809,193,0.00,256
23810,194,0.00,256
23811,195,0.00,256
23812,196,0.00,256
23813,197,0.00,256
23814,198,0.00,256
23815,199,0.00,256
23816,200,0.00,256
23817,201,0.00,256
23818,202,0.00,256
23819,203,0.00,256
23820,204,41.67,256
23821,205,0.00,256
23822,206,0.00,256
23823,207,0.00,256
23824,208,0.00,256
23825,209,0.00,256
23826,210,0.00,256
23827,211,0.00,256
23828,212,41.67,256
23829,213,0.00,256
23830,214,0.00,256
23831,215,0.00,256
23832,216,0.00,256
23833,217,0.00,256
23834,218,0.00,256
23835,219,0.00,256
23836,220,0.00,256
23837,221,0.00,256
23838,222,0.00,256
23839,223,0.00,256
23840,224,0.00,256
23841,225,0.00,256
23842,226,0.00,256
23843,227,0.00,256
23844,228,0.00,256
23845,229,0.00,256
23846,230,0.00,256
23847,231,0.00,256
23848,232,0.00,256
23849,233,0.00,256
23850,234,0.00,256
23851,235,0.00,256
23852,236,0.00,256
23853,237,0.00,256
23854,238,0.00,256
23855,239,0.00,256
23856,240,0.00,256
23857,241,0.00,256
23858,242,0.00,256
23859,243,0.00,256
23860,244,0.00,256
23861,245,0.00,256
23862,246,0.00,256
23863,247,0.00,256
23864,248,0.00,256
23865,249,0.00,256
23866,250,0.00,256
23867,251,0.00,256
23868,252,0.00,256
23869,253,0.00,256
23870,254,0.00,256
23871,255,0.00,256
23872,0,0.00,256
23873,1,0.00,256
23874,2,0.00,256
23875,3,0.00,256
23876,4,0.00,256
23877,5,0.00,256
23878,6,0.00,256
23879,7,0.00,256
23880,8,0.00,256
23881,9,0.00,256
23882,10,0.00,256
23883,11,0.00,256
23884,12,0.00,256
23885,13,0.00,256
23886,14,0.00,256
23887,15,0.00,256
23888,16,41.67,256
23889,17,0.00,256
23890,18,0.00,256
23891,19,0.00,256
23892,20,0.00,256
23893,21,0.00,256
23894,22,0.00,256
23895,23,0.00,256
23896,24,0.00,256
23897,25,0.00,256
23898,26,0.00,256
23899,27,0.00,256
23900,28,0.00,256
23901,29,0.00,256
23902,30,0.00,256
23903,31,0.00,256
23904,32,0.00,256
23905,33,0.00,256
23906,34,0.00,256
23907,35,0.00,256
23908,36,0.00,256
23909,37,0.00,256
23910,38,0.00,256
23911,39,0.00,256
23912,40,0.00,256
23913,41,0.00,256
23914,42,0.00,256
23915,43,0.00,256
23916,44,0.00,256
23917,45,0.00,256
23918,46,0.00,256
23919,47,0.00,256
23920,48,0.00,256
23921,49,0.00,256
23922,50,0.00,256
23923,51,0.00,256
23924,52,0.00,256
23925,53,0.00,256
23926,54,0.00,256
23927,55,0.00,256
23928,56,0.00,256
23929,57,0.00,256
23930,58,0.00,256
23931,59,0.00,256
23932,60,0.00,256
23933,61,0.00,256
23934,62,0.00,256
23935,63,0.00,256
23936,64,0.00,256
23937,65,0.00,256
23938,66,0.00,256
23939,67,0.00,256
23940,68,0.00,256
23941,69,0.00,256
23942,70,0.00,256
23943,71,0.00,256
23944,72,0.00,256
23945,73,0.00,256
23946,74,0.00,256
23947,75,0.00,256
23948,76,0.00,256
23949,77,0.00,256
23950,78,0.00,256
23951,79,0.00,256
23952,80,0.00,256
23953,81,0.00,256
23954,82,0.00,256
23955,83,0.00,256
23956,84,0.00,256
23957,85,0.00,256
23958,86,0.00,256
23959,87,0.00,256
23960,88,0.00,256
23961,89,0.00,256
23962,90,0.00,256
23963,91,0.00,256
23964,92,0.00,256
23965,93,0.00,256
23966,94,0.00,256
23967,95,0.00,256
23968,96,0.00,256
23969,97,0.00,256
23970,98,0.00,256
23971,99,0.00,256
23972,100,0.00,256
23973,101,0.00,256
23974,102,0.00,256
23975,103,0.00,256
23976,104,0.00,256
23977,105,0.00,256
23978,106,0.00,256
23979,107,0.00,256
23980,108,0.00,256
23981,109,0.00,256
23982,110,0.00,256
23983,111,0.00,256
23984,112,0.00,256
23985,113,0.00,256
23986,114,0.00,256
23987,115,0.00,256
23988,116,0.00,256
23989,117,0.00,256
23990,118,0.00,256
23991,119,0.00,256
23992,120,0.00,256
23993,121,0.00,256
23994,122,41.67,256
23995,123,0.00,256
23996,124,0.00,256
23997,125,0.00,256
23998,126,0.00,256
23999,127,0.00,256
24000,128,0.00,256
24001,129,0.00,256
24002,130,0.00,256
24003,131,0.00,256
24004,132,0.00,256
24005,133,0.00,256
24006,134,0.00,256
24007,135,0.00,256
24008,136,0.00,256
24009,137,0.00,256
24010,138,0.00,256
24011,139,0.00,256
24012,140,0.00,256
24013,141,0.00,256
24014,142,0.00,256
24015,143,0.00,256
24016,144,0.00,256
24017,145,0.00,256
24018,146,0.00,256
24019,147,0.00,256
24020,148,0.00,256
24021,149,0.00,256
24022,150,0.00,256
24023,151,0.00,256
24024,152,0.00,256
24025,153,0.00,256
24026,154,0.00,256
24027,155,0.00,256
24028,156,0.00,256
24029,157,0.00,256
24030,158,0.00,256
24031,159,0.00,256
24032,160,0.00,256
24033,161,0.00,256
24034,162,0.00,256
24035,163,0.00,256
24036,164,0.00,256
24037,165,0.00,256
24038,166,0.00,256
24039,167,0.00,256
24040,168,0.00,256
24041,169,0.00,256
24042,170,0.00,256
24043,171,0.00,256
24044,172,0.00,256
24045,173,0.00,256
24046,174,0.00,256
24047,175,0.00,256
24048,176,0.00,256
24049,177,0.00,256
24050,178,0.00,256
24051,179,0.00,256
24052,180,0.00,256
24053,181,0.00,256
24054,182,0.00,256
24055,183,0.00,256
24056,184,0.00,256
24057,185,0.00,256
24058,186,0.00,256
24059,187,0.00,256
24060,188,0.00,256
24061,189,0.00,256
24062,190,0.00,256
24063,191,0.00,256
24064,192,0.00,256
24065,193,0.00,256
24066,194,0.00,256
24067,195,0.00,256
24068,196,0.00,256
24069,197,0.00,256
24070,198,0.00,256
24071,199,0.00,256
24072,200,0.00,256
24073,201,0.00,256
24074,202,0.00,256
24075,203,0.00,256
24076,204,0.00,256
24077,205,0.00,256
24078,206,41.67,256
24079,207,41.67,256
24080,208,0.00,256
24081,209,0.00,256
24082,210,0.00,256
24083,211,0.00,256
24084,212,0.00,256
24085,213,0.00,256
24086,214,0.00,256
24087,215,0.00,256
24088,216,0.00,256
24089,217,0.00,256
24090,218,0.00,256
24091,219,0.00,256
24092,220,0.00,256
24093,221,41.67,256
24094,222,0.00,256
24095,223,0.00,256
24096,224,0.00,256
24097,225,0.00,256
24098,226,0.00,256
24099,227,0.00,256
24100,228,0.00,256
24101,229,0.00,256
24102,230,0.00,256
24103,231,0.00,256
24104,232,0.00,256
24105,233,0.00,256
24106,234,0.00,256
24107,235,0.00,256
24108,236,0.00,256
24109,237,0.00,256
24110,238,0.00,256
24111,239,0.00,256
24112,240,0.00,256
24113,241,0.00,256
24114,242,0.00,256
24115,243,0.00,256
24116,244,0.00,256
24117,245,0.00,256
24118,246,0.00,256
24119,247,0.00,256
24120,248,0.00,256
24121,249,0.00,256
24122,250,0.00,256
24123,251,0.00,256
24124,252,0.00,256
24125,253,0.00,256
24126,254,0.00,256
24127,255,0.00,256
24128,0,0.00,256
24129,1,0.00,256
24130,2,0.00,256
24131,3,0.00,256
24132,4,0.00,256
24133,5,0.00,256
24134,6,0.00,256
24135,7,0.00,256
24136,8,0.00,256
24137,9,0.00,256
24138,10,0.00,256
24139,11,0.00,256
24140,12,0.00,256
24141,13,0.00,256
24142,14,0.00,256
24143,15,0.00,256
24144,16,0.00,256
24145,17,0.00,256
24146,18,0.00,256
24147,19,0.00,256
24148,20,0.00,256
24149,21,0.00,256
24150,22,0.00,256
24151,23,0.00,256
24152,24,0.00,256
24153,25,0.00,256
24154,26,0.00,256
24155,27,0.00,256
24156,28,0.00,256
24157,29,0.00,256
24158,30,0.00,256
24159,31,0.00,256
24160,32,0.00,256
24161,33,0.00,256
24162,34,0.00,256
24163,35,0.00,256
24164,36,0.00,256
24165,37,0.00,256
24166,38,0.00,256
24167,39,0.00,256
24168,40,0.00,256
24169,41,0.00,256
24170,42,0.00,256
24171,43,0.00,256
24172,44,0.00,256
24173,45,0.00,256
24174,46,0.00,256
24175,47,0.00,256
24176,48,0.00,256
24177,49,0.00,256
24178,50,0.00,256
24179,51,0.00,256
24180,52,0.00,256
24181,53,0.00,256
24182,54,0.00,256
24183,55,0.00,256
24184,56,0.00,256
24185,57,0.00,256
24186,58,0.00,256
24187,59,0.00,256
24188,60,0.00,256
24189,61,0.00,256
24190,62,0.00,256
24191,63,0.00,256
24192,64,0.00,256
24193,65,0.00,256
24194,66,0.00,256
24195,67,0.00,256
24196,68,0.00,256
24197,69,0.00,256
24198,70,0.00,256
24199,71,0.00,256
24200,72,0.00,256
24201,73,0.00,256
24202,74,0.00,256
24203,75,0.00,256
24204,76,0.00,256
24205,77,0.00,256
24206,78,0.00,256
24207,79,0.00,256
24208,80,0.00,256
24209,81,0.00,256
24210,82,0.00,256
24211,83,0.00,256
24212,84,0.00,256
24213,85,0.00,256
24214,86,0.00,256
24215,87,0.00,256
24216,88,0.00,256
24217,89,0.00,256
24218,90,0.00,256
24219,91,0.00,256
24220,92,0.00,256
24221,93,0.00,256
24222,94,0.00,256
24223,95,0.00,256
24224,96,0.00,256
24225,97,0.00,256
24226,98,0.00,256
24227,99,0.00,256
24228,100,0.00,256
24229,101,0.00,256
24230,102,0.00,256
24231,103,0.00,256
24232,104,0.00,256
24233,105,0.00,256
24234,106,0.00,256
24235,107,0.00,256
24236,108,0.00,256
24237,109,0.00,256
24238,110,0.00,256
24239,111,0.00,256
24240,112,0.00,256
24241,113,0.00,256
24242,114,0.00,256
24243,115,0.00,256
24244,116,0.00,256
24245,117,0.00,256
24246,118,0.00,256
24247,119,0.00,256
24248,120,0.00,256
24249,121,0.00,256
24250,122,0.00,256
24251,123,0.00,256
24252,124,0.00,256
24253,125,0.00,256
24254,126,0.00,256
24255,127,0.00,256
24256,128,0.00,256
24257,129,0.00,256
24258,130,0.00,256
24259,131,0.00,256
24260,132,0.00,256
24261,133,0.00,256
24262,134,0.00,256
24263,135,0.00,256
24264,136,0.00,256
24265,137,0.00,256
24266,138,0.00,256
24267,139,0.00,256
24268,140,0.00,256
24269,141,0.00,256
24270,142,0.00,256
24271,143,0.00,256
24272,144,0.00,256
24273,145,0.00,256
24274,146,0.00,256
24275,147,0.00,256
24276,148,0.00,256
24277,149,0.00,256
24278,150,0.00,256
24279,151,0.00,256
24280,152,0.00,256
24281,153,0.00,256
24282,154,0.00,256
24283,155,0.00,256
24284,156,0.00,256
24285,157,0.00,256
24286,158,0.00,256
24287,159,0.00,256
24288,160,0.00,256
24289,161,0.00,256
24290,162,0.00,256
24291,163,0.00,256
24292,164,0.00,256
24293,165,0.00,256
24294,166,0.00,256
24295,167,0.00,256
24296,168,0.00,256
24297,169,0.00,256
24298,170,0.00,256
24299,171,0.00,256
24300,172,0.00,256
24301,173,0.00,256
24302,174,0.00,256
24303,175,0.00,256
24304,176,0.00,256
24305,177,0.00,256
24306,178,0.00,256
24307,179,0.00,256
24308,180,0.00,256
24309,181,0.00,256
24310,182,0.00,256
24311,183,0.00,256
24312,184,0.00,256
24313,185,0.00,256
24314,186,0.00,256
24315,187,0.00,256
24316,188,0.00,256
24317,189,0.00,256
24318,190,0.00,256
24319,191,0.00,256
24320,192,0.00,256
24321,193,0.00,256
24322,194,0.00,256
24323,195,0.00,256
24324,196,0.00,256
24325,197,0.00,256
24326,198,0.00,256
24327,199,0.00,256
24328,200,0.00,256
24329,201,0.00,256
24330,202,0.00,256
24331,203,0.00,256
24332,204,0.00,256
24333,205,0.00,256
24334,206,0.00,256
24335,207,0.00,256
24336,208,0.00,256
24337,209,0.00,256
24338,210,0.00,256
24339,211,0.00,256
24340,212,0.00,256
24341,213,0.00,256
24342,214,0.00,256
24343,215,0.00,256
24344,216,0.00,256
24345,217,0.00,256
24346,218,0.00,256
24347,219,0.00,256
24348,220,0.00,256
24349,221,0.00,256
24350,222,0.00,256
24351,223,0.00,256
24352,224,0.00,256
24353,225,0.00,256
24354,226,0.00,256
24355,227,0.00,256
24356,228,0.00,256
24357,229,0.00,256
24358,230,0.00,256
24359,231,0.00,256
24360,232,0.00,256
24361,233,0.00,256
24362,234,0.00,256
24363,235,0.00,256
24364,236,0.00,256
24365,237,0.00,256
24366,238,0.00,256
24367,239,0.00,256
24368,240,0.00,256
24369,241,0.00,256
24370,242,0.00,256
24371,243,0.00,256
24372,244,0.00,256
24373,245,0.00,256
24374,246,0.00,256
24375,247,0.00,256
24376,248,0.00,256
24377,249,0.00,256
24378,250,0.00,256
24379,251,0.00,256
24380,252,0.00,256
24381,253,0.00,256
24382,254,0.00,256
24383,255,0.00,256
24384,0,0.00,256
24385,1,0.00,256
24386,2,0.00,256
24387,3,0.00,256
24388,4,0.00,256
24389,5,0.00,256
24390,6,0.00,256
24391,7,0.00,256
24392,8,0.00,256
24393,9,0.00,256
24394,10,0.00,256
24395,11,0.00,256
24396,12,0.00,256
24397,13,0.00,256
24398,14,0.00,256
24399,15,0.00,256
24400,16,0.00,256
24401,17,0.00,256
24402,18,0.00,256
24403,19,0.00,256
24404,20,0.00,256
24405,21,0.00,256
24406,22,0.00,256
24407,23,0.00,256
24408,24,0.00,256
24409,25,0.00,256
24410,26,0.00,256
24411,27,0.00,256
24412,28,41.67,256
24413,29,0.00,256
24414,30,0.00,256
24415,31,0.00,256
24416,32,0.00,256
24417,33,0.00,256
24418,34,0.00,256
24419,35,0.00,256
24420,36,0.00,256
24421,37,0.00,256
24422,38,0.00,256
24423,39,0.00,256
24424,40,0.00,256
24425,41,0.00,256
24426,42,0.00,256
24427,43,0.00,256
24428,44,0.00,256
24429,45,0.00,256
24430,46,0.00,256
24431,47,0.00,256
24432,48,0.00,256
24433,49,0.00,256
24434,50,0.00,256
24435,51,0.00,256
24436,52,0.00,256
24437,53,0.00,256
24438,54,0.00,256
24439,55,0.00,256
24440,56,0.00,256
24441,57,0.00,256
24442,58,0.00,256
24443,59,0.00,256
24444,60,0.00,256
24445,61,0.00,256
24446,62,0.00,256
24447,63,0.00,256
24448,64,0.00,256
24449,65,0.00,256
24450,66,0.00,256
24451,67,0.00,256
24452,68,0.00,256
24453,69,0.00,256
24454,70,0.00,256
24455,71,0.00,256
24456,72,0.00,256
24457,73,0.00,256
24458,74,0.00,256
24459,75,0.00,256
24460,76,0.00,256
24461,77,0.00,256
24462,78,0.00,256
24463,79,0.00,256
24464,80,0.00,256
24465,81,0.00,256
24466,82,0.00,256
24467,83,0.00,256
24468,84,0.00,256
24469,85,0.00,256
24470,86,0.00,256
24471,87,0.00,256
24472,88,0.00,256
24473,89,0.00,256
24474,90,0.00,256
24475,91,0.00,256
24476,92,0.00,256
24477,93,0.00,256
24478,94,0.00,256
24479,95,0.00,256
24480,96,0.00,256
24481,97,0.00,256
24482,98,0.00,256
24483,99,0.00,256
24484,100,0.00,256
24485,101,0.00,256
24486,102,0.00,256
24487,103,0.00,256
24488,104,0.00,256
24489,105,0.00,256
24490,106,0.00,256
24491,107,0.00,256
24492,108,0.00,256
24493,109,0.00,256
24494,110,0.00,256
24495,111,0.00,256
24496,112,0.00,256
24497,113,0.00,256
24498,114,0.00,256
24499,115,0.00,256
24500,116,0.00,256
24501,117,0.00,256
24502,118,0.00,256
24503,119,0.00,256
24504,120,0.00,256
24505,121,0.00,256
24506,122,0.00,256
24507,123,0.00,256
24508,124,0.00,256
24509,125,0.00,256
24510,126,0.00,256
24511,127,0.00,256
24512,128,0.00,256
24513,129,0.00,256
24514,130,0.00,256
24515,131,0.00,256
24516,132,0.00,256
24517,133,0.00,256
24518,134,0.00,256
24519,135,0.00,256
24520,136,0.00,256
24521,137,0.00,256
24522,138,0.00,256
24523,139,0.00,256
24524,140,0.00,256
24525,141,0.00,256
24526,142,0.00,256
24527,143,0.00,256
24528,144,0.00,256
24529,145,0.00,256
24530,146,0.00,256
24531,147,0.00,256
24532,148,0.00,256
24533,149,0.00,256
24534,150,0.00,256
24535,151,0.00,256
24536,152,0.00,256
24537,153,0.00,256
24538,154,0.00,256
24539,155,0.00,256
24540,156,0.00,256
24541,157,0.00,256
24542,158,0.00,256
24543,159,0.00,256
24544,160,0.00,256
24545,161,0.00,256
24546,162,0.00,256
24547,163,0.00,256
24548,164,0.00,256
24549,165,0.00,256
24550,166,0.00,256
24551,167,0.00,256
24552,168,0.00,256
24553,169,0.00,256
24554,170,0.00,256
24555,171,0.00,256
24556,172,0.00,256
24557,173,0.00,256
24558,174,0.00,256
24559,175,0.00,256
24560,176,0.00,256
24561,177,0.00,256
24562,178,0.00,256
24563,179,0.00,256
24564,180,0.00,256
24565,181,0.00,256
24566,182,0.00,256
24567,183,0.00,256
24568,184,0.00,256
24569,185,0.00,256
24570,186,0.00,256
24571,187,0.00,256
24572,188,0.00,256
24573,189,0.00,256
24574,190,0.00,256
24575,191,0.00,256
24576,192,0.00,256
24577,193,0.00,256
24578,194,0.00,256
24579,195,0.00,256
24580,196,0.00,256
24581,197,0.00,256
24582,198,0.00,256
24583,199,0.00,256
24584,200,0.00,256
24585,201,0.00,256
24586,202,0.00,256
24587,203,0.00,256
24588,204,0.00,256
24589,205,0.00,256
24590,206,0.00,256
24591,207,0.00,256
24592,208,0.00,256
24593,209,0.00,256
24594,210,0.00,256
24595,211,0.00,256
24596,212,0.00,256
24597,213,0.00,256
24598,214,0.00,256
24599,215,0.00,256
24600,216,0.00,256
24601,217,0.00,256
24602,218,0.00,256
24603,219,0.00,256
24604,220,0.00,256
24605,221,0.00,256
24606,222,0.00,256
24607,223,0.00,256
24608,224,0.00,256
24609,225,0.00,256
24610,226,0.00,256
24611,227,0.00,256
24612,228,0.00,256
24613,229,0.00,256
24614,230,0.00,256
24615,231,0.00,256
24616,232,0.00,256
24617,233,0.00,256
24618,234,0.00,256
24619,235,0.00,256
24620,236,0.00,256
24621,237,0.00,256
24622,238,0.00,256
24623,239,0.00,256
24624,240,0.00,256
24625,241,0.00,256
24626,242,0.00,256
24627,243,0.00,256
24628,244,0.00,256
24629,245,0.00,256
24630,246,0.00,256
24631,247,0.00,256
24632,248,0.00,256
24633,249,0.00,256
24634,250,0.00,256
24635,251,0.00,256
24636,252,0.00,256
24637,253,0.00,256
24638,254,0.00,256
24639,255,0.00,256
24640,0,0.00,256
24641,1,0.00,256
24642,2,0.00,256
24643,3,0.00,256
24644,4,0.00,256
24645,5,0.00,256
24646,6,0.00,256
24647,7,0.00,256
24648,8,0.00,256
24649,9,0.00,256
24650,10,0.00,256
24651,11,0.00,256
24652,12,0.00,256
24653,13,0.00,256
24654,14,0.00,256
24655,15,0.00,256
24656,16,0.00,256
24657,17,0.00,256
24658,18,0.00,256
24659,19,0.00,256
24660,20,0.00,256
24661,21,0.00,256
24662,22,0.00,256
24663,23,0.00,256
24664,24,0.00,256
24665,25,0.00,256
24666,26,0.00,256
24667,27,0.00,256
24668,28,0.00,256
24669,29,0.00,256
24670,30,0.00,256
24671,31,0.00,256
24672,32,0.00,256
24673,33,0.00,256
24674,34,0.00,256
24675,35,0.00,256
24676,36,0.00,256
24677,37,0.00,256
24678,38,0.00,256
24679,39,0.00,256
24680,40,0.00,256
24681,41,0.00,256
24682,42,0.00,256
24683,43,0.00,256
24684,44,0.00,256
24685,45,0.00,256
24686,46,0.00,256
24687,47,0.00,256
24688,48,0.00,256
24689,49,0.00,256
24690,50,0.00,256
24691,51,0.00,256
24692,52,0.00,256
24693,53,0.00,256
24694,54,0.00,256
24695,55,0.00,256
24696,56,0.00,256
24697,57,0.00,256
24698,58,0.00,256
24699,59,0.00,256
24700,60,0.00,256
24701,61,0.00,256
24702,62,0.00,256
24703,63,0.00,256
24704,64,0.00,256
24705,65,0.00,256
24706,66,0.00,256
24707,67,0.00,256
24708,68,0.00,256
24709,69,0.00,256
24710,70,0.00,256
24711,71,0.00,256
24712,72,0.00,256
24713,73,0.00,256
24714,74,0.00,256
24715,75,0.00,256
24716,76,0.00,256
24717,77,0.00,256
24718,78,0.00,256
24719,79,0.00,256
24720,80,0.00,256
24721,81,0.00,256
24722,82,0.00,256
24723,83,0.00,256
24724,84,0.00,256
24725,85,0.00,256
24726,86,0.00,256
24727,87,0.00,256
24728,88,0.00,256
24729,89,0.00,256
24730,90,0.00,256
24731,91,0.00,256
24732,92,0.00,256
24733,93,0.00,256
24734,94,0.00,256
24735,95,0.00,256
24736,96,0.00,256
24737,97,0.00,256
24738,98,0.00,256
24739,99,0.00,256
24740,100,0.00,256
24741,101,0.00,256
24742,102,0.00,256
24743,103,0.00,256
24744,104,0.00,256
24745,105,0.00,256
24746,106,0.00,256
24747,107,0.00,256
24748,108,0.00,256
24749,109,0.00,256
24750,110,0.00,256
24751,111,0.00,256
24752,112,0.00,256
24753,113,0.00,256
24754,114,41.67,256
24755,115,0.00,256
24756,116,0.00,256
24757,117,0.00,256
24758,118,0.00,256
24759,119,0.00,256
24760,120,0.00,256
24761,121,0.00,256
24762,122,0.00,256
24763,123,0.00,256
24764,124,0.00,256
24765,125,0.00,256
24766,126,0.00,256
24767,127,0.00,256
24768,128,0.00,256
24769,129,0.00,256
24770,130,0.00,256
24771,131,0.00,256
24772,132,0.00,256
24773,133,0.00,256
24774,134,0.00,256
24775,135,0.00,256
24776,136,0.00,256
24777,137,0.00,256
24778,138,0.00,256
24779,139,0.00,256
24780,140,0.00,256
24781,141,0.00,256
24782,142,0.00,256
24783,143,0.00,256
24784,144,0.00,256
24785,145,0.00,256
24786,146,0.00,256
24787,147,0.00,256
24788,148,0.00,256
24789,149,0.00,256
24790,150,0.00,256
24791,151,0.00,256
24792,152,0.00,256
24793,153,0.00,256
24794,154,0.00,256
24795,155,0.00,256
24796,156,0.00,256
24797,157,0.00,256
24798,158,0.00,256
24799,159,0.00,256
24800,160,0.00,256
24801,161,0.00,256
24802,162,0.00,256
24803,163,0.00,256
24804,164,0.00,256
24805,165,0.00,256
24806,166,0.00,256
24807,167,0.00,256
24808,168,0.00,256
24809,169,0.00,256
24810,170,0.00,256
24811,171,0.00,256
24812,172,0.00,256
24813,173,0.00,256
24814,174,0.00,256
24815,175,0.00,256
24816,176,0.00,256
24817,177,0.00,256
24818,178,0.00,256
24819,179,0.00,256
24820,180,0.00,256
24821,181,0.00,256
24822,182,0.00,256
24823,183,0.00,256
24824,184,0.00,256
24825,185,0.00,256
24826,186,0.00,256
24827,187,0.00,256
24828,188,0.00,256
24829,189,0.00,256
24830,190,0.00,256
24831,191,0.00,256
24832,192,0.00,256
24833,193,0.00,256
24834,194,0.00,256
24835,195,0.00,256
24836,196,0.00,256
24837,197,0.00,256
24838,198,0.00,256
24839,199,41.67,256
24840,200,0.00,256
24841,201,0.00,256
24842,202,0.00,256
24843,203,0.00,256
24844,204,0.00,256
24845,205,0.00,256
24846,206,0.00,256
24847,207,0.00,256
24848,208,0.00,256
24849,209,0.00,256
24850,210,0.00,256
24851,211,0.00,256
24852,212,0.00,256
24853,213,0.00,256
24854,214,0.00,256
24855,215,0.00,256
24856,216,0.00,256
24857,217,0.00,256
24858,218,0.00,256
24859,219,0.00,256
24860,220,0.00,256
24861,221,0.00,256
24862,222,0.00,256
24863,223,0.00,256
24864,224,0.00,256
24865,225,0.00,256
24866,226,0.00,256
24867,227,0.00,256
24868,228,0.00,256
24869,229,0.00,256
24870,230,0.00,256
24871,231,0.00,256
24872,232,0.00,256
24873,233,0.00,256
24874,234,0.00,256
24875,235,0.00,256
24876,236,0.00,256
24877,237,0.00,256
24878,238,0.00,256
24879,239,0.00,256
24880,240,0.00,256
24881,241,0.00,256
24882,242,0.00,256
24883,243,0.00,256
24884,244,0.00,256
24885,245,0.00,256
24886,246,0.00,256
24887,247,0.00,256
24888,248,0.00,256
24889,249,0.00,256
24890,250,0.00,256
24891,251,0.00,256
24892,252,0.00,256
24893,253,0.00,256
24894,254,0.00,256
24895,255,0.00,256
24896,0,0.00,256
24897,1,0.00,256
24898,2,0.00,256
24899,3,0.00,256
24900,4,0.00,256
24901,5,0.00,256
24902,6,0.00,256
24903,7,0.00,256
24904,8,0.00,256
24905,9,0.00,256
24906,10,0.00,256
24907,11,0.00,256
24908,12,0.00,256
24909,13,0.00,256
24910,14,0.00,256
24911,15,0.00,256
24912,16,0.00,256
24913,17,0.00,256
24914,18,0.00,256
24915,19,0.00,256
24916,20,0.00,256
24917,21,0.00,256
24918,22,0.00,256
24919,23,0.00,256
24920,24,0.00,256
24921,25,0.00,256
24922,26,0.00,256
24923,27,0.00,256
24924,28,0.00,256
24925,29,0.00,256
24926,30,0.00,256
24927,31,0.00,256
24928,32,0.00,256
24929,33,0.00,256
24930,34,0.00,256
24931,35,0.00,256
24932,36,0.00,256
24933,37,0.00,256
24934,38,0.00,256
24935,39,0.00,256
24936,40,0.00,256
24937,41,0.00,256
24938,42,0.00,256
24939,43,0.00,256
24940,44,0.00,256
24941,45,0.00,256
24942,46,0.00,256
24943,47,0.00,256
24944,48,0.00,256
24945,49,0.00,256
24946,50,0.00,256
24947,51,0.00,256
24948,52,0.00,256
24949,53,0.00,256
24950,54,0.00,256
24951,55,0.00,256
24952,56,0.00,256
24953,57,0.00,256
24954,58,0.00,256
24955,59,0.00,256
24956,60,0.00,256
24957,61,0.00,256
24958,62,0.00,256
24959,63,0.00,256
24960,64,0.00,256
24961,65,0.00,256
24962,66,0.00,256
24963,67,0.00,256
24964,68,0.00,256
24965,69,0.00,256
24966,70,0.00,256
24967,71,0.00,256
24968,72,0.00,256
24969,73,0.00,256
24970,74,0.00,256
24971,75,0.00,256
24972,76,0.00,256
24973,77,0.00,256
24974,78,0.00,256
24975,79,0.00,256
24976,80,0.00,256
24977,81,0.00,256
24978,82,0.00,256
24979,83,0.00,256
24980,84,0.00,256
24981,85,0.00,256
24982,86,0.00,256
24983,87,0.00,256
24984,88,0.00,256
24985,89,0.00,256
24986,90,0.00,256
24987,91,0.00,256
24988,92,0.00,256
24989,93,0.00,256
24990,94,0.00,256
24991,95,0.00,256
24992,96,0.00,256
24993,97,0.00,256
24994,98,0.00,256
24995,99,0.00,256
24996,100,0.00,256
24997,101,0.00,256
24998,102,0.00,256
24999,103,0.00,256
25000,104,0.00,256
25001,105,0.00,256
25002,106,0.00,256
25003,107,0.00,256
25004,108,0.00,256
25005,109,0.00,256
25006,110,0.00,256
25007,111,0.00,256
25008,112,0.00,256
25009,113,0.00,256
25010,114,0.00,256
25011,115,0.00,256
25012,116,0.00,256
25013,117,0.00,256
25014,118,0.00,256
25015,119,0.00,256
25016,120,0.00,256
25017,121,0.00,256
25018,122,0.00,256
25019,123,0.00,256
25020,124,0.00,256
25021,125,0.00,256
25022,126,0.00,256
25023,127,0.00,256
25024,128,0.00,256
25025,129,0.00,256
25026,130,0.00,256
25027,131,0.00,256
25028,132,0.00,256
25029,133,0.00,256
25030,134,0.00,256
25031,135,0.00,256
25032,136,0.00,256
25033,137,0.00,256
25034,138,0.00,256
25035,139,0.00,256
25036,140,0.00,256
25037,141,0.00,256
25038,142,0.00,256
25039,143,0.00,256
25040,144,0.00,256
25041,145,0.00,256
25042,146,0.00,256
25043,147,41.67,256
25044,148,0.00,256
25045,149,0.00,256
25046,150,0.00,256
25047,151,0.00,256
25048,152,0.00,256
25049,153,0.00,256
25050,154,0.00,256
25051,155,0.00,256
25052,156,0.00,256
25053,157,0.00,256
25054,158,0.00,256
25055,159,0.00,256
25056,160,0.00,256
25057,161,41.67,256
25058,162,41.67,256
25059,163,41.67,256
25060,164,0.00,256
25061,165,0.00,256
25062,166,0.00,256
25063,167,0.00,256
25064,168,0.00,256
25065,169,0.00,256
25066,170,0.00,256
25067,171,0.00,256
25068,172,0.00,256
25069,173,0.00,256
25070,174,0.00,256
25071,175,0.00,256
25072,176,0.00,256
25073,177,0.00,256
25074,178,0.00,256
25075,179,0.00,256
25076,180,0.00,256
25077,181,0.00,256
25078,182,0.00,256
25079,183,0.00,256
25080,184,0.00,256
25081,185,0.00,256
25082,186,0.00,256
25083,187,0.00,256
25084,188,0.00,256
25085,189,0.00,256
25086,190,0.00,256
25087,191,0.00,256
25088,192,0.00,256
25089,193,0.00,256
25090,194,0.00,256
25091,195,0.00,256
25092,196,0.00,256
25093,197,0.00,256
25094,198,0.00,256
25095,199,0.00,256
25096,200,0.00,256
25097,201,0.00,256
25098,202,0.00,256
25099,203,0.00,256
25100,204,0.00,256
25101,205,0.00,256
25102,206,0.00,256
25103,207,0.00,256
25104,208,0.00,256
25105,209,0.00,256
25106,210,0.00,256
25107,211,0.00,256
25108,212,0.00,256
25109,213,0.00,256
25110,214,0.00,256
25111,215,0.00,256
25112,216,0.00,256
25113,217,0.00,256
25114,218,0.00,256
25115,219,0.00,256
25116,220,0.00,256
25117,221,0.00,256
25118,222,0.00,256
25119,223,0.00,256
25120,224,0.00,256
25121,225,0.00,256
25122,226,0.00,256
25123,227,0.00,256
25124,228,0.00,256
25125,229,0.00,256
25126,230,0.00,256
25127,231,0.00,256
25128,232,0.00,256
25129,233,0.00,256
25130,234,0.00,256
25131,235,0.00,256
25132,236,0.00,256
25133,237,0.00,256
25134,238,0.00,256
25135,239,0.00,256
25136,240,0.00,256
25137,241,0.00,256
25138,242,0.00,256
25139,243,0.00,256
25140,244,0.00,256
25141,245,0.00,256
25142,246,0.00,256
25143,247,0.00,256
25144,248,0.00,256
25145,249,0.00,256
25146,250,0.00,256
25147,251,0.00,256
25148,252,0.00,256
25149,253,0.00,256
25150,254,0.00,256
25151,255,0.00,256
25152,0,0.00,256
25153,1,0.00,256
25154,2,0.00,256
25155,3,0.00,256
25156,4,0.00,256
25157,5,0.00,256
25158,6,0.00,256
25159,7,0.00,256
25160,8,0.00,256
25161,9,0.00,256
25162,10,0.00,256
25163,11,0.00,256
25164,12,0.00,256
25165,13,0.00,256
25166,14,0.00,256
25167,15,0.00,256
25168,16,0.00,256
25169,17,0.00,256
25170,18,0.00,256
25171,19,0.00,256
25172,20,0.00,256
25173,21,0.00,256
25174,22,0.00,256
25175,23,0.00,256
25176,24,0.00,256
25177,25,0.00,256
25178,26,0.00,256
25179,27,0.00,256
25180,28,0.00,256
25181,29,0.00,256
25182,30,0.00,256
25183,31,0.00,256
25184,32,0.00,256
25185,33,0.00,256
25186,34,0.00,256
25187,35,0.00,256
25188,36,0.00,256
25189,37,0.00,256
25190,38,0.00,256
25191,39,0.00,256
25192,40,0.00,256
25193,41,0.00,256
25194,42,0.00,256
25195,43,0.00,256
25196,44,0.00,256
25197,45,0.00,256
25198,46,0.00,256
25199,47,0.00,256
25200,48,0.00,256
25201,49,0.00,256
25202,50,0.00,256
25203,51,0.00,256
25204,52,0.00,256
25205,53,0.00,256
25206,54,0.00,256
25207,55,0.00,256
25208,56,0.00,256
25209,57,0.00,256
25210,58,0.00,256
25211,59,0.00,256
25212,60,0.00,256
25213,61,0.00,256
25214,62,0.00,256
25215,63,0.00,256
25216,64,0.00,256
25217,65,0.00,256
25218,66,0.00,256
25219,67,0.00,256
25220,68,0.00,256
25221,69,0.00,256
25222,70,0.00,256
25223,71,0.00,256
25224,72,0.00,256
25225,73,0.00,256
25226,74,0.00,256
25227,75,0.00,256
25228,76,0.00,256
25229,77,0.00,256
25230,78,0.00,256
25231,79,0.00,256
25232,80,0.00,256
25233,81,0.00,256
25234,82,0.00,256
25235,83,0.00,256
25236,84,0.00,256
25237,85,0.00,256
25238,86,0.00,256
25239,87,0.00,256
25240,88,0.00,256
25241,89,0.00,256
25242,90,0.00,256
25243,91,0.00,256
25244,92,0.00,256
25245,93,0.00,256
25246,94,0.00,256
25247,95,0.00,256
25248,96,0.00,256
25249,97,0.00,256
25250,98,0.00,256
25251,99,0.00,256
25252,100,0.00,256
25253,101,0.00,256
25254,102,0.00,256
25255,103,0.00,256
25256,104,0.00,256
25257,105,0.00,256
25258,106,0.00,256
25259,107,0.00,256
25260,108,0.00,256
25261,109,0.00,256
25262,110,0.00,256
25263,111,0.00,256
25264,112,0.00,256
25265,113,0.00,256
25266,114,0.00,256
25267,115,0.00,256
25268,116,0.00,256
25269,117,0.00,256
25270,118,0.00,256
25271,119,0.00,256
25272,120,0.00,256
25273,121,0.00,256
25274,122,0.00,256
25275,123,0.00,256
25276,124,0.00,256
25277,125,0.00,256
25278,126,0.00,256
25279,127,0.00,256
25280,128,0.00,256
25281,129,0.00,256
25282,130,0.00,256
25283,131,0.00,256
25284,132,0.00,256
25285,133,0.00,256
25286,134,0.00,256
25287,135,0.00,256
25288,136,0.00,256
25289,137,0.00,256
25290,138,0.00,256
25291,139,0.00,256
25292,140,0.00,256
25293,141,0.00,256
25294,142,0.00,256
25295,143,0.00,256
25296,144,0.00,256
25297,145,0.00,256
25298,146,0.00,256
25299,147,0.00,256
25300,148,0.00,256
25301,149,0.00,256
25302,150,0.00,256
25303,151,0.00,256
25304,152,0.00,256
25305,153,0.00,256
25306,154,0.00,256
25307,155,0.00,256
25308,156,0.00,256
25309,157,0.00,256
25310,158,0.00,256
25311,159,0.00,256
25312,160,0.00,256
25313,161,0.00,256
25314,162,0.00,256
25315,163,0.00,256
25316,164,0.00,256
25317,165,0.00,256
25318,166,0.00,256
25319,167,0.00,256
25320,168,0.00,256
25321,169,0.00,256
25322,170,0.00,256
25323,171,0.00,256
25324,172,0.00,256
25325,173,0.00,256
25326,174,0.00,256
25327,175,0.00,256
25328,176,0.00,256
25329,177,0.00,256
25330,178,0.00,256
25331,179,0.00,256
25332,180,0.00,256
25333,181,0.00,256
25334,182,0.00,256
25335,183,0.00,256
25336,184,0.00,256
25337,185,0.00,256
25338,186,0.00,256
25339,187,0.00,256
25340,188,0.00,256
25341,189,0.00,256
25342,190,0.00,256
25343,191,0.00,256
25344,192,0.00,256
25345,193,0.00,256
25346,194,0.00,256
25347,195,0.00,256
25348,196,0.00,256
25349,197,0.00,256
25350,198,0.00,256
25351,199,0.00,256
25352,200,0.00,256
25353,201,0.00,256
25354,202,0.00,256
25355,203,0.00,256
25356,204,0.00,256
25357,205,0.00,256
25358,206,0.00,256
25359,207,0.00,256
25360,208,0.00,256
25361,209,0.00,256
25362,210,0.00,256
25363,211,0.00,256
25364,212,0.00,256
25365,213,0.00,256
25366,214,0.00,256
25367,215,0.00,256
25368,216,0.00,256
25369,217,0.00,256
25370,218,0.00,256
25371,219,0.00,256
25372,220,0.00,256
25373,221,0.00,256
25374,222,0.00,256
25375,223,0.00,256
25376,224,0.00,256
25377,225,0.00,256
25378,226,0.00,256
25379,227,0.00,256
25380,228,0.00,256
25381,229,0.00,256
25382,230,0.00,256
25383,231,0.00,256
25384,232,0.00,256
25385,233,0.00,256
25386,234,0.00,256
25387,235,0.00,256
25388,236,0.00,256
25389,237,0.00,256
25390,238,0.00,256
25391,239,0.00,256
25392,240,0.00,256
25393,241,0.00,256
25394,242,0.00,256
25395,243,0.00,256
25396,244,0.00,256
25397,245,0.00,256
25398,246,0.00,256
25399,247,0.00,256
25400,248,0.00,256
25401,249,0.00,256
25402,250,0.00,256
25403,251,0.00,256
25404,252,0.00,256
25405,253,0.00,256
25406,254,0.00,256
25407,255,0.00,256
25408,0,0.00,256
25409,1,0.00,256
25410,2,0.00,256
25411,3,0.00,256
25412,4,0.00,256
25413,5,0.00,256
25414,6,0.00,256
25415,7,0.00,256
25416,8,0.00,256
25417,9,0.00,256
25418,10,0.00,256
25419,11,0.00,256
25420,12,0.00,256
25421,13,41.67,256
25422,14,0.00,256
25423,15,0.00,256
25424,16,0.00,256
25425,17,0.00,256
25426,18,0.00,256
25427,19,0.00,256
25428,20,0.00,256
25429,21,0.00,256
25430,22,0.00,256
25431,23,0.00,256
25432,24,0.00,256
25433,25,0.00,256
25434,26,0.00,256
25435,27,0.00,256
25436,28,0.00,256
25437,29,0.00,256
25438,30,0.00,256
25439,31,0.00,256
25440,32,0.00,256
25441,33,0.00,256
25442,34,0.00,256
25443,35,0.00,256
25444,36,0.00,256
25445,37,0.00,256
25446,38,0.00,256
25447,39,0.00,256
25448,40,0.00,256
25449,41,0.00,256
25450,42,0.00,256
25451,43,0.00,256
25452,44,0.00,256
25453,45,0.00,256
25454,46,0.00,256
25455,47,0.00,256
25456,48,0.00,256
25457,49,0.00,256
25458,50,0.00,256
25459,51,0.00,256
25460,52,0.00,256
25461,53,0.00,256
25462,54,0.00,256
25463,55,0.00,256
25464,56,0.00,256
25465,57,0.00,256
25466,58,0.00,256
25467,59,0.00,256
25468,60,0.00,256
25469,61,0.00,256
25470,62,0.00,256
25471,63,0.00,256
25472,64,0.00,256
25473,65,0.00,256
25474,66,0.00,256
25475,67,0.00,256
25476,68,0.00,256
25477,69,0.00,256
25478,70,0.00,256
25479,71,0.00,256
25480,72,0.00,256
25481,73,0.00,256
25482,74,0.00,256
25483,75,0.00,256
25484,76,0.00,256
25485,77,0.00,256
25486,78,0.00,256
25487,79,0.00,256
25488,80,0.00,256
25489,81,0.00,256
25490,82,0.00,256
25491,83,0.00,256
25492,84,0.00,256
25493,85,0.00,256
25494,86,0.00,256
25495,87,0.00,256
25496,88,0.00,256
25497,89,0.00,256
25498,90,0.00,256
25499,91,0.00,256
25500,92,0.00,256
25501,93,0.00,256
25502,94,0.00,256
25503,95,0.00,256
25504,96,0.00,256
25505,97,0.00,256
25506,98,0.00,256
25507,99,0.00,256
25508,100,0.00,256
25509,101,0.00,256
25510,102,0.00,256
25511,103,0.00,256
25512,104,0.00,256
25513,105,0.00,256
25514,106,0.00,256
25515,107,0.00,256
25516,108,0.00,256
25517,109,0.00,256
25518,110,0.00,256
25519,111,0.00,256
25520,112,0.00,256
25521,113,0.00,256
25522,114,0.00,256
25523,115,0.00,256
25524,116,0.00,256
25525,117,0.00,256
25526,118,0.00,256
25527,119,0.00,256
25528,120,0.00,256
25529,121,0.00,256
25530,122,0.00,256
25531,123,0.00,256
25532,124,0.00,256
25533,125,0.00,256
25534,126,0.00,256
25535,127,0.00,256
25536,128,0.00,256
25537,129,0.00,256
25538,130,0.00,256
25539,131,0.00,256
25540,132,0.00,256
25541,133,0.00,256
25542,134,0.00,256
25543,135,0.00,256
25544,136,0.00,256
25545,137,0.00,256
25546,138,0.00,256
25547,139,0.00,256
25548,140,0.00,256
25549,141,0.00,256
25550,142,0.00,256
25551,143,0.00,256
25552,144,0.00,256
25553,145,0.00,256
25554,146,0.00,256
25555,147,0.00,256
25556,148,0.00,256
25557,149,0.00,256
25558,150,0.00,256
25559,151,0.00,256
25560,152,0.00,256
25561,153,0.00,256
25562,154,0.00,256
25563,155,0.00,256
25564,156,0.00,256
25565,157,0.00,256
25566,158,0.00,256
25567,159,0.00,256
25568,160,0.00,256
25569,161,0.00,256
25570,162,0.00,256
25571,163,0.00,256
25572,164,0.00,256
25573,165,0.00,256
25574,166,0.00,256
25575,167,0.00,256
25576,168,0.00,256
25577,169,0.00,256
25578,170,0.00,256
25579,171,0.00,256
25580,172,0.00,256
25581,173,0.00,256
25582,174,0.00,256
25583,175,0.00,256
25584,176,0.00,256
25585,177,0.00,256
25586,178,0.00,256
25587,179,0.00,256
25588,180,0.00,256
25589,181,0.00,256
25590,182,0.00,256
25591,183,0.00,256
25592,184,0.00,256
25593,185,0.00,256
25594,186,0.00,256
25595,187,0.00,256
25596,188,0.00,256
25597,189,0.00,256
25598,190,0.00,256
25599,191,0.00,256
25600,192,0.00,256
25601,193,0.00,256
25602,194,0.00,256
25603,195,0.00,256
25604,196,0.00,256
25605,197,0.00,256
25606,198,0.00,256
25607,199,0.00,256
25608,200,0.00,256
25609,201,0.00,256
25610,202,0.00,256
25611,203,0.00,256
25612,204,0.00,256
25613,205,0.00,256
25614,206,0.00,256
25615,207,0.00,256
25616,208,0.00,256
25617,209,0.00,256
25618,210,0.00,256
25619,211,0.00,256
25620,212,0.00,256
25621,213,0.00,256
25622,214,0.00,256
25623,215,0.00,256
25624,216,0.00,256
25625,217,0.00,256
25626,218,0.00,256
25627,219,0.00,256
25628,220,0.00,256
25629,221,0.00,256
25630,222,0.00,256
25631,223,0.00,256
25632,224,0.00,256
25633,225,0.00,256
25634,226,0.00,256
25635,227,0.00,256
25636,228,0.00,256
25637,229,0.00,256
25638,230,0.00,256
25639,231,0.00,256
25640,232,0.00,256
25641,233,0.00,256
25642,234,0.00,256
25643,235,0.00,256
25644,236,0.00,256
25645,237,0.00,256
25646,238,0.00,256
25647,239,0.00,256
25648,240,0.00,256
25649,241,0.00,256
25650,242,0.00,256
25651,243,0.00,256
25652,244,0.00,256
25653,245,0.00,256
25654,246,0.00,256
25655,247,0.00,256
25656,248,0.00,256
25657,249,0.00,256
25658,250,0.00,256
25659,251,0.00,256
25660,252,0.00,256
25661,253,0.00,256
25662,254,0.00,256
25663,255,0.00,256
25664,0,0.00,256
25665,1,0.00,256
25666,2,0.00,256
25667,3,0.00,256
25668,4,0.00,256
25669,5,0.00,256
25670,6,0.00,256
25671,7,0.00,256
25672,8,0.00,256
25673,9,0.00,256
25674,10,0.00,256
25675,11,0.00,256
25676,12,0.00,256
25677,13,0.00,256
25678,14,0.00,256
25679,15,0.00,256
25680,16,0.00,256
25681,17,0.00,256
25682,18,0.00,256
25683,19,0.00,256
25684,20,0.00,256
25685,21,0.00,256
25686,22,0.00,256
25687,23,0.00,256
25688,24,0.00,256
25689,25,0.00,256
25690,26,0.00,256
25691,27,0.00,256
25692,28,0.00,256
25693,29,0.00,256
25694,30,0.00,256
25695,31,0.00,256
25696,32,0.00,256
25697,33,0.00,256
25698,34,0.00,256
25699,35,0.00,256
25700,36,0.00,256
25701,37,0.00,256
25702,38,0.00,256
25703,39,0.00,256
25704,40,0.00,256
25705,41,0.00,256
25706,42,0.00,256
25707,43,0.00,256
25708,44,0.00,256
25709,45,0.00,256
25710,46,0.00,256
25711,47,0.00,256
25712,48,0.00,256
25713,49,0.00,256
25714,50,0.00,256
25715,51,0.00,256
25716,52,0.00,256
25717,53,0.00,256
25718,54,0.00,256
25719,55,0.00,256
25720,56,0.00,256
25721,57,0.00,256
25722,58,0.00,256
25723,59,0.00,256
25724,60,0.00,256
25725,61,0.00,256
25726,62,0.00,256
25727,63,0.00,256
25728,64,0.00,256
25729,65,0.00,256
25730,66,0.00,256
25731,67,0.00,256
25732,68,0.00,256
25733,69,0.00,256
25734,70,0.00,256
25735,71,0.00,256
25736,72,0.00,256
25737,73,0.00,256
25738,74,0.00,256
25739,75,0.00,256
25740,76,0.00,256
25741,77,0.00,256
25742,78,0.00,256
25743,79,0.00,256
25744,80,0.00,256
25745,81,0.00,256
25746,82,0.00,256
25747,83,0.00,256
25748,84,0.00,256
25749,85,0.00,256
25750,86,0.00,256
25751,87,0.00,256
25752,88,0.00,256
25753,89,0.00,256
25754,90,0.00,256
25755,91,0.00,256
25756,92,0.00,256
25757,93,0.00,256
25758,94,0.00,256
25759,95,0.00,256
25760,96,0.00,256
25761,97,0.00,256
25762,98,0.00,256
25763,99,0.00,256
25764,100,0.00,256
25765,101,0.00,256
25766,102,0.00,256
25767,103,0.00,256
25768,104,0.00,256
25769,105,0.00,256
25770,106,0.00,256
25771,107,0.00,256
25772,108,0.00,256
25773,109,0.00,256
25774,110,0.00,256
25775,111,0.00,256
25776,112,0.00,256
25777,113,0.00,256
25778,114,0.00,256
25779,115,0.00,256
25780,116,0.00,256
25781,117,0.00,256
25782,118,0.00,256
25783,119,0.00,256
25784,120,0.00,256
25785,121,0.00,256
25786,122,0.00,256
25787,123,0.00,256
25788,124,0.00,256
25789,125,0.00,256
25790,126,0.00,256
25791,127,0.00,256
25792,128,0.00,256
25793,129,0.00,256
25794,130,0.00,256
25795,131,0.00,256
25796,132,0.00,256
25797,133,0.00,256
25798,134,0.00,256
25799,135,0.00,256
25800,136,0.00,256
25801,137,0.00,256
25802,138,0.00,256
25803,139,0.00,256
25804,140,0.00,256
25805,141,0.00,256
25806,142,0.00,256
25807,143,0.00,256
25808,144,0.00,256
25809,145,0.00,256
25810,146,0.00,256
25811,147,0.00,256
25812,148,0.00,256
25813,149,0.00,256
25814,150,0.00,256
25815,151,0.00,256
25816,152,0.00,256
25817,153,0.00,256
25818,154,0.00,256
25819,155,0.00,256
25820,156,0.00,256
25821,157,0.00,256
25822,158,0.00,256
25823,159,0.00,256
25824,160,0.00,256
25825,161,0.00,256
25826,162,0.00,256
25827,163,0.00,256
25828,164,0.00,256
25829,165,41.67,256
25830,166,0.00,256
25831,167,0.00,256
25832,168,0.00,256
25833,169,0.00,256
25834,170,0.00,256
25835,171,0.00,256
25836,172,0.00,256
25837,173,0.00,256
25838,174,0.00,256
25839,175,0.00,256
25840,176,0.00,256
25841,177,0.00,256
25842,178,0.00,256
25843,179,0.00,256
25844,180,0.00,256
25845,181,0.00,256
25846,182,0.00,256
25847,183,0.00,256
25848,184,0.00,256
25849,185,0.00,256
25850,186,0.00,256
25851,187,0.00,256
25852,188,0.00,256
25853,189,0.00,256
25854,190,0.00,256
25855,191,0.00,256
25856,192,0.00,256
25857,193,0.00,256
25858,194,0.00,256
25859,195,0.00,256
25860,196,0.00,256
25861,197,0.00,256
25862,198,0.00,256
25863,199,0.00,256
25864,200,0.00,256
25865,201,0.00,256
25866,202,0.00,256
25867,203,0.00,256
25868,204,0.00,256
25869,205,0.00,256
25870,206,0.00,256
25871,207,0.00,256
25872,208,41.67,256
25873,209,0.00,256
25874,210,0.00,256
25875,211,0.00,256
25876,212,0.00,256
25877,213,0.00,256
25878,214,0.00,256
25879,215,0.00,256
25880,216,0.00,256
25881,217,0.00,256
25882,218,0.00,256
25883,219,0.00,256
25884,220,0.00,256
25885,221,0.00,256
25886,222,0.00,256
25887,223,0.00,256
25888,224,0.00,256
25889,225,0.00,256
25890,226,0.00,256
25891,227,0.00,256
25892,228,0.00,256
25893,229,0.00,256
25894,230,0.00,256
25895,231,0.00,256
25896,232,0.00,256
25897,233,0.00,256
25898,234,0.00,256
25899,235,0.00,256
25900,236,0.00,256
25901,237,0.00,256
25902,238,0.00,256
25903,239,0.00,256
25904,240,0.00,256
25905,241,0.00,256
25906,242,0.00,256
25907,243,0.00,256
25908,244,0.00,256
25909,245,0.00,256
25910,246,0.00,256
25911,247,0.00,256
25912,248,0.00,256
25913,249,0.00,256
25914,250,0.00,256
25915,251,0.00,256
25916,252,0.00,256
25917,253,0.00,256
25918,254,0.00,256
25919,255,0.00,256
25920,0,0.00,256
25921,1,0.00,256
25922,2,0.00,256
25923,3,0.00,256
25924,4,0.00,256
25925,5,0.00,256
25926,6,0.00,256
25927,7,0.00,256
25928,8,0.00,256
25929,9,0.00,256
25930,10,0.00,256
25931,11,0.00,256
25932,12,0.00,256
25933,13,0.00,256
25934,14,0.00,256
25935,15,0.00,256
25936,16,0.00,256
25937,17,0.00,256
25938,18,0.00,256
25939,19,0.00,256
25940,20,0.00,256
25941,21,0.00,256
25942,22,0.00,256
25943,23,0.00,256
25944,24,0.00,256
25945,25,0.00,256
25946,26,0.00,256
25947,27,0.00,256
25948,28,0.00,256
25949,29,0.00,256
25950,30,0.00,256
25951,31,0.00,256
25952,32,0.00,256
25953,33,0.00,256
25954,34,0.00,256
25955,35,0.00,256
25956,36,0.00,256
25957,37,0.00,256
25958,38,0.00,256
25959,39,0.00,256
25960,40,0.00,256
25961,41,0.00,256
25962,42,0.00,256
25963,43,0.00,256
25964,44,0.00,256
25965,45,0.00,256
25966,46,0.00,256
25967,47,0.00,256
25968,48,0.00,256
25969,49,0.00,256
25970,50,0.00,256
25971,51,0.00,256
25972,52,0.00,256
25973,53,0.00,256
25974,54,0.00,256
25975,55,0.00,256
25976,56,0.00,256
25977,57,0.00,256
25978,58,0.00,256
25979,59,0.00,256
25980,60,0.00,256
25981,61,0.00,256
25982,62,0.00,256
25983,63,0.00,256
25984,64,0.00,256
25985,65,0.00,256
25986,66,0.00,256
25987,67,0.00,256
25988,68,0.00,256
25989,69,0.00,256
25990,70,0.00,256
25991,71,41.67,256
25992,72,0.00,256
25993,73,0.00,256
25994,74,0.00,256
25995,75,0.00,256
25996,76,0.00,256
25997,77,0.00,256
25998,78,0.00,256
25999,79,0.00,256
26000,80,0.00,256
26001,81,0.00,256
26002,82,0.00,256
26003,83,0.00,256
26004,84,0.00,256
26005,85,0.00,256
26006,86,0.00,256
26007,87,0.00,256
26008,88,0.00,256
26009,89,0.00,256
26010,90,0.00,256
26011,91,0.00,256
26012,92,0.00,256
26013,93,0.00,256
26014,94,0.00,256
26015,95,0.00,256
26016,96,0.00,256
26017,97,0.00,256
26018,98,0.00,256
26019,99,0.00,256
26020,100,0.00,256
26021,101,0.00,256
26022,102,0.00,256
26023,103,0.00,256
26024,104,0.00,256
26025,105,0.00,256
26026,106,0.00,256
26027,107,0.00,256
26028,108,0.00,256
26029,109,0.00,256
26030,110,0.00,256
26031,111,0.00,256
26032,112,0.00,256
26033,113,0.00,256
26034,114,0.00,256
26035,115,0.00,256
26036,116,0.00,256
26037,117,0.00,256
26038,118,0.00,256
26039,119,0.00,256
26040,120,0.00,256
26041,121,0.00,256
26042,122,0.00,256
26043,123,0.00,256
26044,124,0.00,256
26045,125,0.00,256
26046,126,0.00,256
26047,127,0.00,256
26048,128,0.00,256
26049,129,0.00,256
26050,130,0.00,256
26051,131,0.00,256
26052,132,0.00,256
26053,133,0.00,256
26054,134,0.00,256
26055,135,0.00,256
26056,136,0.00,256
26057,137,0.00,256
26058,138,0.00,256
26059,139,0.00,256
26060,140,0.00,256
26061,141,0.00,256
26062,142,0.00,256
26063,143,0.00,256
26064,144,0.00,256
26065,145,0.00,256
26066,146,0.00,256
26067,147,0.00,256
26068,148,0.00,256
26069,149,0.00,256
26070,150,0.00,256
26071,151,0.00,256
26072,152,0.00,256
26073,153,0.00,256
26074,154,0.00,256
26075,155,0.00,256
26076,156,0.00,256
26077,157,0.00,256
26078,158,0.00,256
26079,159,0.00,256
26080,160,0.00,256
26081,161,0.00,256
26082,162,0.00,256
26083,163,0.00,256
26084,164,0.00,256
26085,165,0.00,256
26086,166,0.00,256
26087,167,0.00,256
26088,168,0.00,256
26089,169,0.00,256
26090,170,0.00,256
26091,171,0.00,256
26092,172,0.00,256
26093,173,0.00,256
26094,174,0.00,256
26095,175,0.00,256
26096,176,0.00,256
26097,177,0.00,256
26098,178,0.00,256
26099,179,0.00,256
26100,180,0.00,256
26101,181,0.00,256
26102,182,0.00,256
26103,183,0.00,256
26104,184,0.00,256
26105,185,0.00,256
26106,186,0.00,256
26107,187,0.00,256
26108,188,0.00,256
26109,189,0.00,256
26110,190,0.00,256
26111,191,0.00,256
26112,192,0.00,256
26113,193,0.00,256
26114,194,0.00,256
26115,195,0.00,256
26116,196,0.00,256
26117,197,0.00,256
26118,198,0.00,256
26119,199,0.00,256
26120,200,41.67,256
26121,201,0.00,256
26122,202,0.00,256
26123,203,0.00,256
26124,204,0.00,256
26125,205,0.00,256
26126,206,0.00,256
26127,207,0.00,256
26128,208,0.00,256
26129,209,0.00,256
26130,210,0.00,256
26131,211,0.00,256
26132,212,0.00,256
26133,213,0.00,256
26134,214,0.00,256
26135,215,0.00,256
26136,216,0.00,256
26137,217,0.00,256
26138,218,0.00,256
26139,219,0.00,256
26140,220,0.00,256
26141,221,0.00,256
26142,222,0.00,256
26143,223,0.00,256
26144,224,0.00,256
26145,225,0.00,256
26146,226,0.00,256
26147,227,0.00,256
26148,228,0.00,256
26149,229,0.00,256
26150,230,0.00,256
26151,231,0.00,256
26152,232,0.00,256
26153,233,0.00,256
26154,234,0.00,256
26155,235,0.00,256
26156,236,0.00,256
26157,237,0.00,256
26158,238,0.00,256
26159,239,0.00,256
26160,240,0.00,256
26161,241,0.00,256
26162,242,0.00,256
26163,243,0.00,256
26164,244,0.00,256
26165,245,0.00,256
26166,246,0.00,256
26167,247,0.00,256
26168,248,0.00,256
26169,249,0.00,256
26170,250,0.00,256
26171,251,0.00,256
26172,252,0.00,256
26173,253,0.00,256
26174,254,0.00,256
26175,255,0.00,256
26176,0,0.00,256
26177,1,0.00,256
26178,2,0.00,256
26179,3,0.00,256
26180,4,0.00,256
26181,5,0.00,256
26182,6,0.00,256
26183,7,0.00,256
26184,8,0.00,256
26185,9,0.00,256
26186,10,0.00,256
26187,11,0.00,256
26188,12,0.00,256
26189,13,0.00,256
26190,14,0.00,256
26191,15,0.00,256
26192,16,0.00,256
26193,17,0.00,256
26194,18,0.00,256
26195,19,0.00,256
26196,20,0.00,256
26197,21,0.00,256
26198,22,0.00,256
26199,23,0.00,256
26200,24,0.00,256
26201,25,0.00,256
26202,26,0.00,256
26203,27,0.00,256
26204,28,0.00,256
26205,29,0.00,256
26206,30,0.00,256
26207,31,0.00,256
26208,32,0.00,256
26209,33,0.00,256
26210,34,0.00,256
26211,35,0.00,256
26212,36,0.00,256
26213,37,0.00,256
26214,38,0.00,256
26215,39,0.00,256
26216,40,0.00,256
26217,41,0.00,256
26218,42,0.00,256
26219,43,0.00,256
26220,44,0.00,256
26221,45,0.00,256
26222,46,0.00,256
26223,47,0.00,256
26224,48,0.00,256
26225,49,0.00,256
26226,50,0.00,256
26227,51,0.00,256
26228,52,0.00,256
26229,53,0.00,256
26230,54,0.00,256
26231,55,0.00,256
26232,56,0.00,256
26233,57,0.00,256
26234,58,0.00,256
26235,59,0.00,256
26236,60,0.00,256
26237,61,0.00,256
26238,62,0.00,256
26239,63,0.00,256
26240,64,0.00,256
26241,65,0.00,256
26242,66,0.00,256
26243,67,0.00,256
26244,68,0.00,256
26245,69,0.00,256
26246,70,0.00,256
26247,71,0.00,256
26248,72,0.00,256
26249,73,0.00,256
26250,74,0.00,256
26251,75,0.00,256
26252,76,0.00,256
26253,77,0.00,256
26254,78,0.00,256
26255,79,0.00,256
26256,80,0.00,256
26257,81,0.00,256
26258,82,0.00,256
26259,83,0.00,256
26260,84,0.00,256
26261,85,0.00,256
26262,86,0.00,256
26263,87,0.00,256
26264,88,0.00,256
26265,89,0.00,256
26266,90,0.00,256
26267,91,0.00,256
26268,92,0.00,256
26269,93,0.00,256
26270,94,0.00,256
26271,95,0.00,256
26272,96,0.00,256
26273,97,0.00,256
26274,98,0.00,256
26275,99,0.00,256
26276,100,0.00,256
26277,101,0.00,256
26278,102,0.00,256
26279,103,0.00,256
26280,104,0.00,256
26281,105,0.00,256
26282,106,0.00,256
26283,107,0.00,256
26284,108,0.00,256
26285,109,0.00,256
26286,110,0.00,256
26287,111,0.00,256
26288,112,0.00,256
26289,113,0.00,256
26290,114,0.00,256
26291,115,0.00,256
26292,116,0.00,256
26293,117,0.00,256
26294,118,0.00,256
26295,119,0.00,256
26296,120,0.00,256
26297,121,0.00,256
26298,122,0.00,256
26299,123,0.00,256
26300,124,0.00,256
26301,125,0.00,256
26302,126,0.00,256
26303,127,0.00,256
26304,128,0.00,256
26305,129,0.00,256
26306,130,0.00,256
26307,131,0.00,256
26308,132,0.00,256
26309,133,0.00,256
26310,134,0.00,256
26311,135,0.00,256
26312,136,0.00,256
26313,137,0.00,256
26314,138,0.00,256
26315,139,0.00,256
26316,140,0.00,256
26317,141,0.00,256
26318,142,0.00,256
26319,143,0.00,256
26320,144,0.00,256
26321,145,0.00,256
26322,146,0.00,256
26323,147,0.00,256
26324,148,0.00,256
26325,149,0.00,256
26326,150,0.00,256
26327,151,0.00,256
26328,152,0.00,256
26329,153,0.00,256
26330,154,0.00,256
26331,155,0.00,256
26332,156,0.00,256
26333,157,0.00,256
26334,158,0.00,256
26335,159,0.00,256
26336,160,0.00,256
26337,161,0.00,256
26338,162,0.00,256
26339,163,0.00,256
26340,164,0.00,256
26341,165,0.00,256
26342,166,0.00,256
26343,167,0.00,256
26344,168,0.00,256
26345,169,0.00,256
26346,170,0.00,256
26347,171,0.00,256
26348,172,0.00,256
26349,173,0.00,256
26350,174,0.00,256
26351,175,0.00,256
26352,176,0.00,256
26353,177,0.00,256
26354,178,0.00,256
26355,179,0.00,256
26356,180,0.00,256
26357,181,0.00,256
26358,182,0.00,256
26359,183,0.00,256
26360,184,0.00,256
26361,185,0.00,256
26362,186,0.00,256
26363,187,0.00,256
26364,188,0.00,256
26365,189,0.00,256
26366,190,0.00,256
26367,191,0.00,256
26368,192,0.00,256
26369,193,0.00,256
26370,194,0.00,256
26371,195,0.00,256
26372,196,0.00,256
26373,197,0.00,256
26374,198,0.00,256
26375,199,0.00,256
26376,200,0.00,256
26377,201,0.00,256
26378,202,0.00,256
26379,203,0.00,256
26380,204,0.00,256
26381,205,0.00,256
26382,206,0.00,256
26383,207,0.00,256
26384,208,0.00,256
26385,209,0.00,256
26386,210,0.00,256
26387,211,0.00,256
26388,212,0.00,256
26389,213,0.00,256
26390,214,0.00,256
26391,215,0.00,256
26392,216,0.00,256
26393,217,0.00,256
26394,218,0.00,256
26395,219,0.00,256
26396,220,0.00,256
26397,221,0.00,256
26398,222,0.00,256
26399,223,0.00,256
26400,224,0.00,256
26401,225,0.00,256
26402,226,0.00,256
26403,227,0.00,256
26404,228,0.00,256
26405,229,0.00,256
26406,230,0.00,256
26407,231,0.00,256
26408,232,0.00,256
26409,233,0.00,256
26410,234,0.00,256
26411,235,0.00,256
26412,236,0.00,256
26413,237,0.00,256
26414,238,0.00,256
26415,239,0.00,256
26416,240,0.00,256
26417,241,0.00,256
26418,242,0.00,256
26419,243,0.00,256
26420,244,0.00,256
26421,245,0.00,256
26422,246,0.00,256
26423,247,0.00,256
26424,248,0.00,256
26425,249,0.00,256
26426,250,0.00,256
26427,251,0.00,256
26428,252,0.00,256
26429,253,0.00,256
26430,254,0.00,256
26431,255,0.00,256
26432,0,0.00,256
26433,1,0.00,256
26434,2,0.00,256
26435,3,0.00,256
26436,4,0.00,256
26437,5,0.00,256
26438,6,0.00,256
26439,7,0.00,256
26440,8,0.00,256
26441,9,0.00,256
26442,10,0.00,256
26443,11,0.00,256
26444,12,0.00,256
26445,13,0.00,256
26446,14,0.00,256
26447,15,0.00,256
26448,16,0.00,256
26449,17,0.00,256
26450,18,0.00,256
26451,19,0.00,256
26452,20,0.00,256
26453,21,0.00,256
26454,22,0.00,256
26455,23,0.00,256
26456,24,0.00,256
26457,25,0.00,256
26458,26,0.00,256
26459,27,0.00,256
26460,28,0.00,256
26461,29,0.00,256
26462,30,0.00,256
26463,31,0.00,256
26464,32,0.00,256
26465,33,0.00,256
26466,34,0.00,256
26467,35,0.00,256
26468,36,0.00,256
26469,37,0.00,256
26470,38,0.00,256
26471,39,0.00,256
26472,40,0.00,256
26473,41,0.00,256
26474,42,0.00,256
26475,43,0.00,256
26476,44,0.00,256
26477,45,0.00,256
26478,46,0.00,256
26479,47,0.00,256
26480,48,0.00,256
26481,49,0.00,256
26482,50,0.00,256
26483,51,0.00,256
26484,52,0.00,256
26485,53,0.00,256
26486,54,0.00,256
26487,55,0.00,256
26488,56,0.00,256
26489,57,0.00,256
26490,58,0.00,256
26491,59,0.00,256
26492,60,0.00,256
26493,61,0.00,256
26494,62,0.00,256
26495,63,0.00,256
26496,64,0.00,256
26497,65,0.00,256
26498,66,0.00,256
26499,67,0.00,256
26500,68,0.00,256
26501,69,0.00,256
26502,70,0.00,256
26503,71,0.00,256
26504,72,0.00,256
26505,73,0.00,256
26506,74,0.00,256
26507,75,0.00,256
26508,76,0.00,256
26509,77,0.00,256
26510,78,0.00,256
26511,79,0.00,256
26512,80,0.00,256
26513,81,0.00,256
26514,82,0.00,256
26515,83,0.00,256
26516,84,0.00,256
26517,85,0.00,256
26518,86,0.00,256
26519,87,0.00,256
26520,88,0.00,256
26521,89,0.00,256
26522,90,0.00,256
26523,91,0.00,256
26524,92,0.00,256
26525,93,0.00,256
26526,94,0.00,256
26527,95,0.00,256
26528,96,0.00,256
26529,97,0.00,256
26530,98,0.00,256
26531,99,0.00,256
26532,100,0.00,256
26533,101,0.00,256
26534,102,0.00,256
26535,103,0.00,256
26536,104,0.00,256
26537,105,0.00,256
26538,106,0.00,256
26539,107,0.00,256
26540,108,0.00,256
26541,109,0.00,256
26542,110,41.67,256
26543,111,0.00,256
26544,112,0.00,256
26545,113,0.00,256
26546,114,0.00,256
26547,115,0.00,256
26548,116,0.00,256
26549,117,0.00,256
26550,118,0.00,256
26551,119,0.00,256
26552,120,0.00,256
26553,121,0.00,256
26554,122,0.00,256
26555,123,0.00,256
26556,124,0.00,256
26557,125,0.00,256
26558,126,0.00,256
26559,127,0.00,256
26560,128,0.00,256
26561,129,0.00,256
26562,130,0.00,256
26563,131,0.00,256
26564,132,0.00,256
26565,133,0.00,256
26566,134,0.00,256
26567,135,0.00,256
26568,136,0.00,256
26569,137,0.00,256
26570,138,0.00,256
26571,139,0.00,256
26572,140,0.00,256
26573,141,0.00,256
26574,142,0.00,256
26575,143,0.00,256
26576,144,0.00,256
26577,145,0.00,256
26578,146,0.00,256
26579,147,0.00,256
26580,148,0.00,256
26581,149,0.00,256
26582,150,0.00,256
26583,151,0.00,256
26584,152,0.00,256
26585,153,0.00,256
26586,154,0.00,256
26587,155,0.00,256
26588,156,0.00,256
26589,157,0.00,256
26590,158,0.00,256
26591,159,0.00,256
26592,160,0.00,256
26593,161,0.00,256
26594,162,0.00,256
26595,163,0.00,256
26596,164,0.00,256
26597,165,0.00,256
26598,166,0.00,256
26599,167,0.00,256
26600,168,0.00,256
26601,169,0.00,256
26602,170,0.00,256
26603,171,0.00,256
26604,172,0.00,256
26605,173,0.00,256
26606,174,0.00,256
26607,175,0.00,256
26608,176,0.00,256
26609,177,0.00,256
26610,178,0.00,256
26611,179,0.00,256
26612,180,0.00,256
26613,181,0.00,256
26614,182,0.00,256
26615,183,0.00,256
26616,184,0.00,256
26617,185,0.00,256
26618,186,0.00,256
26619,187,0.00,256
26620,188,0.00,256
26621,189,0.00,256
26622,190,0.00,256
26623,191,0.00,256
26624,192,0.00,256
26625,193,0.00,256
26626,194,0.00,256
26627,195,0.00,256
26628,196,0.00,256
26629,197,0.00,256
26630,198,0.00,256
26631,199,0.00,256
26632,200,0.00,256
26633,201,0.00,256
26634,202,0.00,256
26635,203,0.00,256
26636,204,0.00,256
26637,205,0.00,256
26638,206,0.00,256
26639,207,0.00,256
26640,208,0.00,256
26641,209,0.00,256
26642,210,0.00,256
26643,211,0.00,256
26644,212,0.00,256
26645,213,0.00,256
26646,214,0.00,256
26647,215,0.00,256
26648,216,0.00,256
26649,217,0.00,256
26650,218,0.00,256
26651,219,0.00,256
26652,220,0.00,256
26653,221,0.00,256
26654,222,0.00,256
26655,223,0.00,256
26656,224,0.00,256
26657,225,0.00,256
26658,226,0.00,256
26659,227,0.00,256
26660,228,0.00,256
26661,229,0.00,256
26662,230,0.00,256
26663,231,0.00,256
26664,232,0.00,256
26665,233,0.00,256
26666,234,0.00,256
26667,235,0.00,256
26668,236,0.00,256
26669,237,0.00,256
26670,238,0.00,256
26671,239,0.00,256
26672,240,0.00,256
26673,241,41.67,256
26674,242,0.00,256
26675,243,0.00,256
26676,244,0.00,256
26677,245,0.00,256
26678,246,0.00,256
26679,247,0.00,256
26680,248,0.00,256
26681,249,0.00,256
26682,250,0.00,256
26683,251,0.00,256
26684,252,0.00,256
26685,253,0.00,256
26686,254,0.00,256
26687,255,0.00,256
26688,0,0.00,256
26689,1,0.00,256
26690,2,0.00,256
26691,3,0.00,256
26692,4,0.00,256
26693,5,0.00,256
26694,6,0.00,256
26695,7,0.00,256
26696,8,0.00,256
26697,9,0.00,256
26698,10,0.00,256
26699,11,0.00,256
26700,12,0.00,256
26701,13,0.00,256
26702,14,0.00,256
26703,15,0.00,256
26704,16,0.00,256
26705,17,0.00,256
26706,18,41.67,256
26707,19,0.00,256
26708,20,0.00,256
26709,21,0.00,256
26710,22,0.00,256
26711,23,0.00,256
26712,24,0.00,256
26713,25,0.00,256
26714,26,0.00,256
26715,27,0.00,256
26716,28,0.00,256
26717,29,0.00,256
26718,30,0.00,256
26719,31,0.00,256
26720,32,0.00,256
26721,33,0.00,256
26722,34,0.00,256
26723,35,0.00,256
26724,36,0.00,256
26725,37,0.00,256
26726,38,0.00,256
26727,39,0.00,256
26728,40,0.00,256
26729,41,0.00,256
26730,42,0.00,256
26731,43,0.00,256
26732,44,0.00,256
26733,45,0.00,256
26734,46,0.00,256
26735,47,0.00,256
26736,48,0.00,256
26737,49,0.00,256
26738,50,0.00,256
26739,51,0.00,256
26740,52,0.00,256
26741,53,0.00,256
26742,54,0.00,256
26743,55,0.00,256
26744,56,0.00,256
26745,57,0.00,256
26746,58,0.00,256
26747,59,0.00,256
26748,60,0.00,256
26749,61,0.00,256
26750,62,0.00,256
26751,63,0.00,256
26752,64,0.00,256
26753,65,0.00,256
26754,66,0.00,256
26755,67,0.00,256
26756,68,0.00,256
26757,69,0.00,256
26758,70,0.00,256
26759,71,0.00,256
26760,72,0.00,256
26761,73,0.00,256
26762,74,0.00,256
26763,75,0.00,256
26764,76,0.00,256
26765,77,0.00,256
26766,78,0.00,256
26767,79,0.00,256
26768,80,0.00,256
26769,81,0.00,256
26770,82,0.00,256
26771,83,0.00,256
26772,84,0.00,256
26773,85,0.00,256
26774,86,0.00,256
26775,87,0.00,256
26776,88,0.00,256
26777,89,0.00,256
26778,90,0.00,256
26779,91,0.00,256
26780,92,0.00,256
26781,93,0.00,256
26782,94,0.00,256
26783,95,0.00,256
26784,96,0.00,256
26785,97,0.00,256
26786,98,0.00,256
26787,99,0.00,256
26788,100,0.00,256
26789,101,0.00,256
26790,102,0.00,256
26791,103,0.00,256
26792,104,0.00,256
26793,105,0.00,256
26794,106,0.00,256
26795,107,0.00,256
26796,108,0.00,256
26797,109,0.00,256
26798,110,0.00,256
26799,111,0.00,256
26800,112,0.00,256
26801,113,0.00,256
26802,114,0.00,256
26803,115,0.00,256
26804,116,0.00,256
26805,117,0.00,256
26806,118,0.00,256
26807,119,0.00,256
26808,120,0.00,256
26809,121,0.00,256
26810,122,0.00,256
26811,123,0.00,256
26812,124,0.00,256
26813,125,0.00,256
26814,126,0.00,256
26815,127,0.00,256
26816,128,0.00,256
26817,129,0.00,256
26818,130,0.00,256
26819,131,0.00,256
26820,132,0.00,256
26821,133,0.00,256
26822,134,0.00,256
26823,135,0.00,256
26824,136,0.00,256
26825,137,0.00,256
26826,138,0.00,256
26827,139,0.00,256
26828,140,0.00,256
26829,141,0.00,256
26830,142,0.00,256
26831,143,0.00,256
26832,144,0.00,256
26833,145,0.00,256
26834,146,0.00,256
26835,147,0.00,256
26836,148,0.00,256
26837,149,0.00,256
26838,150,0.00,256
26839,151,0.00,256
26840,152,0.00,256
26841,153,0.00,256
26842,154,0.00,256
26843,155,0.00,256
26844,156,0.00,256
26845,157,0.00,256
26846,158,0.00,256
26847,159,0.00,256
26848,160,0.00,256
26849,161,0.00,256
26850,162,0.00,256
26851,163,0.00,256
26852,164,0.00,256
26853,165,0.00,256
26854,166,0.00,256
26855,167,0.00,256
26856,168,0.00,256
26857,169,0.00,256
26858,170,0.00,256
26859,171,0.00,256
26860,172,41.67,256
26861,173,0.00,256
26862,174,0.00,256
26863,175,0.00,256
26864,176,0.00,256
26865,177,0.00,256
26866,178,0.00,256
26867,179,0.00,256
26868,180,41.67,256
26869,181,0.00,256
26870,182,0.00,256
26871,183,0.00,256
26872,184,0.00,256
26873,185,0.00,256
26874,186,0.00,256
26875,187,0.00,256
26876,188,0.00,256
26877,189,0.00,256
26878,190,0.00,256
26879,191,0.00,256
26880,192,0.00,256
26881,193,0.00,256
26882,194,0.00,256
26883,195,0.00,256
26884,196,0.00,256
26885,197,0.00,256
26886,198,0.00,256
26887,199,0.00,256
26888,200,0.00,256
26889,201,0.00,256
26890,202,0.00,256
26891,203,0.00,256
26892,204,0.00,256
26893,205,0.00,256
26894,206,0.00,256
26895,207,0.00,256
26896,208,0.00,256
26897,209,0.00,256
26898,210,0.00,256
26899,211,0.00,256
26900,212,0.00,256
26901,213,0.00,256
26902,214,0.00,256
26903,215,0.00,256
26904,216,0.00,256
26905,217,0.00,256
26906,218,0.00,256
26907,219,0.00,256
26908,220,0.00,256
26909,221,0.00,256
26910,222,0.00,256
26911,223,0.00,256
26912,224,0.00,256
26913,225,0.00,256
26914,226,0.00,256
26915,227,0.00,256
26916,228,0.00,256
26917,229,0.00,256
26918,230,0.00,256
26919,231,0.00,256
26920,232,0.00,256
26921,233,0.00,256
26922,234,0.00,256
26923,235,0.00,256
26924,236,0.00,256
26925,237,0.00,256
26926,238,0.00,256
26927,239,0.00,256
26928,240,0.00,256
26929,241,0.00,256
26930,242,0.00,256
26931,243,0.00,256
26932,244,0.00,256
26933,245,0.00,256
26934,246,0.00,256
26935,247,0.00,256
26936,248,0.00,256
26937,249,0.00,256
26938,250,0.00,256
26939,251,0.00,256
26940,252,0.00,256
26941,253,0.00,256
26942,254,0.00,256
26943,255,0.00,256
26944,0,0.00,256
26945,1,0.00,256
26946,2,0.00,256
26947,3,0.00,256
26948,4,0.00,256
26949,5,0.00,256
26950,6,0.00,256
26951,7,0.00,256
26952,8,0.00,256
26953,9,0.00,256
26954,10,0.00,256
26955,11,0.00,256
26956,12,0.00,256
26957,13,0.00,256
26958,14,0.00,256
26959,15,0.00,256
26960,16,0.00,256
26961,17,0.00,256
26962,18,0.00,256
26963,19,0.00,256
26964,20,0.00,256
26965,21,0.00,256
26966,22,0.00,256
26967,23,0.00,256
26968,24,0.00,256
26969,25,0.00,256
26970,26,0.00,256
26971,27,0.00,256
26972,28,0.00,256
26973,29,0.00,256
26974,30,0.00,256
26975,31,0.00,256
26976,32,0.00,256
26977,33,0.00,256
26978,34,0.00,256
26979,35,0.00,256
26980,36,0.00,256
26981,37,0.00,256
26982,38,0.00,256
26983,39,0.00,256
26984,40,0.00,256
26985,41,0.00,256
26986,42,0.00,256
26987,43,0.00,256
26988,44,0.00,256
26989,45,0.00,256
26990,46,0.00,256
26991,47,0.00,256
26992,48,0.00,256
26993,49,0.00,256
26994,50,0.00,256
26995,51,0.00,256
26996,52,0.00,256
26997,53,0.00,256
26998,54,0.00,256
26999,55,0.00,256
27000,56,0.00,256
27001,57,0.00,256
27002,58,0.00,256
27003,59,0.00,256
27004,60,0.00,256
27005,61,0.00,256
27006,62,0.00,256
27007,63,0.00,256
27008,64,0.00,256
27009,65,0.00,256
27010,66,0.00,256
27011,67,0.00,256
27012,68,0.00,256
27013,69,0.00,256
27014,70,0.00,256
27015,71,0.00,256
27016,72,0.00,256
27017,73,0.00,256
27018,74,0.00,256
27019,75,0.00,256
27020,76,0.00,256
27021,77,0.00,256
27022,78,0.00,256
27023,79,0.00,256
27024,80,0.00,256
27025,81,0.00,256
27026,82,0.00,256
27027,83,0.00,256
27028,84,0.00,256
27029,85,0.00,256
27030,86,0.00,256
27031,87,0.00,256
27032,88,0.00,256
27033,89,0.00,256
27034,90,0.00,256
27035,91,0.00,256
27036,92,0.00,256
27037,93,0.00,256
27038,94,0.00,256
27039,95,0.00,256
27040,96,0.00,256
27041,97,0.00,256
27042,98,0.00,256
27043,99,0.00,256
27044,100,0.00,256
27045,101,0.00,256
27046,102,0.00,256
27047,103,0.00,256
27048,104,0.00,256
27049,105,0.00,256
27050,106,0.00,256
27051,107,0.00,256
27052,108,0.00,256
27053,109,0.00,256
27054,110,0.00,256
27055,111,0.00,256
27056,112,0.00,256
27057,113,0.00,256
27058,114,0.00,256
27059,115,0.00,256
27060,116,0.00,256
27061,117,0.00,256
27062,118,0.00,256
27063,119,0.00,256
27064,120,0.00,256
27065,121,0.00,256
27066,122,0.00,256
27067,123,0.00,256
27068,124,0.00,256
27069,125,0.00,256
27070,126,0.00,256
27071,127,0.00,256
27072,128,0.00,256
27073,129,0.00,256
27074,130,0.00,256
27075,131,0.00,256
27076,132,0.00,256
27077,133,0.00,256
27078,134,0.00,256
27079,135,0.00,256
27080,136,0.00,256
27081,137,0.00,256
27082,138,0.00,256
27083,139,0.00,256
27084,140,0.00,256
27085,141,0.00,256
27086,142,0.00,256
27087,143,0.00,256
27088,144,0.00,256
27089,145,0.00,256
27090,146,0.00,256
27091,147,0.00,256
27092,148,0.00,256
27093,149,0.00,256
27094,150,0.00,256
27095,151,0.00,256
27096,152,0.00,256
27097,153,0.00,256
27098,154,0.00,256
27099,155,0.00,256
27100,156,0.00,256
27101,157,0.00,256
27102,158,0.00,256
27103,159,0.00,256
27104,160,0.00,256
27105,161,0.00,256
27106,162,0.00,256
27107,163,0.00,256
27108,164,0.00,256
27109,165,0.00,256
27110,166,0.00,256
27111,167,0.00,256
27112,168,0.00,256
27113,169,0.00,256
27114,170,0.00,256
27115,171,0.00,256
27116,172,0.00,256
27117,173,0.00,256
27118,174,0.00,256
27119,175,0.00,256
27120,176,0.00,256
27121,177,0.00,256
27122,178,0.00,256
27123,179,0.00,256
27124,180,0.00,256
27125,181,0.00,256
27126,182,0.00,256
27127,183,0.00,256
27128,184,0.00,256
27129,185,0.00,256
27130,186,0.00,256
27131,187,41.67,256
27132,188,0.00,256
27133,189,0.00,256
27134,190,0.00,256
27135,191,0.00,256
27136,192,0.00,256
27137,193,0.00,256
27138,194,0.00,256
27139,195,0.00,256
27140,196,0.00,256
27141,197,0.00,256
27142,198,0.00,256
27143,199,0.00,256
27144,200,0.00,256
27145,201,0.00,256
27146,202,0.00,256
27147,203,0.00,256
27148,204,0.00,256
27149,205,0.00,256
27150,206,0.00,256
27151,207,0.00,256
27152,208,0.00,256
27153,209,0.00,256
27154,210,0.00,256
27155,211,0.00,256
27156,212,0.00,256
27157,213,0.00,256
27158,214,0.00,256
27159,215,0.00,256
27160,216,0.00,256
27161,217,0.00,256
27162,218,0.00,256
27163,219,0.00,256
27164,220,0.00,256
27165,221,0.00,256
27166,222,0.00,256
27167,223,0.00,256
27168,224,0.00,256
27169,225,0.00,256
27170,226,0.00,256
27171,227,0.00,256
27172,228,0.00,256
27173,229,0.00,256
27174,230,0.00,256
27175,231,0.00,256
27176,232,0.00,256
27177,233,0.00,256
27178,234,0.00,256
27179,235,0.00,256
27180,236,0.00,256
27181,237,0.00,256
27182,238,0.00,256
27183,239,0.00,256
27184,240,0.00,256
27185,241,0.00,256
27186,242,0.00,256
27187,243,0.00,256
27188,244,0.00,256
27189,245,0.00,256
27190,246,0.00,256
27191,247,0.00,256
27192,248,0.00,256
27193,249,0.00,256
27194,250,0.00,256
27195,251,0.00,256
27196,252,0.00,256
27197,253,0.00,256
27198,254,0.00,256
27199,255,0.00,256
27200,0,0.00,256
27201,1,0.00,256
27202,2,0.00,256
27203,3,0.00,256
27204,4,0.00,256
27205,5,0.00,256
27206,6,0.00,256
27207,7,0.00,256
27208,8,0.00,256
27209,9,0.00,256
27210,10,0.00,256
27211,11,0.00,256
27212,12,0.00,256
27213,13,0.00,256
27214,14,0.00,256
27215,15,0.00,256
27216,16,0.00,256
27217,17,0.00,256
27218,18,0.00,256
27219,19,0.00,256
27220,20,0.00,256
27221,21,0.00,256
27222,22,0.00,256
27223,23,0.00,256
27224,24,0.00,256
27225,25,0.00,256
27226,26,0.00,256
27227,27,0.00,256
27228,28,0.00,256
27229,29,0.00,256
27230,30,0.00,256
27231,31,0.00,256
27232,32,0.00,256
27233,33,0.00,256
27234,34,0.00,256
27235,35,0.00,256
27236,36,0.00,256
27237,37,0.00,256
27238,38,0.00,256
27239,39,0.00,256
27240,40,0.00,256
27241,41,0.00,256
27242,42,0.00,256
27243,43,0.00,256
27244,44,0.00,256
27245,45,0.00,256
27246,46,0.00,256
27247,47,0.00,256
27248,48,0.00,256
27249,49,0.00,256
27250,50,0.00,256
27251,51,0.00,256
27252,52,0.00,256
27253,53,0.00,256
27254,54,0.00,256
27255,55,0.00,256
27256,56,0.00,256
27257,57,0.00,256
27258,58,0.00,256
27259,59,0.00,256
27260,60,0.00,256
27261,61,0.00,256
27262,62,0.00,256
27263,63,0.00,256
27264,64,0.00,256
27265,65,0.00,256
27266,66,0.00,256
27267,67,0.00,256
27268,68,0.00,256
27269,69,0.00,256
27270,70,0.00,256
27271,71,0.00,256
27272,72,0.00,256
27273,73,0.00,256
27274,74,0.00,256
27275,75,0.00,256
27276,76,0.00,256
27277,77,0.00,256
27278,78,0.00,256
27279,79,0.00,256
27280,80,0.00,256
27281,81,0.00,256
27282,82,0.00,256
27283,83,0.00,256
27284,84,0.00,256
27285,85,0.00,256
27286,86,0.00,256
27287,87,0.00,256
27288,88,0.00,256
27289,89,0.00,256
27290,90,0.00,256
27291,91,0.00,256
27292,92,41.67,256
27293,93,0.00,256
27294,94,0.00,256
27295,95,0.00,256
27296,96,0.00,256
27297,97,0.00,256
27298,98,0.00,256
27299,99,0.00,256
27300,100,0.00,256
27301,101,0.00,256
27302,102,0.00,256
27303,103,0.00,256
27304,104,0.00,256
27305,105,0.00,256
27306,106,0.00,256
27307,107,0.00,256
27308,108,0.00,256
27309,109,0.00,256
27310,110,0.00,256
27311,111,0.00,256
27312,112,0.00,256
27313,113,0.00,256
27314,114,0.00,256
27315,115,0.00,256
27316,116,0.00,256
27317,117,0.00,256
27318,118,0.00,256
27319,119,0.00,256
27320,120,0.00,256
27321,121,0.00,256
27322,122,0.00,256
27323,123,0.00,256
27324,124,0.00,256
27325,125,0.00,256
27326,126,0.00,256
27327,127,0.00,256
27328,128,0.00,256
27329,129,0.00,256
27330,130,0.00,256
27331,131,0.00,256
27332,132,0.00,256
27333,133,0.00,256
27334,134,0.00,256
27335,135,0.00,256
27336,136,0.00,256
27337,137,0.00,256
27338,138,0.00,256
27339,139,0.00,256
27340,140,0.00,256
27341,141,0.00,256
27342,142,0.00,256
27343,143,0.00,256
27344,144,0.00,256
27345,145,0.00,256
27346,146,0.00,256
27347,147,0.00,256
27348,148,0.00,256
27349,149,0.00,256
27350,150,0.00,256
27351,151,0.00,256
27352,152,0.00,256
27353,153,0.00,256
27354,154,0.00,256
27355,155,0.00,256
27356,156,0.00,256
27357,157,0.00,256
27358,158,0.00,256
27359,159,0.00,256
27360,160,0.00,256
27361,161,0.00,256
27362,162,0.00,256
27363,163,0.00,256
27364,164,0.00,256
27365,165,0.00,256
27366,166,0.00,256
27367,167,0.00,256
27368,168,0.00,256
27369,169,0.00,256
27370,170,0.00,256
27371,171,0.00,256
27372,172,0.00,256
27373,173,0.00,256
27374,174,0.00,256
27375,175,0.00,256
27376,176,0.00,256
27377,177,0.00,256
27378,178,0.00,256
27379,179,0.00,256
27380,180,0.00,256
27381,181,0.00,256
27382,182,0.00,256
27383,183,0.00,256
27384,184,0.00,256
27385,185,0.00,256
27386,186,0.00,256
27387,187,0.00,256
27388,188,0.00,256
27389,189,0.00,256
27390,190,0.00,256
27391,191,0.00,256
27392,192,0.00,256
27393,193,0.00,256
27394,194,0.00,256
27395,195,0.00,256
27396,196,0.00,256
27397,197,0.00,256
27398,198,0.00,256
27399,199,0.00,256
27400,200,0.00,256
27401,201,0.00,256
27402,202,0.00,256
27403,203,0.00,256
27404,204,0.00,256
27405,205,0.00,256
27406,206,0.00,256
27407,207,0.00,256
27408,208,0.00,256
27409,209,0.00,256
27410,210,0.00,256
27411,211,0.00,256
27412,212,0.00,256
27413,213,0.00,256
27414,214,0.00,256
27415,215,0.00,256
27416,216,0.00,256
27417,217,0.00,256
27418,218,0.00,256
27419,219,0.00,256
27420,220,0.00,256
27421,221,0.00,256
27422,222,0.00,256
27423,223,0.00,256
27424,224,0.00,256
27425,225,0.00,256
27426,226,0.00,256
27427,227,0.00,256
27428,228,0.00,256
27429,229,0.00,256
27430,230,0.00,256
27431,231,0.00,256
27432,232,0.00,256
27433,233,0.00,256
27434,234,0.00,256
27435,235,0.00,256
27436,236,0.00,256
27437,237,0.00,256
27438,238,0.00,256
27439,239,0.00,256
27440,240,0.00,256
27441,241,0.00,256
27442,242,0.00,256
27443,243,0.00,256
27444,244,0.00,256
27445,245,41.67,256
27446,246,0.00,256
27447,247,0.00,256
27448,248,0.00,256
27449,249,0.00,256
27450,250,0.00,256
27451,251,0.00,256
27452,252,0.00,256
27453,253,0.00,256
27454,254,0.00,256
27455,255,0.00,256
27456,0,0.00,256
27457,1,0.00,256
27458,2,0.00,256
27459,3,0.00,256
27460,4,0.00,256
27461,5,0.00,256
27462,6,0.00,256
27463,7,0.00,256
27464,8,0.00,256
27465,9,0.00,256
27466,10,0.00,256
27467,11,0.00,256
27468,12,0.00,256
27469,13,0.00,256
27470,14,0.00,256
27471,15,0.00,256
27472,16,0.00,256
27473,17,0.00,256
27474,18,0.00,256
27475,19,0.00,256
27476,20,0.00,256
27477,21,0.00,256
27478,22,0.00,256
27479,23,0.00,256
27480,24,0.00,256
27481,25,0.00,256
27482,26,0.00,256
27483,27,0.00,256
27484,28,0.00,256
27485,29,0.00,256
27486,30,0.00,256
27487,31,0.00,256
27488,32,0.00,256
27489,33,0.00,256
27490,34,0.00,256
27491,35,0.00,256
27492,36,0.00,256
27493,37,0.00,256
27494,38,0.00,256
27495,39,0.00,256
27496,40,0.00,256
27497,41,0.00,256
27498,42,0.00,256
27499,43,0.00,256
27500,44,0.00,256
27501,45,0.00,256
27502,46,0.00,256
27503,47,0.00,256
27504,48,0.00,256
27505,49,0.00,256
27506,50,0.00,256
27507,51,0.00,256
27508,52,41.67,256
27509,53,0.00,256
27510,54,41.67,256
27511,55,0.00,256
27512,56,0.00,256
27513,57,0.00,256
27514,58,0.00,256
27515,59,0.00,256
27516,60,0.00,256
27517,61,0.00,256
27518,62,0.00,256
27519,63,0.00,256
27520,64,0.00,256
27521,65,0.00,256
27522,66,0.00,256
27523,67,0.00,256
27524,68,0.00,256
27525,69,0.00,256
27526,70,0.00,256
27527,71,0.00,256
27528,72,0.00,256
27529,73,0.00,256
27530,74,0.00,256
27531,75,0.00,256
27532,76,0.00,256
27533,77,0.00,256
27534,78,0.00,256
27535,79,0.00,256
27536,80,0.00,256
27537,81,0.00,256
27538,82,0.00,256
27539,83,0.00,256
27540,84,0.00,256
27541,85,0.00,256
27542,86,0.00,256
27543,87,0.00,256
27544,88,0.00,256
27545,89,0.00,256
27546,90,0.00,256
27547,91,0.00,256
27548,92,0.00,256
27549,93,0.00,256
27550,94,0.00,256
27551,95,41.67,256
27552,96,0.00,256
27553,97,0.00,256
27554,98,0.00,256
27555,99,0.00,256
27556,100,0.00,256
27557,101,0.00,256
27558,102,0.00,256
27559,103,0.00,256
27560,104,0.00,256
27561,105,0.00,256
27562,106,0.00,256
27563,107,0.00,256
27564,108,0.00,256
27565,109,0.00,256
27566,110,0.00,256
27567,111,0.00,256
27568,112,0.00,256
27569,113,0.00,256
27570,114,0.00,256
27571,115,0.00,256
27572,116,0.00,256
27573,117,0.00,256
27574,118,0.00,256
27575,119,0.00,256
27576,120,0.00,256
27577,121,0.00,256
27578,122,0.00,256
27579,123,0.00,256
27580,124,0.00,256
27581,125,0.00,256
27582,126,0.00,256
27583,127,0.00,256
27584,128,0.00,256
27585,129,0.00,256
27586,130,0.00,256
27587,131,0.00,256
27588,132,0.00,256
27589,133,0.00,256
27590,134,0.00,256
27591,135,0.00,256
27592,136,0.00,256
27593,137,0.00,256
27594,138,0.00,256
27595,139,0.00,256
27596,140,0.00,256
27597,141,0.00,256
27598,142,0.00,256
27599,143,0.00,256
27600,144,0.00,256
27601,145,0.00,256
27602,146,0.00,256
27603,147,0.00,256
27604,148,0.00,256
27605,149,0.00,256
27606,150,0.00,256
27607,151,0.00,256
27608,152,0.00,256
27609,153,0.00,256
27610,154,0.00,256
27611,155,0.00,256
27612,156,0.00,256
27613,157,0.00,256
27614,158,0.00,256
27615,159,0.00,256
27616,160,0.00,256
27617,161,0.00,256
27618,162,0.00,256
27619,163,0.00,256
27620,164,0.00,256
27621,165,0.00,256
27622,166,0.00,256
27623,167,0.00,256
27624,168,0.00,256
27625,169,0.00,256
27626,170,0.00,256
27627,171,0.00,256
27628,172,0.00,256
27629,173,0.00,256
27630,174,0.00,256
27631,175,0.00,256
27632,176,0.00,256
27633,177,0.00,256
27634,178,0.00,256
27635,179,0.00,256
27636,180,0.00,256
27637,181,0.00,256
27638,182,0.00,256
27639,183,0.00,256
27640,184,0.00,256
27641,185,0.00,256
27642,186,0.00,256
27643,187,0.00,256
27644,188,0.00,256
27645,189,0.00,256
27646,190,0.00,256
27647,191,0.00,256
27648,192,0.00,256
27649,193,0.00,256
27650,194,0.00,256
27651,195,0.00,256
27652,196,0.00,256
27653,197,0.00,256
27654,198,0.00,256
27655,199,0.00,256
27656,200,0.00,256
27657,201,0.00,256
27658,202,0.00,256
27659,203,0.00,256
27660,204,0.00,256
27661,205,0.00,256
27662,206,0.00,256
27663,207,0.00,256
27664,208,0.00,256
27665,209,0.00,256
27666,210,0.00,256
27667,211,0.00,256
27668,212,0.00,256
27669,213,0.00,256
27670,214,0.00,256
27671,215,0.00,256
27672,216,0.00,256
27673,217,0.00,256
27674,218,0.00,256
27675,219,0.00,256
27676,220,0.00,256
27677,221,0.00,256
27678,222,0.00,256
27679,223,0.00,256
27680,224,0.00,256
27681,225,0.00,256
27682,226,0.00,256
27683,227,0.00,256
27684,228,0.00,256
27685,229,0.00,256
27686,230,0.00,256
27687,231,0.00,256
27688,232,0.00,256
27689,233,0.00,256
27690,234,0.00,256
27691,235,0.00,256
27692,236,0.00,256
27693,237,0.00,256
27694,238,0.00,256
27695,239,0.00,256
27696,240,0.00,256
27697,241,0.00,256
27698,242,0.00,256
27699,243,0.00,256
27700,244,0.00,256
27701,245,0.00,256
27702,246,0.00,256
27703,247,41.67,256
27704,248,0.00,256
27705,249,0.00,256
27706,250,0.00,256
27707,251,0.00,256
27708,252,0.00,256
27709,253,0.00,256
27710,254,0.00,256
27711,255,0.00,256
27712,0,0.00,256
27713,1,0.00,256
27714,2,0.00,256
27715,3,0.00,256
27716,4,0.00,256
27717,5,0.00,256
27718,6,41.67,256
27719,7,0.00,256
27720,8,0.00,256
27721,9,0.00,256
27722,10,0.00,256
27723,11,0.00,256
27724,12,0.00,256
27725,13,0.00,256
27726,14,0.00,256
27727,15,0.00,256
27728,16,0.00,256
27729,17,0.00,256
27730,18,0.00,256
27731,19,0.00,256
27732,20,0.00,256
27733,21,0.00,256
27734,22,0.00,256
27735,23,0.00,256
27736,24,0.00,256
27737,25,0.00,256
27738,26,0.00,256
27739,27,0.00,256
27740,28,0.00,256
27741,29,0.00,256
27742,30,0.00,256
27743,31,0.00,256
27744,32,0.00,256
27745,33,0.00,256
27746,34,0.00,256
27747,35,0.00,256
27748,36,0.00,256
27749,37,0.00,256
27750,38,0.00,256
27751,39,0.00,256
27752,40,0.00,256
27753,41,0.00,256
27754,42,0.00,256
27755,43,0.00,256
27756,44,0.00,256
27757,45,0.00,256
27758,46,0.00,256
27759,47,0.00,256
27760,48,0.00,256
27761,49,0.00,256
27762,50,0.00,256
27763,51,0.00,256
27764,52,0.00,256
27765,53,0.00,256
27766,54,0.00,256
27767,55,0.00,256
27768,56,0.00,256
27769,57,0.00,256
27770,58,0.00,256
27771,59,0.00,256
27772,60,0.00,256
27773,61,0.00,256
27774,62,0.00,256
27775,63,0.00,256
27776,64,0.00,256
27777,65,0.00,256
27778,66,0.00,256
27779,67,0.00,256
27780,68,0.00,256
27781,69,0.00,256
27782,70,0.00,256
27783,71,0.00,256
27784,72,0.00,256
27785,73,0.00,256
27786,74,0.00,256
27787,75,0.00,256
27788,76,0.00,256
27789,77,0.00,256
27790,78,0.00,256
27791,79,0.00,256
27792,80,0.00,256
27793,81,0.00,256
27794,82,0.00,256
27795,83,0.00,256
27796,84,0.00,256
27797,85,0.00,256
27798,86,0.00,256
27799,87,0.00,256
27800,88,0.00,256
27801,89,0.00,256
27802,90,0.00,256
27803,91,0.00,256
27804,92,0.00,256
27805,93,0.00,256
27806,94,0.00,256
27807,95,0.00,256
27808,96,0.00,256
27809,97,0.00,256
27810,98,0.00,256
27811,99,0.00,256
27812,100,0.00,256
27813,101,0.00,256
27814,102,0.00,256
27815,103,0.00,256
27816,104,0.00,256
27817,105,0.00,256
27818,106,0.00,256
27819,107,0.00,256
27820,108,0.00,256
27821,109,0.00,256
27822,110,0.00,256
27823,111,0.00,256
27824,112,0.00,256
27825,113,0.00,256
27826,114,0.00,256
27827,115,0.00,256
27828,116,0.00,256
27829,117,0.00,256
27830,118,0.00,256
27831,119,0.00,256
27832,120,0.00,256
27833,121,0.00,256
27834,122,0.00,256
27835,123,0.00,256
27836,124,0.00,256
27837,125,0.00,256
27838,126,0.00,256
27839,127,0.00,256
27840,128,0.00,256
27841,129,0.00,256
27842,130,0.00,256
27843,131,0.00,256
27844,132,0.00,256
27845,133,0.00,256
27846,134,0.00,256
27847,135,0.00,256
27848,136,0.00,256
27849,137,0.00,256
27850,138,0.00,256
27851,139,0.00,256
27852,140,0.00,256
27853,141,0.00,256
27854,142,0.00,256
27855,143,0.00,256
27856,144,0.00,256
27857,145,0.00,256
27858,146,0.00,256
27859,147,0.00,256
27860,148,0.00,256
27861,149,0.00,256
27862,150,0.00,256
27863,151,0.00,256
27864,152,0.00,256
27865,153,0.00,256
27866,154,0.00,256
27867,155,0.00,256
27868,156,0.00,256
27869,157,0.00,256
27870,158,0.00,256
27871,159,0.00,256
27872,160,0.00,256
27873,161,0.00,256
27874,162,0.00,256
27875,163,0.00,256
27876,164,0.00,256
27877,165,0.00,256
27878,166,0.00,256
27879,167,0.00,256
27880,168,0.00,256
27881,169,0.00,256
27882,170,0.00,256
27883,171,0.00,256
27884,172,0.00,256
27885,173,0.00,256
27886,174,0.00,256
27887,175,0.00,256
27888,176,0.00,256
27889,177,0.00,256
27890,178,0.00,256
27891,179,0.00,256
27892,180,0.00,256
27893,181,0.00,256
27894,182,0.00,256
27895,183,0.00,256
27896,184,0.00,256
27897,185,0.00,256
27898,186,0.00,256
27899,187,0.00,256
27900,188,0.00,256
27901,189,0.00,256
27902,190,0.00,256
27903,191,0.00,256
27904,192,0.00,256
27905,193,0.00,256
27906,194,0.00,256
27907,195,0.00,256
27908,196,0.00,256
27909,197,0.00,256
27910,198,0.00,256
27911,199,0.00,256
27912,200,0.00,256
27913,201,0.00,256
27914,202,0.00,256
27915,203,0.00,256
27916,204,0.00,256
27917,205,0.00,256
27918,206,0.00,256
27919,207,0.00,256
27920,208,0.00,256
27921,209,0.00,256
27922,210,0.00,256
27923,211,0.00,256
27924,212,0.00,256
27925,213,0.00,256
27926,214,0.00,256
27927,215,0.00,256
27928,216,0.00,256
27929,217,0.00,256
27930,218,0.00,256
27931,219,0.00,256
27932,220,0.00,256
27933,221,0.00,256
27934,222,0.00,256
27935,223,0.00,256
27936,224,0.00,256
27937,225,0.00,256
27938,226,0.00,256
27939,227,0.00,256
27940,228,0.00,256
27941,229,0.00,256
27942,230,0.00,256
27943,231,0.00,256
27944,232,0.00,256
27945,233,0.00,256
27946,234,0.00,256
27947,235,0.00,256
27948,236,0.00,256
27949,237,0.00,256
27950,238,0.00,256
27951,239,0.00,256
27952,240,0.00,256
27953,241,0.00,256
27954,242,0.00,256
27955,243,0.00,256
27956,244,0.00,256
27957,245,0.00,256
27958,246,0.00,256
27959,247,0.00,256
27960,248,0.00,256
27961,249,0.00,256
27962,250,0.00,256
27963,251,0.00,256
27964,252,0.00,256
27965,253,0.00,256
27966,254,0.00,256
27967,255,0.00,256
27968,0,0.00,256
27969,1,0.00,256
27970,2,0.00,256
27971,3,0.00,256
27972,4,0.00,256
27973,5,0.00,256
27974,6,0.00,256
27975,7,0.00,256
27976,8,0.00,256
27977,9,0.00,256
27978,10,0.00,256
27979,11,0.00,256
27980,12,0.00,256
27981,13,0.00,256
27982,14,0.00,256
27983,15,0.00,256
27984,16,0.00,256
27985,17,0.00,256
27986,18,0.00,256
27987,19,0.00,256
27988,20,0.00,256
27989,21,0.00,256
27990,22,0.00,256
27991,23,0.00,256
27992,24,0.00,256
27993,25,0.00,256
27994,26,0.00,256
27995,27,0.00,256
27996,28,0.00,256
27997,29,0.00,256
27998,30,0.00,256
27999,31,0.00,256
28000,32,0.00,256
28001,33,0.00,256
28002,34,0.00,256
28003,35,0.00,256
28004,36,0.00,256
28005,37,0.00,256
28006,38,0.00,256
28007,39,0.00,256
28008,40,0.00,256
28009,41,0.00,256
28010,42,0.00,256
28011,43,0.00,256
28012,44,0.00,256
28013,45,0.00,256
28014,46,41.67,256
28015,47,0.00,256
28016,48,0.00,256
28017,49,0.00,256
28018,50,0.00,256
28019,51,0.00,256
28020,52,0.00,256
28021,53,0.00,256
28022,54,0.00,256
28023,55,0.00,256
28024,56,0.00,256
28025,57,0.00,256
28026,58,0.00,256
28027,59,0.00,256
28028,60,0.00,256
28029,61,0.00,256
28030,62,0.00,256
28031,63,0.00,256
28032,64,0.00,256
28033,65,0.00,256
28034,66,0.00,256
28035,67,0.00,256
28036,68,0.00,256
28037,69,0.00,256
28038,70,0.00,256
28039,71,0.00,256
28040,72,0.00,256
28041,73,0.00,256
28042,74,0.00,256
28043,75,0.00,256
28044,76,0.00,256
28045,77,0.00,256
28046,78,0.00,256
28047,79,0.00,256
28048,80,0.00,256
28049,81,0.00,256
28050,82,0.00,256
28051,83,0.00,256
28052,84,0.00,256
28053,85,0.00,256
28054,86,0.00,256
28055,87,0.00,256
28056,88,0.00,256
28057,89,0.00,256
28058,90,0.00,256
28059,91,0.00,256
28060,92,0.00,256
28061,93,0.00,256
28062,94,0.00,256
28063,95,0.00,256
28064,96,0.00,256
28065,97,0.00,256
28066,98,0.00,256
28067,99,0.00,256
28068,100,0.00,256
28069,101,0.00,256
28070,102,0.00,256
28071,103,0.00,256
28072,104,0.00,256
28073,105,0.00,256
28074,106,0.00,256
28075,107,0.00,256
28076,108,0.00,256
28077,109,0.00,256
28078,110,0.00,256
28079,111,0.00,256
28080,112,0.00,256
28081,113,0.00,256
28082,114,0.00,256
28083,115,0.00,256
28084,116,0.00,256
28085,117,0.00,256
28086,118,0.00,256
28087,119,0.00,256
28088,120,0.00,256
28089,121,0.00,256
28090,122,0.00,256
28091,123,0.00,256
28092,124,0.00,256
28093,125,0.00,256
28094,126,0.00,256
28095,127,0.00,256
28096,128,0.00,256
28097,129,0.00,256
28098,130,0.00,256
28099,131,0.00,256
28100,132,0.00,256
28101,133,0.00,256
28102,134,0.00,256
28103,135,0.00,256
28104,136,0.00,256
28105,137,0.00,256
28106,138,0.00,256
28107,139,0.00,256
28108,140,0.00,256
28109,141,0.00,256
28110,142,0.00,256
28111,143,0.00,256
28112,144,0.00,256
28113,145,0.00,256
28114,146,0.00,256
28115,147,0.00,256
28116,148,0.00,256
28117,149,0.00,256
28118,150,0.00,256
28119,151,0.00,256
28120,152,41.67,256
28121,153,41.67,256
28122,154,41.67,256
28123,155,0.00,256
28124,156,0.00,256
28125,157,0.00,256
28126,158,0.00,256
28127,159,0.00,256
28128,160,0.00,256
28129,161,0.00,256
28130,162,0.00,256
28131,163,0.00,256
28132,164,0.00,256
28133,165,0.00,256
28134,166,0.00,256
28135,167,0.00,256
28136,168,0.00,256
28137,169,0.00,256
28138,170,0.00,256
28139,171,0.00,256
28140,172,0.00,256
28141,173,0.00,256
28142,174,0.00,256
28143,175,0.00,256
28144,176,0.00,256
28145,177,0.00,256
28146,178,0.00,256
28147,179,0.00,256
28148,180,0.00,256
28149,181,0.00,256
28150,182,0.00,256
28151,183,0.00,256
28152,184,0.00,256
28153,185,0.00,256
28154,186,0.00,256
28155,187,0.00,256
28156,188,0.00,256
28157,189,0.00,256
28158,190,0.00,256
28159,191,0.00,256
28160,192,0.00,256
28161,193,0.00,256
28162,194,0.00,256
28163,195,0.00,256
28164,196,0.00,256
28165,197,0.00,256
28166,198,0.00,256
28167,199,0.00,256
28168,200,0.00,256
28169,201,0.00,256
28170,202,0.00,256
28171,203,0.00,256
28172,204,0.00,256
28173,205,0.00,256
28174,206,0.00,256
28175,207,0.00,256
28176,208,0.00,256
28177,209,0.00,256
28178,210,0.00,256
28179,211,0.00,256
28180,212,0.00,256
28181,213,0.00,256
28182,214,0.00,256
28183,215,0.00,256
28184,216,0.00,256
28185,217,0.00,256
28186,218,0.00,256
28187,219,0.00,256
28188,220,0.00,256
28189,221,0.00,256
28190,222,0.00,256
28191,223,0.00,256
28192,224,0.00,256
28193,225,0.00,256
28194,226,0.00,256
28195,227,0.00,256
28196,228,0.00,256
28197,229,0.00,256
28198,230,0.00,256
28199,231,0.00,256
28200,232,0.00,256
28201,233,0.00,256
28202,234,0.00,256
28203,235,0.00,256
28204,236,0.00,256
28205,237,0.00,256
28206,238,0.00,256
28207,239,0.00,256
28208,240,0.00,256
28209,241,0.00,256
28210,242,0.00,256
28211,243,0.00,256
28212,244,0.00,256
28213,245,0.00,256
28214,246,0.00,256
28215,247,0.00,256
28216,248,0.00,256
28217,249,0.00,256
28218,250,0.00,256
28219,251,0.00,256
28220,252,0.00,256
28221,253,0.00,256
28222,254,0.00,256
28223,255,0.00,256
28224,0,0.00,256
28225,1,0.00,256
28226,2,0.00,256
28227,3,0.00,256
28228,4,0.00,256
28229,5,0.00,256
28230,6,0.00,256
28231,7,0.00,256
28232,8,0.00,256
28233,9,0.00,256
28234,10,0.00,256
28235,11,0.00,256
28236,12,0.00,256
28237,13,0.00,256
28238,14,0.00,256
28239,15,0.00,256
28240,16,0.00,256
28241,17,0.00,256
28242,18,0.00,256
28243,19,0.00,256
28244,20,0.00,256
28245,21,0.00,256
28246,22,0.00,256
28247,23,0.00,256
28248,24,0.00,256
28249,25,0.00,256
28250,26,0.00,256
28251,27,0.00,256
28252,28,0.00,256
28253,29,0.00,256
28254,30,0.00,256
28255,31,0.00,256
28256,32,0.00,256
28257,33,0.00,256
28258,34,0.00,256
28259,35,0.00,256
28260,36,0.00,256
28261,37,0.00,256
28262,38,0.00,256
28263,39,0.00,256
28264,40,0.00,256
28265,41,0.00,256
28266,42,0.00,256
28267,43,0.00,256
28268,44,0.00,256
28269,45,0.00,256
28270,46,0.00,256
28271,47,0.00,256
28272,48,0.00,256
28273,49,0.00,256
28274,50,0.00,256
28275,51,0.00,256
28276,52,0.00,256
28277,53,0.00,256
28278,54,0.00,256
28279,55,0.00,256
28280,56,0.00,256
28281,57,0.00,256
28282,58,0.00,256
28283,59,0.00,256
28284,60,0.00,256
28285,61,0.00,256
28286,62,0.00,256
28287,63,0.00,256
28288,64,0.00,256
28289,65,0.00,256
28290,66,0.00,256
28291,67,0.00,256
28292,68,0.00,256
28293,69,0.00,256
28294,70,0.00,256
28295,71,0.00,256
28296,72,0.00,256
28297,73,0.00,256
28298,74,0.00,256
28299,75,0.00,256
28300,76,0.00,256
28301,77,0.00,256
28302,78,0.00,256
28303,79,0.00,256
28304,80,0.00,256
28305,81,0.00,256
28306,82,0.00,256
28307,83,0.00,256
28308,84,0.00,256
28309,85,0.00,256
28310,86,0.00,256
28311,87,0.00,256
28312,88,0.00,256
28313,89,0.00,256
28314,90,0.00,256
28315,91,0.00,256
28316,92,0.00,256
28317,93,0.00,256
28318,94,0.00,256
28319,95,0.00,256
28320,96,0.00,256
28321,97,0.00,256
28322,98,0.00,256
28323,99,0.00,256
28324,100,0.00,256
28325,101,0.00,256
28326,102,0.00,256
28327,103,0.00,256
28328,104,0.00,256
28329,105,0.00,256
28330,106,0.00,256
28331,107,0.00,256
28332,108,0.00,256
28333,109,0.00,256
28334,110,0.00,256
28335,111,0.00,256
28336,112,0.00,256
28337,113,0.00,256
28338,114,0.00,256
28339,115,0.00,256
28340,116,0.00,256
28341,117,0.00,256
28342,118,0.00,256
28343,119,0.00,256
28344,120,0.00,256
28345,121,0.00,256
28346,122,0.00,256
28347,123,0.00,256
28348,124,0.00,256
28349,125,0.00,256
28350,126,0.00,256
28351,127,0.00,256
28352,128,0.00,256
28353,129,0.00,256
28354,130,0.00,256
28355,131,0.00,256
28356,132,0.00,256
28357,133,0.00,256
28358,134,0.00,256
28359,135,0.00,256
28360,136,0.00,256
28361,137,0.00,256
28362,138,0.00,256
28363,139,0.00,256
28364,140,0.00,256
28365,141,0.00,256
28366,142,0.00,256
28367,143,0.00,256
28368,144,0.00,256
28369,145,0.00,256
28370,146,0.00,256
28371,147,0.00,256
28372,148,0.00,256
28373,149,0.00,256
28374,150,0.00,256
28375,151,0.00,256
28376,152,0.00,256
28377,153,0.00,256
28378,154,0.00,256
28379,155,0.00,256
28380,156,0.00,256
28381,157,0.00,256
28382,158,0.00,256
28383,159,0.00,256
28384,160,0.00,256
28385,161,0.00,256
28386,162,0.00,256
28387,163,0.00,256
28388,164,0.00,256
28389,165,0.00,256
28390,166,0.00,256
28391,167,0.00,256
28392,168,0.00,256
28393,169,0.00,256
28394,170,0.00,256
28395,171,0.00,256
28396,172,0.00,256
28397,173,0.00,256
28398,174,0.00,256
28399,175,0.00,256
28400,176,0.00,256
28401,177,0.00,256
28402,178,0.00,256
28403,179,0.00,256
28404,180,0.00,256
28405,181,0.00,256
28406,182,0.00,256
28407,183,0.00,256
28408,184,0.00,256
28409,185,0.00,256
28410,186,0.00,256
28411,187,0.00,256
28412,188,0.00,256
28413,189,0.00,256
28414,190,0.00,256
28415,191,0.00,256
28416,192,0.00,256
28417,193,0.00,256
28418,194,0.00,256
28419,195,0.00,256
28420,196,0.00,256
28421,197,0.00,256
28422,198,0.00,256
28423,199,0.00,256
28424,200,0.00,256
28425,201,0.00,256
28426,202,0.00,256
28427,203,0.00,256
28428,204,0.00,256
28429,205,0.00,256
28430,206,0.00,256
28431,207,0.00,256
28432,208,0.00,256
28433,209,0.00,256
28434,210,0.00,256
28435,211,0.00,256
28436,212,0.00,256
28437,213,0.00,256
28438,214,0.00,256
28439,215,0.00,256
28440,216,0.00,256
28441,217,0.00,256
28442,218,0.00,256
28443,219,0.00,256
28444,220,0.00,256
28445,221,0.00,256
28446,222,0.00,256
28447,223,0.00,256
28448,224,0.00,256
28449,225,0.00,256
28450,226,0.00,256
28451,227,0.00,256
28452,228,0.00,256
28453,229,0.00,256
28454,230,0.00,256
28455,231,0.00,256
28456,232,0.00,256
28457,233,0.00,256
28458,234,0.00,256
28459,235,0.00,256
28460,236,0.00,256
28461,237,0.00,256
28462,238,0.00,256
28463,239,0.00,256
28464,240,0.00,256
28465,241,0.00,256
28466,242,0.00,256
28467,243,0.00,256
28468,244,0.00,256
28469,245,0.00,256
28470,246,0.00,256
28471,247,0.00,256
28472,248,0.00,256
28473,249,0.00,256
28474,250,0.00,256
28475,251,0.00,256
28476,252,0.00,256
28477,253,0.00,256
28478,254,0.00,256
28479,255,0.00,256
28480,0,0.00,256
28481,1,0.00,256
28482,2,0.00,256
28483,3,0.00,256
28484,4,0.00,256
28485,5,0.00,256
28486,6,0.00,256
28487,7,0.00,256
28488,8,0.00,256
28489,9,0.00,256
28490,10,0.00,256
28491,11,0.00,256
28492,12,0.00,256
28493,13,0.00,256
28494,14,0.00,256
28495,15,0.00,256
28496,16,0.00,256
28497,17,0.00,256
28498,18,0.00,256
28499,19,0.00,256
28500,20,0.00,256
28501,21,0.00,256
28502,22,0.00,256
28503,23,0.00,256
28504,24,0.00,256
28505,25,0.00,256
28506,26,0.00,256
28507,27,0.00,256
28508,28,0.00,256
28509,29,0.00,256
28510,30,0.00,256
28511,31,0.00,256
28512,32,0.00,256
28513,33,0.00,256
28514,34,0.00,256
28515,35,0.00,256
28516,36,0.00,256
28517,37,0.00,256
28518,38,0.00,256
28519,39,0.00,256
28520,40,0.00,256
28521,41,0.00,256
28522,42,0.00,256
28523,43,0.00,256
28524,44,0.00,256
28525,45,0.00,256
28526,46,0.00,256
28527,47,0.00,256
28528,48,0.00,256
28529,49,0.00,256
28530,50,0.00,256
28531,51,0.00,256
28532,52,0.00,256
28533,53,0.00,256
28534,54,0.00,256
28535,55,0.00,256
28536,56,0.00,256
28537,57,0.00,256
28538,58,0.00,256
28539,59,0.00,256
28540,60,0.00,256
28541,61,0.00,256
28542,62,0.00,256
28543,63,0.00,256
28544,64,0.00,256
28545,65,0.00,256
28546,66,0.00,256
28547,67,0.00,256
28548,68,0.00,256
28549,69,0.00,256
28550,70,0.00,256
28551,71,0.00,256
28552,72,0.00,256
28553,73,0.00,256
28554,74,0.00,256
28555,75,0.00,256
28556,76,0.00,256
28557,77,0.00,256
28558,78,0.00,256
28559,79,0.00,256
28560,80,0.00,256
28561,81,0.00,256
28562,82,0.00,256
28563,83,0.00,256
28564,84,0.00,256
28565,85,0.00,256
28566,86,0.00,256
28567,87,0.00,256
28568,88,0.00,256
28569,89,0.00,256
28570,90,0.00,256
28571,91,0.00,256
28572,92,0.00,256
28573,93,0.00,256
28574,94,0.00,256
28575,95,0.00,256
28576,96,0.00,256
28577,97,0.00,256
28578,98,0.00,256
28579,99,0.00,256
28580,100,0.00,256
28581,101,0.00,256
28582,102,0.00,256
28583,103,0.00,256
28584,104,0.00,256
28585,105,0.00,256
28586,106,0.00,256
28587,107,0.00,256
28588,108,0.00,256
28589,109,0.00,256
28590,110,0.00,256
28591,111,0.00,256
28592,112,0.00,256
28593,113,0.00,256
28594,114,0.00,256
28595,115,0.00,256
28596,116,0.00,256
28597,117,0.00,256
28598,118,0.00,256
28599,119,0.00,256
28600,120,0.00,256
28601,121,0.00,256
28602,122,0.00,256
28603,123,0.00,256
28604,124,0.00,256
28605,125,0.00,256
28606,126,0.00,256
28607,127,0.00,256
28608,128,0.00,256
28609,129,0.00,256
28610,130,0.00,256
28611,131,0.00,256
28612,132,0.00,256
28613,133,0.00,256
28614,134,0.00,256
28615,135,0.00,256
28616,136,0.00,256
28617,137,0.00,256
28618,138,0.00,256
28619,139,0.00,256
28620,140,0.00,256
28621,141,0.00,256
28622,142,0.00,256
28623,143,0.00,256
28624,144,0.00,256
28625,145,0.00,256
28626,146,0.00,256
28627,147,0.00,256
28628,148,0.00,256
28629,149,0.00,256
28630,150,0.00,256
28631,151,0.00,256
28632,152,0.00,256
28633,153,0.00,256
28634,154,0.00,256
28635,155,0.00,256
28636,156,0.00,256
28637,157,0.00,256
28638,158,0.00,256
28639,159,0.00,256
28640,160,0.00,256
28641,161,0.00,256
28642,162,0.00,256
28643,163,0.00,256
28644,164,0.00,256
28645,165,0.00,256
28646,166,0.00,256
28647,167,0.00,256
28648,168,0.00,256
28649,169,0.00,256
28650,170,0.00,256
28651,171,0.00,256
28652,172,0.00,256
28653,173,0.00,256
28654,174,0.00,256
28655,175,0.00,256
28656,176,0.00,256
28657,177,0.00,256
28658,178,0.00,256
28659,179,0.00,256
28660,180,0.00,256
28661,181,0.00,256
28662,182,0.00,256
28663,183,0.00,256
28664,184,0.00,256
28665,185,0.00,256
28666,186,0.00,256
28667,187,0.00,256
28668,188,0.00,256
28669,189,0.00,256
28670,190,0.00,256
28671,191,0.00,256
28672,192,0.00,256
28673,193,0.00,256
28674,194,0.00,256
28675,195,0.00,256
28676,196,0.00,256
28677,197,0.00,256
28678,198,0.00,256
28679,199,0.00,256
28680,200,0.00,256
28681,201,0.00,256
28682,202,0.00,256
28683,203,0.00,256
28684,204,0.00,256
28685,205,0.00,256
28686,206,0.00,256
28687,207,0.00,256
28688,208,0.00,256
28689,209,0.00,256
28690,210,0.00,256
28691,211,0.00,256
28692,212,0.00,256
28693,213,0.00,256
28694,214,0.00,256
28695,215,0.00,256
28696,216,0.00,256
28697,217,0.00,256
28698,218,0.00,256
28699,219,0.00,256
28700,220,0.00,256
28701,221,0.00,256
28702,222,0.00,256
28703,223,0.00,256
28704,224,0.00,256
28705,225,0.00,256
28706,226,0.00,256
28707,227,0.00,256
28708,228,0.00,256
28709,229,0.00,256
28710,230,0.00,256
28711,231,0.00,256
28712,232,0.00,256
28713,233,0.00,256
28714,234,0.00,256
28715,235,0.00,256
28716,236,0.00,256
28717,237,0.00,256
28718,238,0.00,256
28719,239,0.00,256
28720,240,0.00,256
28721,241,0.00,256
28722,242,0.00,256
28723,243,0.00,256
28724,244,0.00,256
28725,245,0.00,256
28726,246,0.00,256
28727,247,0.00,256
28728,248,0.00,256
28729,249,0.00,256
28730,250,0.00,256
28731,251,0.00,256
28732,252,0.00,256
28733,253,0.00,256
28734,254,0.00,256
28735,255,0.00,256
28736,0,0.00,256
28737,1,0.00,256
28738,2,0.00,256
28739,3,0.00,256
28740,4,0.00,256
28741,5,0.00,256
28742,6,0.00,256
28743,7,0.00,256
28744,8,0.00,256
28745,9,0.00,256
28746,10,0.00,256
28747,11,0.00,256
28748,12,0.00,256
28749,13,0.00,256
28750,14,0.00,256
28751,15,0.00,256
28752,16,0.00,256
28753,17,0.00,256
28754,18,0.00,256
28755,19,0.00,256
28756,20,0.00,256
28757,21,0.00,256
28758,22,0.00,256
28759,23,0.00,256
28760,24,0.00,256
28761,25,0.00,256
28762,26,0.00,256
28763,27,0.00,256
28764,28,0.00,256
28765,29,0.00,256
28766,30,0.00,256
28767,31,0.00,256
28768,32,0.00,256
28769,33,0.00,256
28770,34,0.00,256
28771,35,0.00,256
28772,36,0.00,256
28773,37,0.00,256
28774,38,0.00,256
28775,39,0.00,256
28776,40,0.00,256
28777,41,0.00,256
28778,42,0.00,256
28779,43,0.00,256
28780,44,0.00,256
28781,45,0.00,256
28782,46,0.00,256
28783,47,0.00,256
28784,48,0.00,256
28785,49,0.00,256
28786,50,0.00,256
28787,51,0.00,256
28788,52,0.00,256
28789,53,0.00,256
28790,54,0.00,256
28791,55,0.00,256
28792,56,0.00,256
28793,57,0.00,256
28794,58,0.00,256
28795,59,0.00,256
28796,60,0.00,256
28797,61,0.00,256
28798,62,0.00,256
28799,63,0.00,256
28800,64,0.00,256
28801,65,0.00,256
28802,66,0.00,256
28803,67,0.00,256
28804,68,0.00,256
28805,69,0.00,256
28806,70,0.00,256
28807,71,0.00,256
28808,72,0.00,256
28809,73,0.00,256
28810,74,0.00,256
28811,75,0.00,256
28812,76,0.00,256
28813,77,0.00,256
28814,78,0.00,256
28815,79,0.00,256
28816,80,0.00,256
28817,81,0.00,256
28818,82,0.00,256
28819,83,0.00,256
28820,84,0.00,256
28821,85,0.00,256
28822,86,0.00,256
28823,87,0.00,256
28824,88,0.00,256
28825,89,0.00,256
28826,90,0.00,256
28827,91,0.00,256
28828,92,0.00,256
28829,93,0.00,256
28830,94,0.00,256
28831,95,0.00,256
28832,96,0.00,256
28833,97,0.00,256
28834,98,0.00,256
28835,99,0.00,256
28836,100,0.00,256
28837,101,0.00,256
28838,102,0.00,256
28839,103,0.00,256
28840,104,0.00,256
28841,105,0.00,256
28842,106,0.00,256
28843,107,0.00,256
28844,108,0.00,256
28845,109,0.00,256
28846,110,0.00,256
28847,111,0.00,256
28848,112,0.00,256
28849,113,0.00,256
28850,114,0.00,256
28851,115,0.00,256
28852,116,0.00,256
28853,117,0.00,256
28854,118,0.00,256
28855,119,0.00,256
28856,120,0.00,256
28857,121,0.00,256
28858,122,0.00,256
28859,123,0.00,256
28860,124,0.00,256
28861,125,0.00,256
28862,126,0.00,256
28863,127,0.00,256
28864,128,0.00,256
28865,129,0.00,256
28866,130,0.00,256
28867,131,0.00,256
28868,132,0.00,256
28869,133,0.00,256
28870,134,0.00,256
28871,135,0.00,256
28872,136,0.00,256
28873,137,0.00,256
28874,138,0.00,256
28875,139,0.00,256
28876,140,0.00,256
28877,141,0.00,256
28878,142,0.00,256
28879,143,0.00,256
28880,144,0.00,256
28881,145,0.00,256
28882,146,0.00,256
28883,147,0.00,256
28884,148,0.00,256
28885,149,0.00,256
28886,150,0.00,256
28887,151,0.00,256
28888,152,0.00,256
28889,153,0.00,256
28890,154,0.00,256
28891,155,0.00,256
28892,156,0.00,256
28893,157,0.00,256
28894,158,0.00,256
28895,159,0.00,256
28896,160,0.00,256
28897,161,0.00,256
28898,162,0.00,256
28899,163,0.00,256
28900,164,0.00,256
28901,165,0.00,256
28902,166,0.00,256
28903,167,0.00,256
28904,168,0.00,256
28905,169,0.00,256
28906,170,0.00,256
28907,171,0.00,256
28908,172,0.00,256
28909,173,0.00,256
28910,174,0.00,256
28911,175,0.00,256
28912,176,0.00,256
28913,177,0.00,256
28914,178,0.00,256
28915,179,0.00,256
28916,180,0.00,256
28917,181,0.00,256
28918,182,0.00,256
28919,183,0.00,256
28920,184,0.00,256
28921,185,0.00,256
28922,186,0.00,256
28923,187,0.00,256
28924,188,0.00,256
28925,189,0.00,256
28926,190,0.00,256
28927,191,0.00,256
28928,192,0.00,256
28929,193,0.00,256
28930,194,0.00,256
28931,195,0.00,256
28932,196,0.00,256
28933,197,0.00,256
28934,198,0.00,256
28935,199,0.00,256
28936,200,0.00,256
28937,201,0.00,256
28938,202,0.00,256
28939,203,0.00,256
28940,204,0.00,256
28941,205,0.00,256
28942,206,0.00,256
28943,207,0.00,256
28944,208,0.00,256
28945,209,0.00,256
28946,210,0.00,256
28947,211,0.00,256
28948,212,0.00,256
28949,213,0.00,256
28950,214,0.00,256
28951,215,0.00,256
28952,216,0.00,256
28953,217,0.00,256
28954,218,0.00,256
28955,219,0.00,256
28956,220,0.00,256
28957,221,0.00,256
28958,222,0.00,256
28959,223,0.00,256
28960,224,0.00,256
28961,225,0.00,256
28962,226,0.00,256
28963,227,0.00,256
28964,228,0.00,256
28965,229,0.00,256
28966,230,0.00,256
28967,231,0.00,256
28968,232,0.00,256
28969,233,0.00,256
28970,234,0.00,256
28971,235,0.00,256
28972,236,0.00,256
28973,237,0.00,256
28974,238,0.00,256
28975,239,0.00,256
28976,240,0.00,256
28977,241,0.00,256
28978,242,0.00,256
28979,243,0.00,256
28980,244,0.00,256
28981,245,0.00,256
28982,246,0.00,256
28983,247,0.00,256
28984,248,0.00,256
28985,249,0.00,256
28986,250,0.00,256
28987,251,0.00,256
28988,252,0.00,256
28989,253,0.00,256
28990,254,0.00,256
28991,255,0.00,256
28992,0,0.00,256
28993,1,0.00,256
28994,2,0.00,256
28995,3,0.00,256
28996,4,0.00,256
28997,5,0.00,256
28998,6,0.00,256
28999,7,0.00,256
29000,8,0.00,256
29001,9,0.00,256
29002,10,0.00,256
29003,11,0.00,256
29004,12,0.00,256
29005,13,0.00,256
29006,14,0.00,256
29007,15,0.00,256
29008,16,41.67,256
29009,17,0.00,256
29010,18,0.00,256
29011,19,0.00,256
29012,20,0.00,256
29013,21,0.00,256
29014,22,0.00,256
29015,23,0.00,256
29016,24,0.00,256
29017,25,0.00,256
29018,26,0.00,256
29019,27,0.00,256
29020,28,0.00,256
29021,29,0.00,256
29022,30,0.00,256
29023,31,0.00,256
29024,32,0.00,256
29025,33,0.00,256
29026,34,0.00,256
29027,35,0.00,256
29028,36,0.00,256
29029,37,0.00,256
29030,38,0.00,256
29031,39,0.00,256
29032,40,0.00,256
29033,41,0.00,256
29034,42,0.00,256
29035,43,0.00,256
29036,44,0.00,256
29037,45,0.00,256
29038,46,0.00,256
29039,47,0.00,256
29040,48,0.00,256
29041,49,0.00,256
29042,50,0.00,256
29043,51,0.00,256
29044,52,0.00,256
29045,53,0.00,256
29046,54,0.00,256
29047,55,0.00,256
29048,56,0.00,256
29049,57,0.00,256
29050,58,0.00,256
29051,59,0.00,256
29052,60,0.00,256
29053,61,0.00,256
29054,62,0.00,256
29055,63,0.00,256
29056,64,0.00,256
29057,65,0.00,256
29058,66,0.00,256
29059,67,41.67,256
29060,68,0.00,256
29061,69,0.00,256
29062,70,0.00,256
29063,71,0.00,256
29064,72,0.00,256
29065,73,0.00,256
29066,74,0.00,256
29067,75,0.00,256
29068,76,0.00,256
29069,77,0.00,256
29070,78,0.00,256
29071,79,0.00,256
29072,80,0.00,256
29073,81,0.00,256
29074,82,0.00,256
29075,83,0.00,256
29076,84,0.00,256
29077,85,0.00,256
29078,86,0.00,256
29079,87,0.00,256
29080,88,0.00,256
29081,89,0.00,256
29082,90,0.00,256
29083,91,0.00,256
29084,92,0.00,256
29085,93,0.00,256
29086,94,0.00,256
29087,95,0.00,256
29088,96,0.00,256
29089,97,0.00,256
29090,98,0.00,256
29091,99,0.00,256
29092,100,0.00,256
29093,101,0.00,256
29094,102,0.00,256
29095,103,0.00,256
29096,104,0.00,256
29097,105,0.00,256
29098,106,0.00,256
29099,107,0.00,256
29100,108,0.00,256
29101,109,0.00,256
29102,110,0.00,256
29103,111,0.00,256
29104,112,0.00,256
29105,113,0.00,256
29106,114,0.00,256
29107,115,0.00,256
29108,116,0.00,256
29109,117,0.00,256
29110,118,0.00,256
29111,119,0.00,256
29112,120,0.00,256
29113,121,0.00,256
29114,122,0.00,256
29115,123,0.00,256
29116,124,0.00,256
29117,125,0.00,256
29118,126,0.00,256
29119,127,0.00,256
29120,128,0.00,256
29121,129,0.00,256
29122,130,0.00,256
29123,131,0.00,256
29124,132,0.00,256
29125,133,0.00,256
29126,134,0.00,256
29127,135,0.00,256
29128,136,0.00,256
29129,137,0.00,256
29130,138,0.00,256
29131,139,0.00,256
29132,140,0.00,256
29133,141,0.00,256
29134,142,0.00,256
29135,143,0.00,256
29136,144,0.00,256
29137,145,0.00,256
29138,146,0.00,256
29139,147,0.00,256
29140,148,0.00,256
29141,149,0.00,256
29142,150,0.00,256
29143,151,0.00,256
29144,152,0.00,256
29145,153,0.00,256
29146,154,0.00,256
29147,155,0.00,256
29148,156,0.00,256
29149,157,0.00,256
29150,158,0.00,256
29151,159,0.00,256
29152,160,0.00,256
29153,161,0.00,256
29154,162,0.00,256
29155,163,0.00,256
29156,164,0.00,256
29157,165,0.00,256
29158,166,0.00,256
29159,167,0.00,256
29160,168,0.00,256
29161,169,0.00,256
29162,170,0.00,256
29163,171,0.00,256
29164,172,0.00,256
29165,173,0.00,256
29166,174,0.00,256
29167,175,0.00,256
29168,176,0.00,256
29169,177,0.00,256
29170,178,0.00,256
29171,179,0.00,256
29172,180,0.00,256
29173,181,0.00,256
29174,182,0.00,256
29175,183,0.00,256
29176,184,0.00,256
29177,185,0.00,256
29178,186,0.00,256
29179,187,0.00,256
29180,188,0.00,256
29181,189,0.00,256
29182,190,0.00,256
29183,191,0.00,256
29184,192,0.00,256
29185,193,0.00,256
29186,194,0.00,256
29187,195,0.00,256
29188,196,0.00,256
29189,197,0.00,256
29190,198,0.00,256
29191,199,0.00,256
29192,200,0.00,256
29193,201,0.00,256
29194,202,0.00,256
29195,203,0.00,256
29196,204,0.00,256
29197,205,0.00,256
29198,206,0.00,256
29199,207,0.00,256
29200,208,0.00,256
29201,209,0.00,256
29202,210,0.00,256
29203,211,0.00,256
29204,212,0.00,256
29205,213,0.00,256
29206,214,0.00,256
29207,215,0.00,256
29208,216,0.00,256
29209,217,0.00,256
29210,218,0.00,256
29211,219,0.00,256
29212,220,0.00,256
29213,221,0.00,256
29214,222,0.00,256
29215,223,0.00,256
29216,224,0.00,256
29217,225,0.00,256
29218,226,0.00,256
29219,227,0.00,256
29220,228,0.00,256
29221,229,0.00,256
29222,230,0.00,256
29223,231,0.00,256
29224,232,0.00,256
29225,233,0.00,256
29226,234,0.00,256
29227,235,0.00,256
29228,236,0.00,256
29229,237,0.00,256
29230,238,0.00,256
29231,239,0.00,256
29232,240,0.00,256
29233,241,0.00,256
29234,242,0.00,256
29235,243,0.00,256
29236,244,41.67,256
29237,245,0.00,256
29238,246,0.00,256
29239,247,0.00,256
29240,248,0.00,256
29241,249,0.00,256
29242,250,0.00,256
29243,251,0.00,256
29244,252,0.00,256
29245,253,0.00,256
29246,254,0.00,256
29247,255,0.00,256
29248,0,0.00,256
29249,1,0.00,256
29250,2,0.00,256
29251,3,0.00,256
29252,4,0.00,256
29253,5,0.00,256
29254,6,0.00,256
29255,7,0.00,256
29256,8,0.00,256
29257,9,0.00,256
29258,10,0.00,256
29259,11,0.00,256
29260,12,0.00,256
29261,13,0.00,256
29262,14,0.00,256
29263,15,0.00,256
29264,16,0.00,256
29265,17,0.00,256
29266,18,0.00,256
29267,19,0.00,256
29268,20,0.00,256
29269,21,0.00,256
29270,22,0.00,256
29271,23,0.00,256
29272,24,0.00,256
29273,25,0.00,256
29274,26,0.00,256
29275,27,0.00,256
29276,28,0.00,256
29277,29,0.00,256
29278,30,0.00,256
29279,31,0.00,256
29280,32,0.00,256
29281,33,0.00,256
29282,34,0.00,256
29283,35,0.00,256
29284,36,0.00,256
29285,37,0.00,256
29286,38,0.00,256
29287,39,0.00,256
29288,40,0.00,256
29289,41,0.00,256
29290,42,0.00,256
29291,43,0.00,256
29292,44,0.00,256
29293,45,0.00,256
29294,46,0.00,256
29295,47,0.00,256
29296,48,0.00,256
29297,49,0.00,256
29298,50,0.00,256
29299,51,0.00,256
29300,52,0.00,256
29301,53,0.00,256
29302,54,0.00,256
29303,55,0.00,256
29304,56,0.00,256
29305,57,0.00,256
29306,58,0.00,256
29307,59,0.00,256
29308,60,0.00,256
29309,61,0.00,256
29310,62,0.00,256
29311,63,0.00,256
29312,64,0.00,256
29313,65,0.00,256
29314,66,0.00,256
29315,67,0.00,256
29316,68,0.00,256
29317,69,0.00,256
29318,70,0.00,256
29319,71,0.00,256
29320,72,0.00,256
29321,73,0.00,256
29322,74,0.00,256
29323,75,0.00,256
29324,76,0.00,256
29325,77,0.00,256
29326,78,0.00,256
29327,79,0.00,256
29328,80,0.00,256
29329,81,0.00,256
29330,82,0.00,256
29331,83,0.00,256
29332,84,0.00,256
29333,85,0.00,256
29334,86,0.00,256
29335,87,0.00,256
29336,88,0.00,256
29337,89,0.00,256
29338,90,0.00,256
29339,91,0.00,256
29340,92,0.00,256
29341,93,0.00,256
29342,94,0.00,256
29343,95,0.00,256
29344,96,0.00,256
29345,97,0.00,256
29346,98,0.00,256
29347,99,0.00,256
29348,100,0.00,256
29349,101,0.00,256
29350,102,0.00,256
29351,103,0.00,256
29352,104,0.00,256
29353,105,0.00,256
29354,106,0.00,256
29355,107,0.00,256
29356,108,0.00,256
29357,109,0.00,256
29358,110,0.00,256
29359,111,0.00,256
29360,112,0.00,256
29361,113,0.00,256
29362,114,0.00,256
29363,115,0.00,256
29364,116,0.00,256
29365,117,0.00,256
29366,118,0.00,256
29367,119,0.00,256
29368,120,0.00,256
29369,121,0.00,256
29370,122,0.00,256
29371,123,0.00,256
29372,124,0.00,256
29373,125,0.00,256
29374,126,0.00,256
29375,127,0.00,256
29376,128,0.00,256
29377,129,0.00,256
29378,130,0.00,256
29379,131,0.00,256
29380,132,0.00,256
29381,133,0.00,256
29382,134,0.00,256
29383,135,0.00,256
29384,136,0.00,256
29385,137,0.00,256
29386,138,0.00,256
29387,139,0.00,256
29388,140,0.00,256
29389,141,0.00,256
29390,142,0.00,256
29391,143,0.00,256
29392,144,0.00,256
29393,145,0.00,256
29394,146,0.00,256
29395,147,0.00,256
29396,148,0.00,256
29397,149,0.00,256
29398,150,0.00,256
29399,151,0.00,256
29400,152,0.00,256
29401,153,0.00,256
29402,154,0.00,256
29403,155,0.00,256
29404,156,0.00,256
29405,157,0.00,256
29406,158,0.00,256
29407,159,0.00,256
29408,160,0.00,256
29409,161,0.00,256
29410,162,0.00,256
29411,163,0.00,256
29412,164,0.00,256
29413,165,0.00,256
29414,166,0.00,256
29415,167,0.00,256
29416,168,0.00,256
29417,169,0.00,256
29418,170,41.67,256
29419,171,0.00,256
29420,172,0.00,256
29421,173,0.00,256
29422,174,0.00,256
29423,175,0.00,256
29424,176,0.00,256
29425,177,0.00,256
29426,178,0.00,256
29427,179,0.00,256
29428,180,0.00,256
29429,181,0.00,256
29430,182,0.00,256
29431,183,0.00,256
29432,184,0.00,256
29433,185,0.00,256
29434,186,0.00,256
29435,187,0.00,256
29436,188,0.00,256
29437,189,0.00,256
29438,190,0.00,256
29439,191,0.00,256
29440,192,0.00,256
29441,193,0.00,256
29442,194,0.00,256
29443,195,0.00,256
29444,196,0.00,256
29445,197,0.00,256
29446,198,0.00,256
29447,199,0.00,256
29448,200,0.00,256
29449,201,0.00,256
29450,202,0.00,256
29451,203,0.00,256
29452,204,0.00,256
29453,205,0.00,256
29454,206,0.00,256
29455,207,0.00,256
29456,208,0.00,256
29457,209,0.00,256
29458,210,0.00,256
29459,211,41.67,256
29460,212,0.00,256
29461,213,0.00,256
29462,214,0.00,256
29463,215,0.00,256
29464,216,0.00,256
29465,217,0.00,256
29466,218,0.00,256
29467,219,0.00,256
29468,220,0.00,256
29469,221,0.00,256
29470,222,0.00,256
29471,223,0.00,256
29472,224,0.00,256
29473,225,0.00,256
29474,226,0.00,256
29475,227,0.00,256
29476,228,0.00,256
29477,229,0.00,256
29478,230,0.00,256
29479,231,0.00,256
29480,232,0.00,256
29481,233,0.00,256
29482,234,0.00,256
29483,235,0.00,256
29484,236,0.00,256
29485,237,0.00,256
29486,238,0.00,256
29487,239,0.00,256
29488,240,0.00,256
29489,241,0.00,256
29490,242,0.00,256
29491,243,0.00,256
29492,244,0.00,256
29493,245,0.00,256
29494,246,0.00,256
29495,247,0.00,256
29496,248,0.00,256
29497,249,0.00,256
29498,250,0.00,256
29499,251,0.00,256
29500,252,0.00,256
29501,253,0.00,256
29502,254,0.00,256
29503,255,0.00,256
29504,0,0.00,256
29505,1,0.00,256
29506,2,0.00,256
29507,3,0.00,256
29508,4,0.00,256
29509,5,0.00,256
29510,6,0.00,256
29511,7,0.00,256
29512,8,0.00,256
29513,9,0.00,256
29514,10,0.00,256
29515,11,0.00,256
29516,12,0.00,256
29517,13,0.00,256
29518,14,0.00,256
29519,15,0.00,256
29520,16,0.00,256
29521,17,0.00,256
29522,18,0.00,256
29523,19,0.00,256
29524,20,0.00,256
29525,21,0.00,256
29526,22,0.00,256
29527,23,0.00,256
29528,24,0.00,256
29529,25,0.00,256
29530,26,0.00,256
29531,27,0.00,256
29532,28,0.00,256
29533,29,0.00,256
29534,30,0.00,256
29535,31,0.00,256
29536,32,0.00,256
29537,33,0.00,256
29538,34,0.00,256
29539,35,0.00,256
29540,36,0.00,256
29541,37,0.00,256
29542,38,0.00,256
29543,39,0.00,256
29544,40,0.00,256
29545,41,0.00,256
29546,42,0.00,256
29547,43,0.00,256
29548,44,0.00,256
29549,45,0.00,256
29550,46,0.00,256
29551,47,0.00,256
29552,48,0.00,256
29553,49,0.00,256
29554,50,0.00,256
29555,51,0.00,256
29556,52,0.00,256
29557,53,0.00,256
29558,54,0.00,256
29559,55,0.00,256
29560,56,0.00,256
29561,57,0.00,256
29562,58,0.00,256
29563,59,0.00,256
29564,60,0.00,256
29565,61,0.00,256
29566,62,0.00,256
29567,63,0.00,256
29568,64,0.00,256
29569,65,0.00,256
29570,66,0.00,256
29571,67,0.00,256
29572,68,0.00,256
29573,69,0.00,256
29574,70,0.00,256
29575,71,0.00,256
29576,72,0.00,256
29577,73,0.00,256
29578,74,0.00,256
29579,75,0.00,256
29580,76,0.00,256
29581,77,0.00,256
29582,78,0.00,256
29583,79,0.00,256
29584,80,0.00,256
29585,81,0.00,256
29586,82,0.00,256
29587,83,0.00,256
29588,84,0.00,256
29589,85,0.00,256
29590,86,0.00,256
29591,87,0.00,256
29592,88,0.00,256
29593,89,0.00,256
29594,90,0.00,256
29595,91,0.00,256
29596,92,0.00,256
29597,93,0.00,256
29598,94,0.00,256
29599,95,0.00,256
29600,96,0.00,256
29601,97,0.00,256
29602,98,0.00,256
29603,99,0.00,256
29604,100,0.00,256
29605,101,0.00,256
29606,102,0.00,256
29607,103,0.00,256
29608,104,0.00,256
29609,105,0.00,256
29610,106,0.00,256
29611,107,0.00,256
29612,108,0.00,256
29613,109,0.00,256
29614,110,0.00,256
29615,111,0.00,256
29616,112,0.00,256
29617,113,0.00,256
29618,114,0.00,256
29619,115,0.00,256
29620,116,0.00,256
29621,117,0.00,256
29622,118,0.00,256
29623,119,0.00,256
29624,120,0.00,256
29625,121,0.00,256
29626,122,0.00,256
29627,123,0.00,256
29628,124,0.00,256
29629,125,0.00,256
29630,126,0.00,256
29631,127,0.00,256
29632,128,0.00,256
29633,129,0.00,256
29634,130,0.00,256
29635,131,0.00,256
29636,132,0.00,256
29637,133,0.00,256
29638,134,0.00,256
29639,135,0.00,256
29640,136,0.00,256
29641,137,0.00,256
29642,138,0.00,256
29643,139,0.00,256
29644,140,0.00,256
29645,141,0.00,256
29646,142,0.00,256
29647,143,0.00,256
29648,144,0.00,256
29649,145,0.00,256
29650,146,0.00,256
29651,147,0.00,256
29652,148,0.00,256
29653,149,0.00,256
29654,150,0.00,256
29655,151,0.00,256
29656,152,0.00,256
29657,153,0.00,256
29658,154,0.00,256
29659,155,0.00,256
29660,156,0.00,256
29661,157,0.00,256
29662,158,0.00,256
29663,159,0.00,256
29664,160,0.00,256
29665,161,0.00,256
29666,162,0.00,256
29667,163,0.00,256
29668,164,0.00,256
29669,165,0.00,256
29670,166,0.00,256
29671,167,0.00,256
29672,168,0.00,256
29673,169,0.00,256
29674,170,0.00,256
29675,171,0.00,256
29676,172,0.00,256
29677,173,0.00,256
29678,174,0.00,256
29679,175,0.00,256
29680,176,0.00,256
29681,177,0.00,256
29682,178,0.00,256
29683,179,0.00,256
29684,180,0.00,256
29685,181,0.00,256
29686,182,0.00,256
29687,183,0.00,256
29688,184,0.00,256
29689,185,0.00,256
29690,186,0.00,256
29691,187,0.00,256
29692,188,0.00,256
29693,189,0.00,256
29694,190,0.00,256
29695,191,0.00,256
29696,192,0.00,256
29697,193,0.00,256
29698,194,0.00,256
29699,195,0.00,256
29700,196,0.00,256
29701,197,0.00,256
29702,198,0.00,256
29703,199,0.00,256
29704,200,0.00,256
29705,201,0.00,256
29706,202,0.00,256
29707,203,0.00,256
29708,204,0.00,256
29709,205,0.00,256
29710,206,0.00,256
29711,207,0.00,256
29712,208,0.00,256
29713,209,0.00,256
29714,210,0.00,256
29715,211,0.00,256
29716,212,0.00,256
29717,213,0.00,256
29718,214,0.00,256
29719,215,0.00,256
29720,216,0.00,256
29721,217,0.00,256
29722,218,0.00,256
29723,219,0.00,256
29724,220,0.00,256
29725,221,0.00,256
29726,222,0.00,256
29727,223,0.00,256
29728,224,0.00,256
29729,225,0.00,256
29730,226,0.00,256
29731,227,0.00,256
29732,228,0.00,256
29733,229,0.00,256
29734,230,0.00,256
29735,231,0.00,256
29736,232,0.00,256
29737,233,0.00,256
29738,234,0.00,256
29739,235,0.00,256
29740,236,0.00,256
29741,237,0.00,256
29742,238,0.00,256
29743,239,0.00,256
29744,240,0.00,256
29745,241,0.00,256
29746,242,0.00,256
29747,243,0.00,256
29748,244,0.00,256
29749,245,41.67,256
29750,246,0.00,256
29751,247,0.00,256
29752,248,0.00,256
29753,249,0.00,256
29754,250,0.00,256
29755,251,0.00,256
29756,252,0.00,256
29757,253,0.00,256
29758,254,0.00,256
29759,255,0.00,256
29760,0,0.00,256
29761,1,0.00,256
29762,2,0.00,256
29763,3,0.00,256
29764,4,0.00,256
29765,5,0.00,256
29766,6,0.00,256
29767,7,0.00,256
29768,8,0.00,256
29769,9,0.00,256
29770,10,0.00,256
29771,11,0.00,256
29772,12,0.00,256
29773,13,0.00,256
29774,14,0.00,256
29775,15,0.00,256
29776,16,0.00,256
29777,17,0.00,256
29778,18,0.00,256
29779,19,0.00,256
29780,20,0.00,256
29781,21,0.00,256
29782,22,0.00,256
29783,23,0.00,256
29784,24,0.00,256
29785,25,0.00,256
29786,26,0.00,256
29787,27,0.00,256
29788,28,0.00,256
29789,29,0.00,256
29790,30,0.00,256
29791,31,0.00,256
29792,32,0.00,256
29793,33,0.00,256
29794,34,0.00,256
29795,35,0.00,256
29796,36,0.00,256
29797,37,0.00,256
29798,38,0.00,256
29799,39,0.00,256
29800,40,0.00,256
29801,41,0.00,256
29802,42,0.00,256
29803,43,0.00,256
29804,44,0.00,256
29805,45,0.00,256
29806,46,0.00,256
29807,47,0.00,256
29808,48,0.00,256
29809,49,0.00,256
29810,50,0.00,256
29811,51,0.00,256
29812,52,0.00,256
29813,53,0.00,256
29814,54,0.00,256
29815,55,0.00,256
29816,56,0.00,256
29817,57,0.00,256
29818,58,0.00,256
29819,59,0.00,256
29820,60,0.00,256
29821,61,0.00,256
29822,62,0.00,256
29823,63,41.67,256
29824,64,0.00,256
29825,65,0.00,256
29826,66,0.00,256
29827,67,0.00,256
29828,68,0.00,256
29829,69,0.00,256
29830,70,0.00,256
29831,71,0.00,256
29832,72,0.00,256
29833,73,0.00,256
29834,74,0.00,256
29835,75,0.00,256
29836,76,0.00,256
29837,77,0.00,256
29838,78,0.00,256
29839,79,0.00,256
29840,80,0.00,256
29841,81,0.00,256
29842,82,0.00,256
29843,83,0.00,256
29844,84,0.00,256
29845,85,0.00,256
29846,86,0.00,256
29847,87,0.00,256
29848,88,0.00,256
29849,89,0.00,256
29850,90,0.00,256
29851,91,0.00,256
29852,92,0.00,256
29853,93,0.00,256
29854,94,0.00,256
29855,95,0.00,256
29856,96,0.00,256
29857,97,0.00,256
29858,98,0.00,256
29859,99,0.00,256
29860,100,0.00,256
29861,101,0.00,256
29862,102,0.00,256
29863,103,0.00,256
29864,104,0.00,256
29865,105,0.00,256
29866,106,0.00,256
29867,107,0.00,256
29868,108,0.00,256
29869,109,0.00,256
29870,110,41.67,256
29871,111,0.00,256
29872,112,0.00,256
29873,113,0.00,256
29874,114,0.00,256
29875,115,0.00,256
29876,116,0.00,256
29877,117,0.00,256
29878,118,0.00,256
29879,119,0.00,256
29880,120,0.00,256
29881,121,0.00,256
29882,122,0.00,256
29883,123,0.00,256
29884,124,0.00,256
29885,125,0.00,256
29886,126,0.00,256
29887,127,0.00,256
29888,128,0.00,256
29889,129,0.00,256
29890,130,0.00,256
29891,131,0.00,256
29892,132,0.00,256
29893,133,0.00,256
29894,134,0.00,256
29895,135,0.00,256
29896,136,0.00,256
29897,137,0.00,256
29898,138,0.00,256
29899,139,0.00,256
29900,140,0.00,256
29901,141,0.00,256
29902,142,0.00,256
29903,143,0.00,256
29904,144,0.00,256
29905,145,0.00,256
29906,146,0.00,256
29907,147,0.00,256
29908,148,0.00,256
29909,149,0.00,256
29910,150,0.00,256
29911,151,0.00,256
29912,152,0.00,256
29913,153,0.00,256
29914,154,0.00,256
29915,155,0.00,256
29916,156,0.00,256
29917,157,0.00,256
29918,158,0.00,256
29919,159,0.00,256
29920,160,0.00,256
29921,161,0.00,256
29922,162,0.00,256
29923,163,0.00,256
29924,164,0.00,256
29925,165,0.00,256
29926,166,0.00,256
29927,167,0.00,256
29928,168,0.00,256
29929,169,0.00,256
29930,170,0.00,256
29931,171,0.00,256
29932,172,0.00,256
29933,173,0.00,256
29934,174,0.00,256
29935,175,0.00,256
29936,176,0.00,256
29937,177,0.00,256
29938,178,0.00,256
29939,179,0.00,256
29940,180,0.00,256
29941,181,0.00,256
29942,182,0.00,256
29943,183,0.00,256
29944,184,0.00,256
29945,185,0.00,256
29946,186,0.00,256
29947,187,0.00,256
29948,188,0.00,256
29949,189,0.00,256
29950,190,0.00,256
29951,191,0.00,256
29952,192,0.00,256
29953,193,0.00,256
29954,194,0.00,256
29955,195,0.00,256
29956,196,0.00,256
29957,197,0.00,256
29958,198,0.00,256
29959,199,0.00,256
29960,200,0.00,256
29961,201,0.00,256
29962,202,0.00,256
29963,203,41.67,256
29964,204,0.00,256
29965,205,0.00,256
29966,206,0.00,256
29967,207,0.00,256
29968,208,0.00,256
29969,209,0.00,256
29970,210,0.00,256
29971,211,0.00,256
29972,212,0.00,256
29973,213,0.00,256
29974,214,0.00,256
29975,215,0.00,256
29976,216,0.00,256
29977,217,0.00,256
29978,218,0.00,256
29979,219,0.00,256
29980,220,0.00,256
29981,221,0.00,256
29982,222,0.00,256
29983,223,0.00,256
29984,224,0.00,256
29985,225,0.00,256
29986,226,0.00,256
29987,227,0.00,256
29988,228,0.00,256
29989,229,0.00,256
29990,230,0.00,256
29991,231,0.00,256
29992,232,0.00,256
29993,233,0.00,256
29994,234,0.00,256
29995,235,0.00,256
29996,236,0.00,256
29997,237,0.00,256
29998,238,0.00,256
29999,239,0.00,256
30000,240,0.00,256
30001,241,0.00,256
30002,242,0.00,256
30003,243,0.00,256
30004,244,0.00,256
30005,245,0.00,256
30006,246,0.00,256
30007,247,0.00,256
30008,248,0.00,256
30009,249,0.00,256
30010,250,0.00,256
30011,251,0.00,256
30012,252,0.00,256
30013,253,0.00,256
30014,254,0.00,256
30015,255,0.00,256
30016,0,0.00,256
30017,1,0.00,256
30018,2,0.00,256
30019,3,0.00,256
30020,4,0.00,256
30021,5,0.00,256
30022,6,0.00,256
30023,7,0.00,256
30024,8,0.00,256
30025,9,0.00,256
30026,10,0.00,256
30027,11,0.00,256
30028,12,0.00,256
30029,13,0.00,256
30030,14,0.00,256
30031,15,0.00,256
30032,16,0.00,256
30033,17,0.00,256
30034,18,0.00,256
30035,19,0.00,256
30036,20,0.00,256
30037,21,0.00,256
30038,22,0.00,256
30039,23,0.00,256
30040,24,0.00,256
30041,25,0.00,256
30042,26,0.00,256
30043,27,0.00,256
30044,28,0.00,256
30045,29,0.00,256
30046,30,0.00,256
30047,31,0.00,256
30048,32,0.00,256
30049,33,0.00,256
30050,34,0.00,256
30051,35,0.00,256
30052,36,0.00,256
30053,37,0.00,256
30054,38,0.00,256
30055,39,0.00,256
30056,40,0.00,256
30057,41,0.00,256
30058,42,0.00,256
30059,43,0.00,256
30060,44,0.00,256
30061,45,0.00,256
30062,46,0.00,256
30063,47,0.00,256
30064,48,0.00,256
30065,49,0.00,256
30066,50,0.00,256
30067,51,0.00,256
30068,52,0.00,256
30069,53,0.00,256
30070,54,0.00,256
30071,55,0.00,256
30072,56,0.00,256
30073,57,0.00,256
30074,58,0.00,256
30075,59,0.00,256
30076,60,0.00,256
30077,61,0.00,256
30078,62,0.00,256
30079,63,0.00,256
30080,64,0.00,256
30081,65,0.00,256
30082,66,0.00,256
30083,67,0.00,256
30084,68,0.00,256
30085,69,0.00,256
30086,70,0.00,256
30087,71,0.00,256
30088,72,0.00,256
30089,73,0.00,256
30090,74,0.00,256
30091,75,0.00,256
30092,76,0.00,256
30093,77,0.00,256
30094,78,0.00,256
30095,79,0.00,256
30096,80,0.00,256
30097,81,0.00,256
30098,82,0.00,256
30099,83,41.67,256
30100,84,0.00,256
30101,85,0.00,256
30102,86,0.00,256
30103,87,0.00,256
30104,88,0.00,256
30105,89,0.00,256
30106,90,0.00,256
30107,91,0.00,256
30108,92,0.00,256
30109,93,0.00,256
30110,94,0.00,256
30111,95,0.00,256
30112,96,0.00,256
30113,97,0.00,256
30114,98,0.00,256
30115,99,0.00,256
30116,100,0.00,256
30117,101,0.00,256
30118,102,0.00,256
30119,103,0.00,256
30120,104,0.00,256
30121,105,0.00,256
30122,106,0.00,256
30123,107,0.00,256
30124,108,0.00,256
30125,109,0.00,256
30126,110,0.00,256
30127,111,0.00,256
30128,112,0.00,256
30129,113,0.00,256
30130,114,0.00,256
30131,115,0.00,256
30132,116,0.00,256
30133,117,0.00,256
30134,118,0.00,256
30135,119,0.00,256
30136,120,0.00,256
30137,121,0.00,256
30138,122,0.00,256
30139,123,0.00,256
30140,124,0.00,256
30141,125,0.00,256
30142,126,0.00,256
30143,127,0.00,256
30144,128,0.00,256
30145,129,0.00,256
30146,130,0.00,256
30147,131,0.00,256
30148,132,0.00,256
30149,133,0.00,256
30150,134,0.00,256
30151,135,0.00,256
30152,136,0.00,256
30153,137,0.00,256
30154,138,0.00,256
30155,139,0.00,256
30156,140,0.00,256
30157,141,0.00,256
30158,142,0.00,256
30159,143,0.00,256
30160,144,0.00,256
30161,145,0.00,256
30162,146,0.00,256
30163,147,0.00,256
30164,148,0.00,256
30165,149,0.00,256
30166,150,0.00,256
30167,151,0.00,256
30168,152,0.00,256
30169,153,0.00,256
30170,154,0.00,256
30171,155,0.00,256
30172,156,0.00,256
30173,157,0.00,256
30174,158,0.00,256
30175,159,0.00,256
30176,160,0.00,256
30177,161,0.00,256
30178,162,0.00,256
30179,163,0.00,256
30180,164,0.00,256
30181,165,0.00,256
30182,166,0.00,256
30183,167,0.00,256
30184,168,0.00,256
30185,169,0.00,256
30186,170,0.00,256
30187,171,0.00,256
30188,172,0.00,256
30189,173,0.00,256
30190,174,0.00,256
30191,175,41.67,256
30192,176,0.00,256
30193,177,0.00,256
30194,178,0.00,256
30195,179,0.00,256
30196,180,0.00,256
30197,181,0.00,256
30198,182,0.00,256
30199,183,0.00,256
30200,184,0.00,256
30201,185,0.00,256
30202,186,0.00,256
30203,187,0.00,256
30204,188,0.00,256
30205,189,0.00,256
30206,190,0.00,256
30207,191,0.00,256
30208,192,0.00,256
30209,193,0.00,256
30210,194,0.00,256
30211,195,0.00,256
30212,196,0.00,256
30213,197,0.00,256
30214,198,41.67,256
30215,199,0.00,256
30216,200,0.00,256
30217,201,0.00,256
30218,202,0.00,256
30219,203,0.00,256
30220,204,0.00,256
30221,205,0.00,256
30222,206,0.00,256
30223,207,0.00,256
30224,208,0.00,256
30225,209,0.00,256
30226,210,0.00,256
30227,211,0.00,256
30228,212,0.00,256
30229,213,0.00,256
30230,214,0.00,256
30231,215,0.00,256
30232,216,0.00,256
30233,217,0.00,256
30234,218,0.00,256
30235,219,0.00,256
30236,220,0.00,256
30237,221,0.00,256
30238,222,0.00,256
30239,223,0.00,256
30240,224,0.00,256
30241,225,0.00,256
30242,226,0.00,256
30243,227,0.00,256
30244,228,0.00,256
30245,229,0.00,256
30246,230,0.00,256
30247,231,0.00,256
30248,232,0.00,256
30249,233,0.00,256
30250,234,0.00,256
30251,235,0.00,256
30252,236,0.00,256
30253,237,0.00,256
30254,238,0.00,256
30255,239,0.00,256
30256,240,0.00,256
30257,241,0.00,256
30258,242,0.00,256
30259,243,0.00,256
30260,244,0.00,256
30261,245,0.00,256
30262,246,0.00,256
30263,247,0.00,256
30264,248,0.00,256
30265,249,0.00,256
30266,250,0.00,256
30267,251,0.00,256
30268,252,0.00,256
30269,253,0.00,256
30270,254,0.00,256
30271,255,0.00,256
30272,0,0.00,256
30273,1,0.00,256
30274,2,0.00,256
30275,3,0.00,256
30276,4,0.00,256
30277,5,0.00,256
30278,6,0.00,256
30279,7,0.00,256
30280,8,0.00,256
30281,9,0.00,256
30282,10,0.00,256
30283,11,0.00,256
30284,12,0.00,256
30285,13,0.00,256
30286,14,0.00,256
30287,15,0.00,256
30288,16,0.00,256
30289,17,0.00,256
30290,18,0.00,256
30291,19,0.00,256
30292,20,0.00,256
30293,21,0.00,256
30294,22,0.00,256
30295,23,0.00,256
30296,24,0.00,256
30297,25,0.00,256
30298,26,0.00,256
30299,27,0.00,256
30300,28,0.00,256
30301,29,0.00,256
30302,30,0.00,256
30303,31,0.00,256
30304,32,0.00,256
30305,33,0.00,256
30306,34,0.00,256
30307,35,0.00,256
30308,36,0.00,256
30309,37,0.00,256
30310,38,0.00,256
30311,39,0.00,256
30312,40,0.00,256
30313,41,0.00,256
30314,42,0.00,256
30315,43,0.00,256
30316,44,0.00,256
30317,45,0.00,256
30318,46,0.00,256
30319,47,0.00,256
30320,48,0.00,256
30321,49,0.00,256
30322,50,0.00,256
30323,51,0.00,256
30324,52,0.00,256
30325,53,0.00,256
30326,54,0.00,256
30327,55,0.00,256
30328,56,0.00,256
30329,57,0.00,256
30330,58,0.00,256
30331,59,0.00,256
30332,60,0.00,256
30333,61,0.00,256
30334,62,0.00,256
30335,63,0.00,256
30336,64,0.00,256
30337,65,0.00,256
30338,66,0.00,256
30339,67,0.00,256
30340,68,0.00,256
30341,69,0.00,256
30342,70,0.00,256
30343,71,0.00,256
30344,72,0.00,256
30345,73,0.00,256
30346,74,0.00,256
30347,75,0.00,256
30348,76,0.00,256
30349,77,0.00,256
30350,78,0.00,256
30351,79,0.00,256
30352,80,0.00,256
30353,81,0.00,256
30354,82,41.67,256
30355,83,0.00,256
30356,84,0.00,256
30357,85,0.00,256
30358,86,0.00,256
30359,87,0.00,256
30360,88,0.00,256
30361,89,0.00,256
30362,90,0.00,256
30363,91,0.00,256
30364,92,0.00,256
30365,93,0.00,256
30366,94,0.00,256
30367,95,0.00,256
30368,96,0.00,256
30369,97,0.00,256
30370,98,0.00,256
30371,99,0.00,256
30372,100,0.00,256
30373,101,0.00,256
30374,102,0.00,256
30375,103,0.00,256
30376,104,0.00,256
30377,105,0.00,256
30378,106,0.00,256
30379,107,0.00,256
30380,108,0.00,256
30381,109,0.00,256
30382,110,0.00,256
30383,111,0.00,256
30384,112,0.00,256
30385,113,41.67,256
30386,114,0.00,256
30387,115,0.00,256
30388,116,0.00,256
30389,117,0.00,256
30390,118,0.00,256
30391,119,0.00,256
30392,120,0.00,256
30393,121,0.00,256
30394,122,0.00,256
30395,123,0.00,256
30396,124,0.00,256
30397,125,0.00,256
30398,126,0.00,256
30399,127,0.00,256
30400,128,0.00,256
30401,129,0.00,256
30402,130,0.00,256
30403,131,0.00,256
30404,132,41.67,256
30405,133,0.00,256
30406,134,0.00,256
30407,135,0.00,256
30408,136,0.00,256
30409,137,0.00,256
30410,138,0.00,256
30411,139,0.00,256
30412,140,0.00,256
30413,141,0.00,256
30414,142,0.00,256
30415,143,0.00,256
30416,144,0.00,256
30417,145,0.00,256
30418,146,0.00,256
30419,147,0.00,256
30420,148,0.00,256
30421,149,0.00,256
30422,150,0.00,256
30423,151,0.00,256
30424,152,0.00,256
30425,153,0.00,256
30426,154,0.00,256
30427,155,0.00,256
30428,156,0.00,256
30429,157,0.00,256
30430,158,0.00,256
30431,159,0.00,256
30432,160,0.00,256
30433,161,0.00,256
30434,162,0.00,256
30435,163,0.00,256
30436,164,0.00,256
30437,165,0.00,256
30438,166,0.00,256
30439,167,0.00,256
30440,168,0.00,256
30441,169,0.00,256
30442,170,0.00,256
30443,171,0.00,256
30444,172,0.00,256
30445,173,0.00,256
30446,174,0.00,256
30447,175,0.00,256
30448,176,0.00,256
30449,177,0.00,256
30450,178,0.00,256
30451,179,0.00,256
30452,180,0.00,256
30453,181,0.00,256
30454,182,0.00,256
30455,183,0.00,256
30456,184,0.00,256
30457,185,0.00,256
30458,186,0.00,256
30459,187,0.00,256
30460,188,0.00,256
30461,189,0.00,256
30462,190,0.00,256
30463,191,0.00,256
30464,192,0.00,256
30465,193,0.00,256
30466,194,0.00,256
30467,195,0.00,256
30468,196,0.00,256
30469,197,0.00,256
30470,198,0.00,256
30471,199,0.00,256
30472,200,0.00,256
30473,201,0.00,256
30474,202,0.00,256
30475,203,0.00,256
30476,204,0.00,256
30477,205,0.00,256
30478,206,0.00,256
30479,207,0.00,256
30480,208,0.00,256
30481,209,0.00,256
30482,210,0.00,256
30483,211,0.00,256
30484,212,0.00,256
30485,213,0.00,256
30486,214,0.00,256
30487,215,0.00,256
30488,216,0.00,256
30489,217,0.00,256
30490,218,0.00,256
30491,219,0.00,256
30492,220,0.00,256
30493,221,0.00,256
30494,222,0.00,256
30495,223,0.00,256
30496,224,0.00,256
30497,225,0.00,256
30498,226,0.00,256
30499,227,0.00,256
30500,228,0.00,256
30501,229,0.00,256
30502,230,0.00,256
30503,231,0.00,256
30504,232,0.00,256
30505,233,0.00,256
30506,234,0.00,256
30507,235,0.00,256
30508,236,0.00,256
30509,237,0.00,256
30510,238,0.00,256
30511,239,0.00,256
30512,240,0.00,256
30513,241,0.00,256
30514,242,0.00,256
30515,243,0.00,256
30516,244,0.00,256
30517,245,0.00,256
30518,246,0.00,256
30519,247,0.00,256
30520,248,0.00,256
30521,249,0.00,256
30522,250,0.00,256
30523,251,0.00,256
30524,252,0.00,256
30525,253,0.00,256
30526,254,0.00,256
30527,255,0.00,256
30528,0,0.00,256
30529,1,0.00,256
30530,2,0.00,256
30531,3,0.00,256
30532,4,0.00,256
30533,5,0.00,256
30534,6,0.00,256
30535,7,0.00,256
30536,8,0.00,256
30537,9,0.00,256
30538,10,0.00,256
30539,11,0.00,256
30540,12,0.00,256
30541,13,0.00,256
30542,14,0.00,256
30543,15,0.00,256
30544,16,0.00,256
30545,17,0.00,256
30546,18,0.00,256
30547,19,0.00,256
30548,20,0.00,256
30549,21,0.00,256
30550,22,0.00,256
30551,23,0.00,256
30552,24,0.00,256
30553,25,0.00,256
30554,26,0.00,256
30555,27,0.00,256
30556,28,0.00,256
30557,29,0.00,256
30558,30,0.00,256
30559,31,0.00,256
30560,32,0.00,256
30561,33,0.00,256
30562,34,0.00,256
30563,35,0.00,256
30564,36,0.00,256
30565,37,0.00,256
30566,38,0.00,256
30567,39,0.00,256
30568,40,0.00,256
30569,41,0.00,256
30570,42,0.00,256
30571,43,0.00,256
30572,44,0.00,256
30573,45,0.00,256
30574,46,0.00,256
30575,47,0.00,256
30576,48,0.00,256
30577,49,0.00,256
30578,50,0.00,256
30579,51,0.00,256
30580,52,0.00,256
30581,53,0.00,256
30582,54,0.00,256
30583,55,0.00,256
30584,56,0.00,256
30585,57,0.00,256
30586,58,0.00,256
30587,59,0.00,256
30588,60,0.00,256
30589,61,0.00,256
30590,62,0.00,256
30591,63,0.00,256
30592,64,0.00,256
30593,65,0.00,256
30594,66,0.00,256
30595,67,0.00,256
30596,68,0.00,256
30597,69,0.00,256
30598,70,0.00,256
30599,71,0.00,256
30600,72,0.00,256
30601,73,0.00,256
30602,74,0.00,256
30603,75,0.00,256
30604,76,0.00,256
30605,77,0.00,256
30606,78,0.00,256
30607,79,0.00,256
30608,80,0.00,256
30609,81,0.00,256
30610,82,0.00,256
30611,83,0.00,256
30612,84,0.00,256
30613,85,0.00,256
30614,86,0.00,256
30615,87,0.00,256
30616,88,0.00,256
30617,89,0.00,256
30618,90,0.00,256
30619,91,0.00,256
30620,92,0.00,256
30621,93,0.00,256
30622,94,0.00,256
30623,95,0.00,256
30624,96,0.00,256
30625,97,0.00,256
30626,98,0.00,256
30627,99,0.00,256
30628,100,0.00,256
30629,101,0.00,256
30630,102,0.00,256
30631,103,0.00,256
30632,104,0.00,256
30633,105,0.00,256
30634,106,0.00,256
30635,107,0.00,256
30636,108,0.00,256
30637,109,0.00,256
30638,110,0.00,256
30639,111,0.00,256
30640,112,0.00,256
30641,113,0.00,256
30642,114,0.00,256
30643,115,0.00,256
30644,116,0.00,256
30645,117,0.00,256
30646,118,0.00,256
30647,119,0.00,256
30648,120,0.00,256
30649,121,0.00,256
30650,122,0.00,256
30651,123,0.00,256
30652,124,0.00,256
30653,125,0.00,256
30654,126,0.00,256
30655,127,0.00,256
30656,128,0.00,256
30657,129,0.00,256
30658,130,0.00,256
30659,131,0.00,256
30660,132,0.00,256
30661,133,0.00,256
30662,134,0.00,256
30663,135,0.00,256
30664,136,0.00,256
30665,137,0.00,256
30666,138,0.00,256
30667,139,0.00,256
30668,140,0.00,256
30669,141,0.00,256
30670,142,0.00,256
30671,143,0.00,256
30672,144,0.00,256
30673,145,0.00,256
30674,146,0.00,256
30675,147,0.00,256
30676,148,0.00,256
30677,149,0.00,256
30678,150,0.00,256
30679,151,0.00,256
30680,152,0.00,256
30681,153,0.00,256
30682,154,0.00,256
30683,155,0.00,256
30684,156,0.00,256
30685,157,0.00,256
30686,158,0.00,256
30687,159,0.00,256
30688,160,0.00,256
30689,161,0.00,256
30690,162,0.00,256
30691,163,0.00,256
30692,164,0.00,256
30693,165,0.00,256
30694,166,0.00,256
30695,167,0.00,256
30696,168,0.00,256
30697,169,0.00,256
30698,170,0.00,256
30699,171,0.00,256
30700,172,0.00,256
30701,173,0.00,256
30702,174,0.00,256
30703,175,0.00,256
30704,176,0.00,256
30705,177,0.00,256
30706,178,0.00,256
30707,179,0.00,256
30708,180,0.00,256
30709,181,0.00,256
30710,182,0.00,256
30711,183,0.00,256
30712,184,0.00,256
30713,185,0.00,256
30714,186,0.00,256
30715,187,0.00,256
30716,188,0.00,256
30717,189,0.00,256
30718,190,0.00,256
30719,191,0.00,256
30720,192,0.00,256
30721,193,0.00,256
30722,194,0.00,256
30723,195,0.00,256
30724,196,0.00,256
30725,197,0.00,256
30726,198,0.00,256
30727,199,0.00,256
30728,200,0.00,256
30729,201,0.00,256
30730,202,0.00,256
30731,203,0.00,256
30732,204,0.00,256
30733,205,0.00,256
30734,206,0.00,256
30735,207,0.00,256
30736,208,0.00,256
30737,209,0.00,256
30738,210,0.00,256
30739,211,0.00,256
30740,212,0.00,256
30741,213,0.00,256
30742,214,0.00,256
30743,215,0.00,256
30744,216,0.00,256
30745,217,0.00,256
30746,218,0.00,256
30747,219,0.00,256
30748,220,0.00,256
30749,221,0.00,256
30750,222,0.00,256
30751,223,0.00,256
30752,224,0.00,256
30753,225,0.00,256
30754,226,0.00,256
30755,227,0.00,256
30756,228,0.00,256
30757,229,0.00,256
30758,230,0.00,256
30759,231,0.00,256
30760,232,0.00,256
30761,233,0.00,256
30762,234,0.00,256
30763,235,0.00,256
30764,236,0.00,256
30765,237,0.00,256
30766,238,0.00,256
30767,239,0.00,256
30768,240,0.00,256
30769,241,0.00,256
30770,242,0.00,256
30771,243,0.00,256
30772,244,0.00,256
30773,245,0.00,256
30774,246,0.00,256
30775,247,0.00,256
30776,248,0.00,256
30777,249,0.00,256
30778,250,0.00,256
30779,251,0.00,256
30780,252,0.00,256
30781,253,0.00,256
30782,254,0.00,256
30783,255,0.00,256
30784,0,0.00,256
30785,1,0.00,256
30786,2,0.00,256
30787,3,0.00,256
30788,4,0.00,256
30789,5,0.00,256
30790,6,0.00,256
30791,7,0.00,256
30792,8,0.00,256
30793,9,0.00,256
30794,10,0.00,256
30795,11,0.00,256
30796,12,0.00,256
30797,13,0.00,256
30798,14,0.00,256
30799,15,0.00,256
30800,16,0.00,256
30801,17,0.00,256
30802,18,0.00,256
30803,19,0.00,256
30804,20,0.00,256
30805,21,0.00,256
30806,22,0.00,256
30807,23,0.00,256
30808,24,0.00,256
30809,25,0.00,256
30810,26,0.00,256
30811,27,41.67,256
30812,28,0.00,256
30813,29,0.00,256
30814,30,0.00,256
30815,31,0.00,256
30816,32,0.00,256
30817,33,0.00,256
30818,34,0.00,256
30819,35,0.00,256
30820,36,0.00,256
30821,37,0.00,256
30822,38,0.00,256
30823,39,0.00,256
30824,40,0.00,256
30825,41,0.00,256
30826,42,0.00,256
30827,43,0.00,256
30828,44,0.00,256
30829,45,0.00,256
30830,46,0.00,256
30831,47,0.00,256
30832,48,0.00,256
30833,49,0.00,256
30834,50,0.00,256
30835,51,0.00,256
30836,52,0.00,256
30837,53,0.00,256
30838,54,0.00,256
30839,55,0.00,256
30840,56,0.00,256
30841,57,0.00,256
30842,58,0.00,256
30843,59,0.00,256
30844,60,0.00,256
30845,61,0.00,256
30846,62,0.00,256
30847,63,0.00,256
30848,64,0.00,256
30849,65,0.00,256
30850,66,0.00,256
30851,67,0.00,256
30852,68,0.00,256
30853,69,0.00,256
30854,70,0.00,256
30855,71,0.00,256
30856,72,0.00,256
30857,73,0.00,256
30858,74,0.00,256
30859,75,0.00,256
30860,76,0.00,256
30861,77,0.00,256
30862,78,0.00,256
30863,79,0.00,256
30864,80,0.00,256
30865,81,0.00,256
30866,82,0.00,256
30867,83,0.00,256
30868,84,0.00,256
30869,85,0.00,256
30870,86,0.00,256
30871,87,0.00,256
30872,88,0.00,256
30873,89,0.00,256
30874,90,0.00,256
30875,91,0.00,256
30876,92,0.00,256
30877,93,0.00,256
30878,94,0.00,256
30879,95,0.00,256
30880,96,0.00,256
30881,97,0.00,256
30882,98,0.00,256
30883,99,0.00,256
30884,100,0.00,256
30885,101,0.00,256
30886,102,0.00,256
30887,103,0.00,256
30888,104,0.00,256
30889,105,0.00,256
30890,106,0.00,256
30891,107,0.00,256
30892,108,0.00,256
30893,109,0.00,256
30894,110,0.00,256
30895,111,0.00,256
30896,112,0.00,256
30897,113,0.00,256
30898,114,0.00,256
30899,115,0.00,256
30900,116,0.00,256
30901,117,0.00,256
30902,118,0.00,256
30903,119,0.00,256
30904,120,0.00,256
30905,121,0.00,256
30906,122,0.00,256
30907,123,0.00,256
30908,124,0.00,256
30909,125,0.00,256
30910,126,0.00,256
30911,127,0.00,256
30912,128,0.00,256
30913,129,0.00,256
30914,130,0.00,256
30915,131,0.00,256
30916,132,0.00,256
30917,133,0.00,256
30918,134,0.00,256
30919,135,0.00,256
30920,136,0.00,256
30921,137,0.00,256
30922,138,0.00,256
30923,139,0.00,256
30924,140,0.00,256
30925,141,0.00,256
30926,142,0.00,256
30927,143,0.00,256
30928,144,0.00,256
30929,145,0.00,256
30930,146,0.00,256
30931,147,0.00,256
30932,148,0.00,256
30933,149,0.00,256
30934,150,0.00,256
30935,151,0.00,256
30936,152,0.00,256
30937,153,0.00,256
30938,154,0.00,256
30939,155,0.00,256
30940,156,0.00,256
30941,157,0.00,256
30942,158,0.00,256
30943,159,0.00,256
30944,160,0.00,256
30945,161,0.00,256
30946,162,0.00,256
30947,163,0.00,256
30948,164,0.00,256
30949,165,0.00,256
30950,166,0.00,256
30951,167,0.00,256
30952,168,0.00,256
30953,169,0.00,256
30954,170,0.00,256
30955,171,0.00,256
30956,172,0.00,256
30957,173,0.00,256
30958,174,0.00,256
30959,175,0.00,256
30960,176,0.00,256
30961,177,0.00,256
30962,178,0.00,256
30963,179,0.00,256
30964,180,0.00,256
30965,181,0.00,256
30966,182,0.00,256
30967,183,0.00,256
30968,184,0.00,256
30969,185,0.00,256
30970,186,0.00,256
30971,187,0.00,256
30972,188,0.00,256
30973,189,0.00,256
30974,190,0.00,256
30975,191,0.00,256
30976,192,0.00,256
30977,193,0.00,256
30978,194,0.00,256
30979,195,0.00,256
30980,196,0.00,256
30981,197,0.00,256
30982,198,0.00,256
30983,199,0.00,256
30984,200,0.00,256
30985,201,0.00,256
30986,202,0.00,256
30987,203,0.00,256
30988,204,0.00,256
30989,205,0.00,256
30990,206,0.00,256
30991,207,0.00,256
30992,208,0.00,256
30993,209,0.00,256
30994,210,0.00,256
30995,211,0.00,256
30996,212,0.00,256
30997,213,0.00,256
30998,214,0.00,256
30999,215,0.00,256
31000,216,0.00,256
31001,217,0.00,256
31002,218,0.00,256
31003,219,41.67,256
31004,220,0.00,256
31005,221,0.00,256
31006,222,0.00,256
31007,223,0.00,256
31008,224,0.00,256
31009,225,0.00,256
31010,226,0.00,256
31011,227,0.00,256
31012,228,0.00,256
31013,229,0.00,256
31014,230,0.00,256
31015,231,0.00,256
31016,232,0.00,256
31017,233,0.00,256
31018,234,0.00,256
31019,235,0.00,256
31020,236,0.00,256
31021,237,0.00,256
31022,238,0.00,256
31023,239,0.00,256
31024,240,0.00,256
31025,241,0.00,256
31026,242,0.00,256
31027,243,0.00,256
31028,244,0.00,256
31029,245,0.00,256
31030,246,0.00,256
31031,247,0.00,256
31032,248,0.00,256
31033,249,0.00,256
31034,250,0.00,256
31035,251,0.00,256
31036,252,0.00,256
31037,253,0.00,256
31038,254,0.00,256
31039,255,0.00,256
31040,0,0.00,256
31041,1,0.00,256
31042,2,0.00,256
31043,3,0.00,256
31044,4,0.00,256
31045,5,0.00,256
31046,6,0.00,256
31047,7,0.00,256
31048,8,0.00,256
31049,9,0.00,256
31050,10,0.00,256
31051,11,0.00,256
31052,12,0.00,256
31053,13,0.00,256
31054,14,0.00,256
31055,15,0.00,256
31056,16,0.00,256
31057,17,0.00,256
31058,18,0.00,256
31059,19,0.00,256
31060,20,0.00,256
31061,21,0.00,256
31062,22,0.00,256
31063,23,0.00,256
31064,24,0.00,256
31065,25,0.00,256
31066,26,0.00,256
31067,27,0.00,256
31068,28,0.00,256
31069,29,0.00,256
31070,30,0.00,256
31071,31,0.00,256
31072,32,0.00,256
31073,33,0.00,256
31074,34,0.00,256
31075,35,0.00,256
31076,36,0.00,256
31077,37,41.67,256
31078,38,0.00,256
31079,39,0.00,256
31080,40,0.00,256
31081,41,0.00,256
31082,42,0.00,256
31083,43,0.00,256
31084,44,0.00,256
31085,45,0.00,256
31086,46,0.00,256
31087,47,0.00,256
31088,48,0.00,256
31089,49,0.00,256
31090,50,0.00,256
31091,51,0.00,256
31092,52,0.00,256
31093,53,0.00,256
31094,54,0.00,256
31095,55,0.00,256
31096,56,0.00,256
31097,57,0.00,256
31098,58,0.00,256
31099,59,0.00,256
31100,60,0.00,256
31101,61,0.00,256
31102,62,0.00,256
31103,63,0.00,256
31104,64,0.00,256
31105,65,0.00,256
31106,66,0.00,256
31107,67,0.00,256
31108,68,0.00,256
31109,69,0.00,256
31110,70,0.00,256
31111,71,41.67,256
31112,72,0.00,256
31113,73,41.67,256
31114,74,0.00,256
31115,75,41.67,256
31116,76,0.00,256
31117,77,41.67,256
31118,78,0.00,256
31119,79,0.00,256
31120,80,0.00,256
31121,81,0.00,256
31122,82,0.00,256
31123,83,0.00,256
31124,84,0.00,256
31125,85,0.00,256
31126,86,0.00,256
31127,87,0.00,256
31128,88,0.00,256
31129,89,0.00,256
31130,90,0.00,256
31131,91,0.00,256
31132,92,0.00,256
31133,93,0.00,256
31134,94,0.00,256
31135,95,0.00,256
31136,96,0.00,256
31137,97,0.00,256
31138,98,0.00,256
31139,99,0.00,256
31140,100,0.00,256
31141,101,0.00,256
31142,102,0.00,256
31143,103,0.00,256
31144,104,0.00,256
31145,105,0.00,256
31146,106,0.00,256
31147,107,0.00,256
31148,108,0.00,256
31149,109,0.00,256
31150,110,0.00,256
31151,111,0.00,256
31152,112,0.00,256
31153,113,0.00,256
31154,114,0.00,256
31155,115,0.00,256
31156,116,0.00,256
31157,117,0.00,256
31158,118,0.00,256
31159,119,0.00,256
31160,120,0.00,256
31161,121,0.00,256
31162,122,0.00,256
31163,123,0.00,256
31164,124,0.00,256
31165,125,0.00,256
31166,126,0.00,256
31167,127,0.00,256
31168,128,0.00,256
31169,129,0.00,256
31170,130,0.00,256
31171,131,0.00,256
31172,132,0.00,256
31173,133,0.00,256
31174,134,0.00,256
31175,135,0.00,256
31176,136,0.00,256
31177,137,0.00,256
31178,138,0.00,256
31179,139,0.00,256
31180,140,0.00,256
31181,141,0.00,256
31182,142,0.00,256
31183,143,0.00,256
31184,144,0.00,256
31185,145,0.00,256
31186,146,0.00,256
31187,147,0.00,256
31188,148,0.00,256
31189,149,0.00,256
31190,150,0.00,256
31191,151,0.00,256
31192,152,0.00,256
31193,153,0.00,256
31194,154,0.00,256
31195,155,0.00,256
31196,156,0.00,256
31197,157,0.00,256
31198,158,0.00,256
31199,159,0.00,256
31200,160,0.00,256
31201,161,0.00,256
31202,162,0.00,256
31203,163,0.00,256
31204,164,0.00,256
31205,165,0.00,256
31206,166,0.00,256
31207,167,0.00,256
31208,168,0.00,256
31209,169,0.00,256
31210,170,0.00,256
31211,171,0.00,256
31212,172,0.00,256
31213,173,0.00,256
31214,174,0.00,256
31215,175,0.00,256
31216,176,0.00,256
31217,177,0.00,256
31218,178,0.00,256
31219,179,0.00,256
31220,180,0.00,256
31221,181,0.00,256
31222,182,0.00,256
31223,183,0.00,256
31224,184,0.00,256
31225,185,0.00,256
31226,186,0.00,256
31227,187,0.00,256
31228,188,0.00,256
31229,189,0.00,256
31230,190,0.00,256
31231,191,0.00,256
31232,192,0.00,256
31233,193,0.00,256
31234,194,0.00,256
31235,195,0.00,256
31236,196,0.00,256
31237,197,0.00,256
31238,198,0.00,256
31239,199,0.00,256
31240,200,0.00,256
31241,201,0.00,256
31242,202,0.00,256
31243,203,0.00,256
31244,204,0.00,256
31245,205,0.00,256
31246,206,0.00,256
31247,207,0.00,256
31248,208,0.00,256
31249,209,0.00,256
31250,210,0.00,256
31251,211,0.00,256
31252,212,0.00,256
31253,213,0.00,256
31254,214,0.00,256
31255,215,0.00,256
31256,216,0.00,256
31257,217,0.00,256
31258,218,0.00,256
31259,219,0.00,256
31260,220,0.00,256
31261,221,0.00,256
31262,222,0.00,256
31263,223,0.00,256
31264,224,0.00,256
31265,225,0.00,256
31266,226,0.00,256
31267,227,0.00,256
31268,228,0.00,256
31269,229,0.00,256
31270,230,0.00,256
31271,231,0.00,256
31272,232,0.00,256
31273,233,0.00,256
31274,234,0.00,256
31275,235,0.00,256
31276,236,0.00,256
31277,237,0.00,256
31278,238,0.00,256
31279,239,0.00,256
31280,240,0.00,256
31281,241,0.00,256
31282,242,0.00,256
31283,243,0.00,256
31284,244,0.00,256
31285,245,0.00,256
31286,246,0.00,256
31287,247,0.00,256
31288,248,0.00,256
31289,249,0.00,256
31290,250,0.00,256
31291,251,0.00,256
31292,252,0.00,256
31293,253,0.00,256
31294,254,0.00,256
31295,255,0.00,256
31296,0,0.00,256
31297,1,0.00,256
31298,2,0.00,256
31299,3,0.00,256
31300,4,0.00,256
31301,5,0.00,256
31302,6,0.00,256
31303,7,0.00,256
31304,8,0.00,256
31305,9,0.00,256
31306,10,0.00,256
31307,11,0.00,256
31308,12,0.00,256
31309,13,0.00,256
31310,14,0.00,256
31311,15,0.00,256
31312,16,0.00,256
31313,17,0.00,256
31314,18,0.00,256
31315,19,0.00,256
31316,20,0.00,256
31317,21,0.00,256
31318,22,0.00,256
31319,23,0.00,256
31320,24,0.00,256
31321,25,0.00,256
31322,26,0.00,256
31323,27,0.00,256
31324,28,0.00,256
31325,29,0.00,256
31326,30,0.00,256
31327,31,0.00,256
31328,32,0.00,256
31329,33,0.00,256
31330,34,0.00,256
31331,35,0.00,256
31332,36,0.00,256
31333,37,0.00,256
31334,38,0.00,256
31335,39,0.00,256
31336,40,0.00,256
31337,41,0.00,256
31338,42,0.00,256
31339,43,0.00,256
31340,44,0.00,256
31341,45,0.00,256
31342,46,0.00,256
31343,47,0.00,256
31344,48,0.00,256
31345,49,0.00,256
31346,50,0.00,256
31347,51,0.00,256
31348,52,0.00,256
31349,53,0.00,256
31350,54,0.00,256
31351,55,0.00,256
31352,56,0.00,256
31353,57,0.00,256
31354,58,0.00,256
31355,59,0.00,256
31356,60,0.00,256
31357,61,0.00,256
31358,62,0.00,256
31359,63,0.00,256
31360,64,0.00,256
31361,65,0.00,256
31362,66,0.00,256
31363,67,0.00,256
31364,68,0.00,256
31365,69,41.67,256
31366,70,0.00,256
31367,71,0.00,256
31368,72,0.00,256
31369,73,0.00,256
31370,74,0.00,256
31371,75,0.00,256
31372,76,0.00,256
31373,77,0.00,256
31374,78,0.00,256
31375,79,0.00,256
31376,80,0.00,256
31377,81,0.00,256
31378,82,0.00,256
31379,83,0.00,256
31380,84,0.00,256
31381,85,0.00,256
31382,86,0.00,256
31383,87,0.00,256
31384,88,0.00,256
31385,89,0.00,256
31386,90,0.00,256
31387,91,0.00,256
31388,92,0.00,256
31389,93,0.00,256
31390,94,0.00,256
31391,95,0.00,256
31392,96,0.00,256
31393,97,0.00,256
31394,98,0.00,256
31395,99,0.00,256
31396,100,0.00,256
31397,101,0.00,256
31398,102,0.00,256
31399,103,0.00,256
31400,104,0.00,256
31401,105,0.00,256
31402,106,0.00,256
31403,107,0.00,256
31404,108,0.00,256
31405,109,0.00,256
31406,110,0.00,256
31407,111,0.00,256
31408,112,0.00,256
31409,113,0.00,256
31410,114,0.00,256
31411,115,0.00,256
31412,116,0.00,256
31413,117,0.00,256
31414,118,0.00,256
31415,119,0.00,256
31416,120,0.00,256
31417,121,0.00,256
31418,122,0.00,256
31419,123,0.00,256
31420,124,0.00,256
31421,125,0.00,256
31422,126,0.00,256
31423,127,0.00,256
31424,128,0.00,256
31425,129,0.00,256
31426,130,0.00,256
31427,131,0.00,256
31428,132,0.00,256
31429,133,0.00,256
31430,134,0.00,256
31431,135,0.00,256
31432,136,0.00,256
31433,137,0.00,256
31434,138,0.00,256
31435,139,0.00,256
31436,140,0.00,256
31437,141,0.00,256
31438,142,0.00,256
31439,143,0.00,256
31440,144,0.00,256
31441,145,0.00,256
31442,146,0.00,256
31443,147,0.00,256
31444,148,0.00,256
31445,149,0.00,256
31446,150,0.00,256
31447,151,0.00,256
31448,152,0.00,256
31449,153,0.00,256
31450,154,0.00,256
31451,155,0.00,256
31452,156,0.00,256
31453,157,0.00,256
31454,158,0.00,256
31455,159,0.00,256
31456,160,0.00,256
31457,161,0.00,256
31458,162,0.00,256
31459,163,0.00,256
31460,164,0.00,256
31461,165,0.00,256
31462,166,0.00,256
31463,167,0.00,256
31464,168,0.00,256
31465,169,0.00,256
31466,170,0.00,256
31467,171,0.00,256
31468,172,0.00,256
31469,173,0.00,256
31470,174,0.00,256
31471,175,0.00,256
31472,176,0.00,256
31473,177,0.00,256
31474,178,0.00,256
31475,179,0.00,256
31476,180,0.00,256
31477,181,0.00,256
31478,182,0.00,256
31479,183,0.00,256
31480,184,0.00,256
31481,185,0.00,256
31482,186,0.00,256
31483,187,0.00,256
31484,188,0.00,256
31485,189,0.00,256
31486,190,0.00,256
31487,191,0.00,256
31488,192,0.00,256
31489,193,0.00,256
31490,194,0.00,256
31491,195,0.00,256
31492,196,0.00,256
31493,197,0.00,256
31494,198,0.00,256
31495,199,0.00,256
31496,200,0.00,256
31497,201,0.00,256
31498,202,0.00,256
31499,203,0.00,256
31500,204,0.00,256
31501,205,0.00,256
31502,206,0.00,256
31503,207,0.00,256
31504,208,0.00,256
31505,209,0.00,256
31506,210,0.00,256
31507,211,0.00,256
31508,212,0.00,256
31509,213,0.00,256
31510,214,0.00,256
31511,215,0.00,256
31512,216,0.00,256
31513,217,0.00,256
31514,218,0.00,256
31515,219,0.00,256
31516,220,0.00,256
31517,221,0.00,256
31518,222,0.00,256
31519,223,0.00,256
31520,224,0.00,256
31521,225,0.00,256
31522,226,0.00,256
31523,227,0.00,256
31524,228,0.00,256
31525,229,0.00,256
31526,230,0.00,256
31527,231,0.00,256
31528,232,0.00,256
31529,233,0.00,256
31530,234,0.00,256
31531,235,0.00,256
31532,236,0.00,256
31533,237,0.00,256
31534,238,0.00,256
31535,239,0.00,256
31536,240,41.67,256
31537,241,0.00,256
31538,242,0.00,256
31539,243,0.00,256
31540,244,0.00,256
31541,245,0.00,256
31542,246,0.00,256
31543,247,0.00,256
31544,248,0.00,256
31545,249,0.00,256
31546,250,0.00,256
31547,251,0.00,256
31548,252,0.00,256
31549,253,0.00,256
31550,254,0.00,256
31551,255,0.00,256
31552,0,0.00,256
31553,1,0.00,256
31554,2,0.00,256
31555,3,0.00,256
31556,4,0.00,256
31557,5,0.00,256
31558,6,0.00,256
31559,7,0.00,256
31560,8,0.00,256
31561,9,0.00,256
31562,10,0.00,256
31563,11,0.00,256
31564,12,0.00,256
31565,13,0.00,256
31566,14,0.00,256
31567,15,0.00,256
31568,16,0.00,256
31569,17,0.00,256
31570,18,0.00,256
31571,19,0.00,256
31572,20,0.00,256
31573,21,0.00,256
31574,22,0.00,256
31575,23,0.00,256
31576,24,0.00,256
31577,25,0.00,256
31578,26,0.00,256
31579,27,0.00,256
31580,28,0.00,256
31581,29,0.00,256
31582,30,0.00,256
31583,31,0.00,256
31584,32,0.00,256
31585,33,0.00,256
31586,34,0.00,256
31587,35,0.00,256
31588,36,0.00,256
31589,37,0.00,256
31590,38,0.00,256
31591,39,0.00,256
31592,40,0.00,256
31593,41,0.00,256
31594,42,0.00,256
31595,43,0.00,256
31596,44,0.00,256
31597,45,0.00,256
31598,46,0.00,256
31599,47,0.00,256
31600,48,0.00,256
31601,49,0.00,256
31602,50,0.00,256
31603,51,0.00,256
31604,52,0.00,256
31605,53,0.00,256
31606,54,0.00,256
31607,55,0.00,256
31608,56,0.00,256
31609,57,0.00,256
31610,58,0.00,256
31611,59,0.00,256
31612,60,0.00,256
31613,61,0.00,256
31614,62,0.00,256
31615,63,0.00,256
31616,64,0.00,256
31617,65,0.00,256
31618,66,0.00,256
31619,67,0.00,256
31620,68,0.00,256
31621,69,0.00,256
31622,70,0.00,256
31623,71,0.00,256
31624,72,0.00,256
31625,73,0.00,256
31626,74,0.00,256
31627,75,0.00,256
31628,76,0.00,256
31629,77,0.00,256
31630,78,0.00,256
31631,79,0.00,256
31632,80,0.00,256
31633,81,0.00,256
31634,82,0.00,256
31635,83,0.00,256
31636,84,0.00,256
31637,85,0.00,256
31638,86,0.00,256
31639,87,0.00,256
31640,88,0.00,256
31641,89,0.00,256
31642,90,0.00,256
31643,91,0.00,256
31644,92,0.00,256
31645,93,0.00,256
31646,94,0.00,256
31647,95,0.00,256
31648,96,0.00,256
31649,97,0.00,256
31650,98,0.00,256
31651,99,0.00,256
31652,100,0.00,256
31653,101,0.00,256
31654,102,0.00,256
31655,103,0.00,256
31656,104,0.00,256
31657,105,0.00,256
31658,106,0.00,256
31659,107,0.00,256
31660,108,0.00,256
31661,109,0.00,256
31662,110,0.00,256
31663,111,0.00,256
31664,112,0.00,256
31665,113,0.00,256
31666,114,0.00,256
31667,115,0.00,256
31668,116,0.00,256
31669,117,0.00,256
31670,118,0.00,256
31671,119,0.00,256
31672,120,0.00,256
31673,121,0.00,256
31674,122,0.00,256
31675,123,0.00,256
31676,124,0.00,256
31677,125,0.00,256
31678,126,0.00,256
31679,127,0.00,256
31680,128,0.00,256
31681,129,0.00,256
31682,130,0.00,256
31683,131,0.00,256
31684,132,0.00,256
31685,133,0.00,256
31686,134,0.00,256
31687,135,0.00,256
31688,136,0.00,256
31689,137,0.00,256
31690,138,0.00,256
31691,139,0.00,256
31692,140,0.00,256
31693,141,0.00,256
31694,142,0.00,256
31695,143,0.00,256
31696,144,0.00,256
31697,145,0.00,256
31698,146,0.00,256
31699,147,0.00,256
31700,148,0.00,256
31701,149,0.00,256
31702,150,0.00,256
31703,151,0.00,256
31704,152,0.00,256
31705,153,0.00,256
31706,154,0.00,256
31707,155,0.00,256
31708,156,0.00,256
31709,157,0.00,256
31710,158,0.00,256
31711,159,0.00,256
31712,160,0.00,256
31713,161,0.00,256
31714,162,0.00,256
31715,163,0.00,256
31716,164,0.00,256
31717,165,0.00,256
31718,166,0.00,256
31719,167,0.00,256
31720,168,0.00,256
31721,169,0.00,256
31722,170,0.00,256
31723,171,0.00,256
31724,172,0.00,256
31725,173,0.00,256
31726,174,0.00,256
31727,175,0.00,256
31728,176,0.00,256
31729,177,0.00,256
31730,178,0.00,256
31731,179,0.00,256
31732,180,0.00,256
31733,181,0.00,256
31734,182,0.00,256
31735,183,0.00,256
31736,184,0.00,256
31737,185,0.00,256
31738,186,0.00,256
31739,187,0.00,256
31740,188,41.67,256
31741,189,0.00,256
31742,190,0.00,256
31743,191,0.00,256
31744,192,0.00,256
31745,193,0.00,256
31746,194,0.00,256
31747,195,0.00,256
31748,196,0.00,256
31749,197,0.00,256
31750,198,0.00,256
31751,199,0.00,256
31752,200,0.00,256
31753,201,0.00,256
31754,202,0.00,256
31755,203,0.00,256
31756,204,0.00,256
31757,205,0.00,256
31758,206,0.00,256
31759,207,0.00,256
31760,208,0.00,256
31761,209,0.00,256
31762,210,0.00,256
31763,211,0.00,256
31764,212,0.00,256
31765,213,0.00,256
31766,214,0.00,256
31767,215,0.00,256
31768,216,0.00,256
31769,217,0.00,256
31770,218,0.00,256
31771,219,0.00,256
31772,220,0.00,256
31773,221,0.00,256
31774,222,0.00,256
31775,223,0.00,256
31776,224,0.00,256
31777,225,0.00,256
31778,226,0.00,256
31779,227,0.00,256
31780,228,0.00,256
31781,229,0.00,256
31782,230,0.00,256
31783,231,0.00,256
31784,232,0.00,256
31785,233,0.00,256
31786,234,0.00,256
31787,235,0.00,256
31788,236,0.00,256
31789,237,0.00,256
31790,238,0.00,256
31791,239,0.00,256
31792,240,0.00,256
31793,241,0.00,256
31794,242,0.00,256
31795,243,0.00,256
31796,244,0.00,256
31797,245,0.00,256
31798,246,0.00,256
31799,247,0.00,256
31800,248,0.00,256
31801,249,0.00,256
31802,250,0.00,256
31803,251,0.00,256
31804,252,0.00,256
31805,253,0.00,256
31806,254,0.00,256
31807,255,0.00,256
31808,0,0.00,256
31809,1,0.00,256
31810,2,0.00,256
31811,3,0.00,256
31812,4,0.00,256
31813,5,0.00,256
31814,6,0.00,256
31815,7,0.00,256
31816,8,0.00,256
31817,9,0.00,256
31818,10,0.00,256
31819,11,0.00,256
31820,12,0.00,256
31821,13,0.00,256
31822,14,0.00,256
31823,15,0.00,256
31824,16,0.00,256
31825,17,0.00,256
31826,18,0.00,256
31827,19,0.00,256
31828,20,0.00,256
31829,21,0.00,256
31830,22,0.00,256
31831,23,0.00,256
31832,24,0.00,256
31833,25,0.00,256
31834,26,0.00,256
31835,27,0.00,256
31836,28,0.00,256
31837,29,0.00,256
31838,30,0.00,256
31839,31,0.00,256
31840,32,0.00,256
31841,33,0.00,256
31842,34,0.00,256
31843,35,0.00,256
31844,36,0.00,256
31845,37,0.00,256
31846,38,0.00,256
31847,39,0.00,256
31848,40,0.00,256
31849,41,0.00,256
31850,42,0.00,256
31851,43,0.00,256
31852,44,0.00,256
31853,45,0.00,256
31854,46,0.00,256
31855,47,0.00,256
31856,48,0.00,256
31857,49,0.00,256
31858,50,0.00,256
31859,51,0.00,256
31860,52,0.00,256
31861,53,0.00,256
31862,54,0.00,256
31863,55,0.00,256
31864,56,0.00,256
31865,57,0.00,256
31866,58,0.00,256
31867,59,0.00,256
31868,60,0.00,256
31869,61,0.00,256
31870,62,0.00,256
31871,63,0.00,256
31872,64,0.00,256
31873,65,0.00,256
31874,66,0.00,256
31875,67,0.00,256
31876,68,0.00,256
31877,69,0.00,256
31878,70,0.00,256
31879,71,0.00,256
31880,72,0.00,256
31881,73,0.00,256
31882,74,0.00,256
31883,75,0.00,256
31884,76,0.00,256
31885,77,0.00,256
31886,78,0.00,256
31887,79,0.00,256
31888,80,0.00,256
31889,81,0.00,256
31890,82,0.00,256
31891,83,0.00,256
31892,84,0.00,256
31893,85,0.00,256
31894,86,0.00,256
31895,87,0.00,256
31896,88,0.00,256
31897,89,0.00,256
31898,90,0.00,256
31899,91,41.67,256
31900,92,0.00,256
31901,93,0.00,256
31902,94,0.00,256
31903,95,0.00,256
31904,96,0.00,256
31905,97,0.00,256
31906,98,0.00,256
31907,99,0.00,256
31908,100,0.00,256
31909,101,0.00,256
31910,102,0.00,256
31911,103,0.00,256
31912,104,0.00,256
31913,105,0.00,256
31914,106,0.00,256
31915,107,0.00,256
31916,108,0.00,256
31917,109,0.00,256
31918,110,0.00,256
31919,111,0.00,256
31920,112,0.00,256
31921,113,0.00,256
31922,114,0.00,256
31923,115,0.00,256
31924,116,0.00,256
31925,117,0.00,256
31926,118,0.00,256
31927,119,0.00,256
31928,120,0.00,256
31929,121,0.00,256
31930,122,0.00,256
31931,123,0.00,256
31932,124,0.00,256
31933,125,0.00,256
31934,126,0.00,256
31935,127,0.00,256
31936,128,0.00,256
31937,129,0.00,256
31938,130,0.00,256
31939,131,0.00,256
31940,132,0.00,256
31941,133,0.00,256
31942,134,0.00,256
31943,135,0.00,256
31944,136,0.00,256
31945,137,0.00,256
31946,138,0.00,256
31947,139,0.00,256
31948,140,0.00,256
31949,141,0.00,256
31950,142,0.00,256
31951,143,0.00,256
31952,144,0.00,256
31953,145,0.00,256
31954,146,0.00,256
31955,147,0.00,256
31956,148,0.00,256
31957,149,0.00,256
31958,150,0.00,256
31959,151,0.00,256
31960,152,0.00,256
31961,153,0.00,256
31962,154,0.00,256
31963,155,0.00,256
31964,156,0.00,256
31965,157,0.00,256
31966,158,0.00,256
31967,159,0.00,256
31968,160,0.00,256
31969,161,0.00,256
31970,162,0.00,256
31971,163,0.00,256
31972,164,0.00,256
31973,165,0.00,256
31974,166,0.00,256
31975,167,0.00,256
31976,168,0.00,256
31977,169,0.00,256
31978,170,0.00,256
31979,171,0.00,256
31980,172,0.00,256
31981,173,0.00,256
31982,174,0.00,256
31983,175,0.00,256
31984,176,0.00,256
31985,177,0.00,256
31986,178,0.00,256
31987,179,0.00,256
31988,180,0.00,256
31989,181,0.00,256
31990,182,0.00,256
31991,183,0.00,256
31992,184,0.00,256
31993,185,0.00,256
31994,186,0.00,256
31995,187,0.00,256
31996,188,0.00,256
31997,189,0.00,256
31998,190,0.00,256
31999,191,0.00,256
32000,192,0.00,256
32001,193,0.00,256
32002,194,0.00,256
32003,195,0.00,256
32004,196,0.00,256
32005,197,0.00,256
32006,198,0.00,256
32007,199,0.00,256
32008,200,0.00,256
32009,201,0.00,256
32010,202,0.00,256
32011,203,0.00,256
32012,204,0.00,256
32013,205,0.00,256
32014,206,0.00,256
32015,207,0.00,256
32016,208,0.00,256
32017,209,0.00,256
32018,210,0.00,256
32019,211,0.00,256
32020,212,0.00,256
32021,213,0.00,256
32022,214,0.00,256
32023,215,0.00,256
32024,216,0.00,256
32025,217,0.00,256
32026,218,0.00,256
32027,219,0.00,256
32028,220,0.00,256
32029,221,0.00,256
32030,222,0.00,256
32031,223,0.00,256
32032,224,0.00,256
32033,225,0.00,256
32034,226,0.00,256
32035,227,0.00,256
32036,228,0.00,256
32037,229,0.00,256
32038,230,0.00,256
32039,231,0.00,256
32040,232,0.00,256
32041,233,0.00,256
32042,234,0.00,256
32043,235,0.00,256
32044,236,0.00,256
32045,237,0.00,256
32046,238,0.00,256
32047,239,0.00,256
32048,240,0.00,256
32049,241,0.00,256
32050,242,0.00,256
32051,243,0.00,256
32052,244,0.00,256
32053,245,0.00,256
32054,246,0.00,256
32055,247,0.00,256
32056,248,0.00,256
32057,249,0.00,256
32058,250,0.00,256
32059,251,0.00,256
32060,252,0.00,256
32061,253,0.00,256
32062,254,0.00,256
32063,255,0.00,256
32064,0,0.00,256
32065,1,0.00,256
32066,2,0.00,256
32067,3,0.00,256
32068,4,0.00,256
32069,5,0.00,256
32070,6,0.00,256
32071,7,0.00,256
32072,8,0.00,256
32073,9,0.00,256
32074,10,0.00,256
32075,11,0.00,256
32076,12,0.00,256
32077,13,0.00,256
32078,14,0.00,256
32079,15,0.00,256
32080,16,0.00,256
32081,17,0.00,256
32082,18,0.00,256
32083,19,0.00,256
32084,20,41.67,256
32085,21,0.00,256
32086,22,0.00,256
32087,23,0.00,256
32088,24,0.00,256
32089,25,0.00,256
32090,26,0.00,256
32091,27,0.00,256
32092,28,0.00,256
32093,29,0.00,256
32094,30,0.00,256
32095,31,0.00,256
32096,32,0.00,256
32097,33,0.00,256
32098,34,0.00,256
32099,35,0.00,256
32100,36,0.00,256
32101,37,0.00,256
32102,38,0.00,256
32103,39,0.00,256
32104,40,0.00,256
32105,41,0.00,256
32106,42,0.00,256
32107,43,0.00,256
32108,44,0.00,256
32109,45,0.00,256
32110,46,0.00,256
32111,47,0.00,256
32112,48,0.00,256
32113,49,0.00,256
32114,50,0.00,256
32115,51,0.00,256
32116,52,0.00,256
32117,53,0.00,256
32118,54,0.00,256
32119,55,0.00,256
32120,56,0.00,256
32121,57,0.00,256
32122,58,0.00,256
32123,59,0.00,256
32124,60,0.00,256
32125,61,0.00,256
32126,62,0.00,256
32127,63,0.00,256
32128,64,0.00,256
32129,65,0.00,256
32130,66,0.00,256
32131,67,0.00,256
32132,68,0.00,256
32133,69,0.00,256
32134,70,0.00,256
32135,71,0.00,256
32136,72,0.00,256
32137,73,0.00,256
32138,74,0.00,256
32139,75,0.00,256
32140,76,0.00,256
32141,77,0.00,256
32142,78,0.00,256
32143,79,0.00,256
32144,80,0.00,256
32145,81,0.00,256
32146,82,0.00,256
32147,83,0.00,256
32148,84,0.00,256
32149,85,0.00,256
32150,86,0.00,256
32151,87,0.00,256
32152,88,0.00,256
32153,89,0.00,256
32154,90,0.00,256
32155,91,0.00,256
32156,92,0.00,256
32157,93,0.00,256
32158,94,0.00,256
32159,95,0.00,256
32160,96,0.00,256
32161,97,0.00,256
32162,98,0.00,256
32163,99,0.00,256
32164,100,0.00,256
32165,101,0.00,256
32166,102,0.00,256
32167,103,0.00,256
32168,104,0.00,256
32169,105,0.00,256
32170,106,0.00,256
32171,107,0.00,256
32172,108,0.00,256
32173,109,0.00,256
32174,110,0.00,256
32175,111,0.00,256
32176,112,0.00,256
32177,113,0.00,256
32178,114,0.00,256
32179,115,0.00,256
32180,116,0.00,256
32181,117,0.00,256
32182,118,0.00,256
32183,119,0.00,256
32184,120,0.00,256
32185,121,0.00,256
32186,122,0.00,256
32187,123,0.00,256
32188,124,0.00,256
32189,125,0.00,256
32190,126,0.00,256
32191,127,0.00,256
32192,128,0.00,256
32193,129,0.00,256
32194,130,0.00,256
32195,131,0.00,256
32196,132,0.00,256
32197,133,0.00,256
32198,134,0.00,256
32199,135,0.00,256
32200,136,0.00,256
32201,137,0.00,256
32202,138,0.00,256
32203,139,0.00,256
32204,140,0.00,256
32205,141,0.00,256
32206,142,0.00,256
32207,143,0.00,256
32208,144,0.00,256
32209,145,0.00,256
32210,146,0.00,256
32211,147,0.00,256
32212,148,0.00,256
32213,149,0.00,256
32214,150,0.00,256
32215,151,0.00,256
32216,152,0.00,256
32217,153,0.00,256
32218,154,0.00,256
32219,155,0.00,256
32220,156,0.00,256
32221,157,0.00,256
32222,158,0.00,256
32223,159,0.00,256
32224,160,0.00,256
32225,161,0.00,256
32226,162,0.00,256
32227,163,0.00,256
32228,164,0.00,256
32229,165,0.00,256
32230,166,0.00,256
32231,167,41.67,256
32232,168,0.00,256
32233,169,0.00,256
32234,170,0.00,256
32235,171,0.00,256
32236,172,0.00,256
32237,173,0.00,256
32238,174,0.00,256
32239,175,0.00,256
32240,176,0.00,256
32241,177,0.00,256
32242,178,0.00,256
32243,179,0.00,256
32244,180,0.00,256
32245,181,0.00,256
32246,182,0.00,256
32247,183,0.00,256
32248,184,0.00,256
32249,185,0.00,256
32250,186,0.00,256
32251,187,0.00,256
32252,188,0.00,256
32253,189,0.00,256
32254,190,0.00,256
32255,191,0.00,256
32256,192,0.00,256
32257,193,0.00,256
32258,194,0.00,256
32259,195,0.00,256
32260,196,0.00,256
32261,197,0.00,256
32262,198,0.00,256
32263,199,0.00,256
32264,200,0.00,256
32265,201,0.00,256
32266,202,0.00,256
32267,203,0.00,256
32268,204,0.00,256
32269,205,0.00,256
32270,206,0.00,256
32271,207,0.00,256
32272,208,0.00,256
32273,209,0.00,256
32274,210,0.00,256
32275,211,0.00,256
32276,212,0.00,256
32277,213,0.00,256
32278,214,0.00,256
32279,215,0.00,256
32280,216,0.00,256
32281,217,0.00,256
32282,218,0.00,256
32283,219,0.00,256
32284,220,0.00,256
32285,221,0.00,256
32286,222,0.00,256
32287,223,0.00,256
32288,224,0.00,256
32289,225,0.00,256
32290,226,0.00,256
32291,227,0.00,256
32292,228,0.00,256
32293,229,0.00,256
32294,230,0.00,256
32295,231,0.00,256
32296,232,0.00,256
32297,233,0.00,256
32298,234,0.00,256
32299,235,0.00,256
32300,236,0.00,256
32301,237,0.00,256
32302,238,0.00,256
32303,239,0.00,256
32304,240,0.00,256
32305,241,0.00,256
32306,242,0.00,256
32307,243,0.00,256
32308,244,0.00,256
32309,245,0.00,256
32310,246,0.00,256
32311,247,0.00,256
32312,248,0.00,256
32313,249,0.00,256
32314,250,0.00,256
32315,251,0.00,256
32316,252,0.00,256
32317,253,0.00,256
32318,254,0.00,256
32319,255,0.00,256
32320,0,0.00,256
32321,1,0.00,256
32322,2,0.00,256
32323,3,0.00,256
32324,4,0.00,256
32325,5,0.00,256
32326,6,0.00,256
32327,7,0.00,256
32328,8,0.00,256
32329,9,0.00,256
32330,10,0.00,256
32331,11,0.00,256
32332,12,0.00,256
32333,13,0.00,256
32334,14,0.00,256
32335,15,0.00,256
32336,16,0.00,256
32337,17,0.00,256
32338,18,0.00,256
32339,19,0.00,256
32340,20,0.00,256
32341,21,41.67,256
32342,22,0.00,256
32343,23,0.00,256
32344,24,0.00,256
32345,25,0.00,256
32346,26,0.00,256
32347,27,0.00,256
32348,28,0.00,256
32349,29,0.00,256
32350,30,0.00,256
32351,31,0.00,256
32352,32,0.00,256
32353,33,0.00,256
32354,34,0.00,256
32355,35,0.00,256
32356,36,0.00,256
32357,37,0.00,256
32358,38,0.00,256
32359,39,0.00,256
32360,40,0.00,256
32361,41,0.00,256
32362,42,0.00,256
32363,43,0.00,256
32364,44,0.00,256
32365,45,0.00,256
32366,46,0.00,256
32367,47,0.00,256
32368,48,0.00,256
32369,49,0.00,256
32370,50,0.00,256
32371,51,0.00,256
32372,52,0.00,256
32373,53,0.00,256
32374,54,0.00,256
32375,55,0.00,256
32376,56,0.00,256
32377,57,0.00,256
32378,58,0.00,256
32379,59,0.00,256
32380,60,0.00,256
32381,61,0.00,256
32382,62,0.00,256
32383,63,0.00,256
32384,64,0.00,256
32385,65,0.00,256
32386,66,0.00,256
32387,67,0.00,256
32388,68,0.00,256
32389,69,0.00,256
32390,70,0.00,256
32391,71,0.00,256
32392,72,0.00,256
32393,73,0.00,256
32394,74,0.00,256
32395,75,0.00,256
32396,76,0.00,256
32397,77,0.00,256
32398,78,0.00,256
32399,79,0.00,256
32400,80,0.00,256
32401,81,0.00,256
32402,82,0.00,256
32403,83,0.00,256
32404,84,0.00,256
32405,85,0.00,256
32406,86,0.00,256
32407,87,0.00,256
32408,88,0.00,256
32409,89,0.00,256
32410,90,0.00,256
32411,91,0.00,256
32412,92,0.00,256
32413,93,0.00,256
32414,94,0.00,256
32415,95,0.00,256
32416,96,0.00,256
32417,97,0.00,256
32418,98,0.00,256
32419,99,0.00,256
32420,100,0.00,256
32421,101,0.00,256
32422,102,0.00,256
32423,103,0.00,256
32424,104,0.00,256
32425,105,0.00,256
32426,106,0.00,256
32427,107,0.00,256
32428,108,0.00,256
32429,109,0.00,256
32430,110,0.00,256
32431,111,0.00,256
32432,112,0.00,256
32433,113,0.00,256
32434,114,0.00,256
32435,115,0.00,256
32436,116,0.00,256
32437,117,0.00,256
32438,118,0.00,256
32439,119,0.00,256
32440,120,0.00,256
32441,121,0.00,256
32442,122,0.00,256
32443,123,0.00,256
32444,124,0.00,256
32445,125,0.00,256
32446,126,0.00,256
32447,127,0.00,256
32448,128,0.00,256
32449,129,0.00,256
32450,130,0.00,256
32451,131,0.00,256
32452,132,0.00,256
32453,133,0.00,256
32454,134,0.00,256
32455,135,0.00,256
32456,136,0.00,256
32457,137,0.00,256
32458,138,0.00,256
32459,139,0.00,256
32460,140,0.00,256
32461,141,0.00,256
32462,142,0.00,256
32463,143,0.00,256
32464,144,0.00,256
32465,145,0.00,256
32466,146,0.00,256
32467,147,0.00,256
32468,148,0.00,256
32469,149,0.00,256
32470,150,0.00,256
32471,151,0.00,256
32472,152,0.00,256
32473,153,0.00,256
32474,154,0.00,256
32475,155,0.00,256
32476,156,0.00,256
32477,157,0.00,256
32478,158,0.00,256
32479,159,0.00,256
32480,160,0.00,256
32481,161,0.00,256
32482,162,0.00,256
32483,163,0.00,256
32484,164,0.00,256
32485,165,0.00,256
32486,166,0.00,256
32487,167,0.00,256
32488,168,0.00,256
32489,169,0.00,256
32490,170,0.00,256
32491,171,0.00,256
32492,172,0.00,256
32493,173,0.00,256
32494,174,0.00,256
32495,175,0.00,256
32496,176,0.00,256
32497,177,0.00,256
32498,178,0.00,256
32499,179,0.00,256
32500,180,0.00,256
32501,181,0.00,256
32502,182,0.00,256
32503,183,0.00,256
32504,184,0.00,256
32505,185,0.00,256
32506,186,0.00,256
32507,187,0.00,256
32508,188,0.00,256
32509,189,0.00,256
32510,190,0.00,256
32511,191,0.00,256
32512,192,0.00,256
32513,193,0.00,256
32514,194,0.00,256
32515,195,0.00,256
32516,196,0.00,256
32517,197,0.00,256
32518,198,0.00,256
32519,199,0.00,256
32520,200,0.00,256
32521,201,0.00,256
32522,202,0.00,256
32523,203,0.00,256
32524,204,0.00,256
32525,205,0.00,256
32526,206,0.00,256
32527,207,0.00,256
32528,208,0.00,256
32529,209,0.00,256
32530,210,0.00,256
32531,211,0.00,256
32532,212,0.00,256
32533,213,0.00,256
32534,214,0.00,256
32535,215,0.00,256
32536,216,0.00,256
32537,217,0.00,256
32538,218,0.00,256
32539,219,0.00,256
32540,220,0.00,256
32541,221,0.00,256
32542,222,0.00,256
32543,223,0.00,256
32544,224,0.00,256
32545,225,0.00,256
32546,226,0.00,256
32547,227,0.00,256
32548,228,0.00,256
32549,229,0.00,256
32550,230,0.00,256
32551,231,0.00,256
32552,232,0.00,256
32553,233,0.00,256
32554,234,0.00,256
32555,235,0.00,256
32556,236,0.00,256
32557,237,0.00,256
32558,238,0.00,256
32559,239,0.00,256
32560,240,0.00,256
32561,241,0.00,256
32562,242,0.00,256
32563,243,0.00,256
32564,244,0.00,256
32565,245,0.00,256
32566,246,0.00,256
32567,247,0.00,256
32568,248,0.00,256
32569,249,0.00,256
32570,250,0.00,256
32571,251,0.00,256
32572,252,0.00,256
32573,253,0.00,256
32574,254,0.00,256
32575,255,0.00,256
32576,0,0.00,256
32577,1,0.00,256
32578,2,0.00,256
32579,3,0.00,256
32580,4,0.00,256
32581,5,0.00,256
32582,6,0.00,256
32583,7,0.00,256
32584,8,0.00,256
32585,9,0.00,256
32586,10,0.00,256
32587,11,0.00,256
32588,12,0.00,256
32589,13,0.00,256
32590,14,0.00,256
32591,15,0.00,256
32592,16,0.00,256
32593,17,0.00,256
32594,18,0.00,256
32595,19,0.00,256
32596,20,0.00,256
32597,21,0.00,256
32598,22,0.00,256
32599,23,0.00,256
32600,24,0.00,256
32601,25,0.00,256
32602,26,0.00,256
32603,27,0.00,256
32604,28,0.00,256
32605,29,0.00,256
32606,30,0.00,256
32607,31,0.00,256
32608,32,0.00,256
32609,33,0.00,256
32610,34,0.00,256
32611,35,0.00,256
32612,36,0.00,256
32613,37,0.00,256
32614,38,0.00,256
32615,39,0.00,256
32616,40,0.00,256
32617,41,0.00,256
32618,42,0.00,256
32619,43,0.00,256
32620,44,0.00,256
32621,45,0.00,256
32622,46,0.00,256
32623,47,0.00,256
32624,48,0.00,256
32625,49,0.00,256
32626,50,0.00,256
32627,51,0.00,256
32628,52,0.00,256
32629,53,0.00,256
32630,54,0.00,256
32631,55,0.00,256
32632,56,0.00,256
32633,57,0.00,256
32634,58,0.00,256
32635,59,0.00,256
32636,60,0.00,256
32637,61,0.00,256
32638,62,0.00,256
32639,63,0.00,256
32640,64,0.00,256
32641,65,0.00,256
32642,66,0.00,256
32643,67,0.00,256
32644,68,0.00,256
32645,69,0.00,256
32646,70,0.00,256
32647,71,0.00,256
32648,72,0.00,256
32649,73,0.00,256
32650,74,0.00,256
32651,75,0.00,256
32652,76,0.00,256
32653,77,0.00,256
32654,78,0.00,256
32655,79,0.00,256
32656,80,0.00,256
32657,81,0.00,256
32658,82,0.00,256
32659,83,0.00,256
32660,84,0.00,256
32661,85,0.00,256
32662,86,0.00,256
32663,87,0.00,256
32664,88,0.00,256
32665,89,0.00,256
32666,90,0.00,256
32667,91,0.00,256
32668,92,0.00,256
32669,93,0.00,256
32670,94,0.00,256
32671,95,0.00,256
32672,96,0.00,256
32673,97,0.00,256
32674,98,0.00,256
32675,99,0.00,256
32676,100,0.00,256
32677,101,0.00,256
32678,102,0.00,256
32679,103,0.00,256
32680,104,0.00,256
32681,105,0.00,256
32682,106,0.00,256
32683,107,0.00,256
32684,108,0.00,256
32685,109,0.00,256
32686,110,0.00,256
32687,111,0.00,256
32688,112,0.00,256
32689,113,0.00,256
32690,114,0.00,256
32691,115,0.00,256
32692,116,0.00,256
32693,117,0.00,256
32694,118,0.00,256
32695,119,0.00,256
32696,120,0.00,256
32697,121,0.00,256
32698,122,0.00,256
32699,123,0.00,256
32700,124,0.00,256
32701,125,0.00,256
32702,126,0.00,256
32703,127,0.00,256
32704,128,0.00,256
32705,129,0.00,256
32706,130,0.00,256
32707,131,0.00,256
32708,132,0.00,256
32709,133,0.00,256
32710,134,0.00,256
32711,135,0.00,256
32712,136,0.00,256
32713,137,0.00,256
32714,138,0.00,256
32715,139,0.00,256
32716,140,0.00,256
32717,141,0.00,256
32718,142,0.00,256
32719,143,0.00,256
32720,144,0.00,256
32721,145,0.00,256
32722,146,0.00,256
32723,147,0.00,256
32724,148,0.00,256
32725,149,0.00,256
32726,150,0.00,256
32727,151,0.00,256
32728,152,0.00,256
32729,153,0.00,256
32730,154,0.00,256
32731,155,0.00,256
32732,156,0.00,256
32733,157,0.00,256
32734,158,0.00,256
32735,159,0.00,256
32736,160,0.00,256
32737,161,0.00,256
32738,162,0.00,256
32739,163,0.00,256
32740,164,0.00,256
32741,165,0.00,256
32742,166,0.00,256
32743,167,0.00,256
32744,168,0.00,256
32745,169,0.00,256
32746,170,0.00,256
32747,171,0.00,256
32748,172,0.00,256
32749,173,0.00,256
32750,174,0.00,256
32751,175,0.00,256
32752,176,0.00,256
32753,177,0.00,256
32754,178,0.00,256
32755,179,0.00,256
32756,180,0.00,256
32757,181,0.00,256
32758,182,0.00,256
32759,183,0.00,256
32760,184,0.00,256
32761,185,0.00,256
32762,186,0.00,256
32763,187,0.00,256
32764,188,0.00,256
32765,189,0.00,256
32766,190,0.00,256
32767,191,0.00,256
32768,192,0.00,256
32769,193,0.00,256
32770,194,0.00,256
32771,195,0.00,256
32772,196,0.00,256
32773,197,0.00,256
32774,198,0.00,256
32775,199,0.00,256
32776,200,0.00,256
32777,201,0.00,256
32778,202,0.00,256
32779,203,0.00,256
32780,204,0.00,256
32781,205,0.00,256
32782,206,0.00,256
32783,207,0.00,256
32784,208,0.00,256
32785,209,0.00,256
32786,210,0.00,256
32787,211,0.00,256
32788,212,0.00,256
32789,213,0.00,256
32790,214,0.00,256
32791,215,0.00,256
32792,216,0.00,256
32793,217,0.00,256
32794,218,0.00,256
32795,219,0.00,256
32796,220,0.00,256
32797,221,0.00,256
32798,222,0.00,256
32799,223,0.00,256
32800,224,0.00,256
32801,225,0.00,256
32802,226,0.00,256
32803,227,0.00,256
32804,228,0.00,256
32805,229,0.00,256
32806,230,0.00,256
32807,231,0.00,256
32808,232,0.00,256
32809,233,0.00,256
32810,234,0.00,256
32811,235,0.00,256
32812,236,0.00,256
32813,237,0.00,256
32814,238,0.00,256
32815,239,0.00,256
32816,240,0.00,256
32817,241,0.00,256
32818,242,0.00,256
32819,243,0.00,256
32820,244,0.00,256
32821,245,0.00,256
32822,246,0.00,256
32823,247,0.00,256
32824,248,0.00,256
32825,249,0.00,256
32826,250,0.00,256
32827,251,0.00,256
32828,252,0.00,256
32829,253,0.00,256
32830,254,0.00,256
32831,255,0.00,256
32832,0,0.00,256
32833,1,0.00,256
32834,2,0.00,256
32835,3,0.00,256
32836,4,0.00,256
32837,5,0.00,256
32838,6,0.00,256
32839,7,0.00,256
32840,8,0.00,256
32841,9,0.00,256
32842,10,0.00,256
32843,11,0.00,256
32844,12,0.00,256
32845,13,0.00,256
32846,14,0.00,256
32847,15,0.00,256
32848,16,0.00,256
32849,17,0.00,256
32850,18,0.00,256
32851,19,0.00,256
32852,20,0.00,256
32853,21,0.00,256
32854,22,0.00,256
32855,23,0.00,256
32856,24,0.00,256
32857,25,0.00,256
32858,26,0.00,256
32859,27,0.00,256
32860,28,0.00,256
32861,29,0.00,256
32862,30,0.00,256
32863,31,0.00,256
32864,32,0.00,256
32865,33,0.00,256
32866,34,0.00,256
32867,35,0.00,256
32868,36,0.00,256
32869,37,0.00,256
32870,38,0.00,256
32871,39,0.00,256
32872,40,0.00,256
32873,41,0.00,256
32874,42,0.00,256
32875,43,0.00,256
32876,44,0.00,256
32877,45,0.00,256
32878,46,0.00,256
32879,47,0.00,256
32880,48,0.00,256
32881,49,0.00,256
32882,50,0.00,256
32883,51,0.00,256
32884,52,0.00,256
32885,53,0.00,256
32886,54,0.00,256
32887,55,0.00,256
32888,56,0.00,256
32889,57,0.00,256
32890,58,0.00,256
32891,59,0.00,256
32892,60,0.00,256
32893,61,0.00,256
32894,62,0.00,256
32895,63,0.00,256
32896,64,0.00,256
32897,65,0.00,256
32898,66,0.00,256
32899,67,0.00,256
32900,68,0.00,256
32901,69,0.00,256
32902,70,0.00,256
32903,71,0.00,256
32904,72,0.00,256
32905,73,0.00,256
32906,74,0.00,256
32907,75,0.00,256
32908,76,0.00,256
32909,77,0.00,256
32910,78,0.00,256
32911,79,0.00,256
32912,80,0.00,256
32913,81,0.00,256
32914,82,0.00,256
32915,83,0.00,256
32916,84,0.00,256
32917,85,0.00,256
32918,86,0.00,256
32919,87,0.00,256
32920,88,0.00,256
32921,89,0.00,256
32922,90,0.00,256
32923,91,0.00,256
32924,92,0.00,256
32925,93,0.00,256
32926,94,0.00,256
32927,95,0.00,256
32928,96,0.00,256
32929,97,0.00,256
32930,98,0.00,256
32931,99,0.00,256
32932,100,0.00,256
32933,101,0.00,256
32934,102,0.00,256
32935,103,0.00,256
32936,104,0.00,256
32937,105,0.00,256
32938,106,0.00,256
32939,107,0.00,256
32940,108,0.00,256
32941,109,0.00,256
32942,110,0.00,256
32943,111,0.00,256
32944,112,0.00,256
32945,113,0.00,256
32946,114,0.00,256
32947,115,0.00,256
32948,116,0.00,256
32949,117,0.00,256
32950,118,0.00,256
32951,119,0.00,256
32952,120,0.00,256
32953,121,0.00,256
32954,122,0.00,256
32955,123,0.00,256
32956,124,0.00,256
32957,125,0.00,256
32958,126,0.00,256
32959,127,0.00,256
32960,128,0.00,256
32961,129,0.00,256
32962,130,0.00,256
32963,131,0.00,256
32964,132,0.00,256
32965,133,0.00,256
32966,134,0.00,256
32967,135,0.00,256
32968,136,0.00,256
32969,137,0.00,256
32970,138,0.00,256
32971,139,0.00,256
32972,140,0.00,256
32973,141,0.00,256
32974,142,0.00,256
32975,143,0.00,256
32976,144,0.00,256
32977,145,0.00,256
32978,146,0.00,256
32979,147,0.00,256
32980,148,0.00,256
32981,149,0.00,256
32982,150,0.00,256
32983,151,0.00,256
32984,152,0.00,256
32985,153,0.00,256
32986,154,0.00,256
32987,155,0.00,256
32988,156,0.00,256
32989,157,0.00,256
32990,158,0.00,256
32991,159,0.00,256
32992,160,0.00,256
32993,161,0.00,256
32994,162,0.00,256
32995,163,0.00,256
32996,164,41.67,256
32997,165,0.00,256
32998,166,0.00,256
32999,167,0.00,256
33000,168,0.00,256
33001,169,0.00,256
33002,170,0.00,256
33003,171,0.00,256
33004,172,0.00,256
33005,173,0.00,256
33006,174,0.00,256
33007,175,0.00,256
33008,176,0.00,256
33009,177,0.00,256
33010,178,0.00,256
33011,179,0.00,256
33012,180,0.00,256
33013,181,0.00,256
33014,182,0.00,256
33015,183,0.00,256
33016,184,0.00,256
33017,185,0.00,256
33018,186,0.00,256
33019,187,0.00,256
33020,188,0.00,256
33021,189,0.00,256
33022,190,0.00,256
33023,191,0.00,256
33024,192,0.00,256
33025,193,0.00,256
33026,194,0.00,256
33027,195,0.00,256
33028,196,0.00,256
33029,197,0.00,256
33030,198,0.00,256
33031,199,0.00,256
33032,200,0.00,256
33033,201,0.00,256
33034,202,0.00,256
33035,203,0.00,256
33036,204,0.00,256
33037,205,0.00,256
33038,206,0.00,256
33039,207,0.00,256
33040,208,0.00,256
33041,209,0.00,256
33042,210,0.00,256
33043,211,0.00,256
33044,212,0.00,256
33045,213,0.00,256
33046,214,0.00,256
33047,215,0.00,256
33048,216,0.00,256
33049,217,0.00,256
33050,218,0.00,256
33051,219,0.00,256
33052,220,0.00,256
33053,221,0.00,256
33054,222,0.00,256
33055,223,0.00,256
33056,224,0.00,256
33057,225,0.00,256
33058,226,0.00,256
33059,227,0.00,256
33060,228,0.00,256
33061,229,0.00,256
33062,230,0.00,256
33063,231,0.00,256
33064,232,0.00,256
33065,233,0.00,256
33066,234,0.00,256
33067,235,0.00,256
33068,236,0.00,256
33069,237,0.00,256
33070,238,0.00,256
33071,239,0.00,256
33072,240,0.00,256
33073,241,0.00,256
33074,242,0.00,256
33075,243,0.00,256
33076,244,0.00,256
33077,245,0.00,256
33078,246,0.00,256
33079,247,0.00,256
33080,248,0.00,256
33081,249,0.00,256
33082,250,0.00,256
33083,251,0.00,256
33084,252,0.00,256
33085,253,0.00,256
33086,254,0.00,256
33087,255,0.00,256
33088,0,0.00,256
33089,1,0.00,256
33090,2,0.00,256
33091,3,0.00,256
33092,4,0.00,256
33093,5,0.00,256
33094,6,0.00,256
33095,7,0.00,256
33096,8,0.00,256
33097,9,0.00,256
33098,10,0.00,256
33099,11,0.00,256
33100,12,0.00,256
33101,13,0.00,256
33102,14,0.00,256
33103,15,0.00,256
33104,16,0.00,256
33105,17,0.00,256
33106,18,0.00,256
33107,19,0.00,256
33108,20,0.00,256
33109,21,0.00,256
33110,22,0.00,256
33111,23,0.00,256
33112,24,0.00,256
33113,25,0.00,256
33114,26,0.00,256
33115,27,0.00,256
33116,28,0.00,256
33117,29,0.00,256
33118,30,0.00,256
33119,31,0.00,256
33120,32,0.00,256
33121,33,0.00,256
33122,34,0.00,256
33123,35,0.00,256
33124,36,0.00,256
33125,37,0.00,256
33126,38,0.00,256
33127,39,0.00,256
33128,40,0.00,256
33129,41,0.00,256
33130,42,0.00,256
33131,43,0.00,256
33132,44,0.00,256
33133,45,0.00,256
33134,46,0.00,256
33135,47,0.00,256
33136,48,0.00,256
33137,49,0.00,256
33138,50,0.00,256
33139,51,0.00,256
33140,52,0.00,256
33141,53,0.00,256
33142,54,0.00,256
33143,55,0.00,256
33144,56,0.00,256
33145,57,0.00,256
33146,58,0.00,256
33147,59,0.00,256
33148,60,0.00,256
33149,61,0.00,256
33150,62,0.00,256
33151,63,0.00,256
33152,64,0.00,256
33153,65,0.00,256
33154,66,0.00,256
33155,67,0.00,256
33156,68,0.00,256
33157,69,0.00,256
33158,70,0.00,256
33159,71,0.00,256
33160,72,0.00,256
33161,73,0.00,256
33162,74,0.00,256
33163,75,0.00,256
33164,76,0.00,256
33165,77,0.00,256
33166,78,0.00,256
33167,79,0.00,256
33168,80,0.00,256
33169,81,0.00,256
33170,82,0.00,256
33171,83,0.00,256
33172,84,0.00,256
33173,85,0.00,256
33174,86,0.00,256
33175,87,0.00,256
33176,88,0.00,256
33177,89,0.00,256
33178,90,0.00,256
33179,91,0.00,256
33180,92,0.00,256
33181,93,0.00,256
33182,94,0.00,256
33183,95,0.00,256
33184,96,0.00,256
33185,97,0.00,256
33186,98,0.00,256
33187,99,0.00,256
33188,100,0.00,256
33189,101,0.00,256
33190,102,0.00,256
33191,103,0.00,256
33192,104,0.00,256
33193,105,0.00,256
33194,106,0.00,256
33195,107,0.00,256
33196,108,0.00,256
33197,109,0.00,256
33198,110,0.00,256
33199,111,0.00,256
33200,112,0.00,256
33201,113,0.00,256
33202,114,0.00,256
33203,115,0.00,256
33204,116,0.00,256
33205,117,0.00,256
33206,118,0.00,256
33207,119,0.00,256
33208,120,0.00,256
33209,121,0.00,256
33210,122,0.00,256
33211,123,0.00,256
33212,124,0.00,256
33213,125,0.00,256
33214,126,0.00,256
33215,127,0.00,256
33216,128,0.00,256
33217,129,0.00,256
33218,130,0.00,256
33219,131,41.67,256
33220,132,0.00,256
33221,133,0.00,256
33222,134,0.00,256
33223,135,0.00,256
33224,136,0.00,256
33225,137,0.00,256
33226,138,0.00,256
33227,139,0.00,256
33228,140,0.00,256
33229,141,0.00,256
33230,142,0.00,256
33231,143,0.00,256
33232,144,0.00,256
33233,145,0.00,256
33234,146,0.00,256
33235,147,0.00,256
33236,148,0.00,256
33237,149,0.00,256
33238,150,0.00,256
33239,151,0.00,256
33240,152,0.00,256
33241,153,0.00,256
33242,154,0.00,256
33243,155,0.00,256
33244,156,0.00,256
33245,157,0.00,256
33246,158,0.00,256
33247,159,0.00,256
33248,160,0.00,256
33249,161,0.00,256
33250,162,0.00,256
33251,163,0.00,256
33252,164,0.00,256
33253,165,0.00,256
33254,166,0.00,256
33255,167,0.00,256
33256,168,0.00,256
33257,169,0.00,256
33258,170,0.00,256
33259,171,0.00,256
33260,172,0.00,256
33261,173,0.00,256
33262,174,0.00,256
33263,175,0.00,256
33264,176,0.00,256
33265,177,0.00,256
33266,178,0.00,256
33267,179,0.00,256
33268,180,0.00,256
33269,181,0.00,256
33270,182,0.00,256
33271,183,0.00,256
33272,184,0.00,256
33273,185,0.00,256
33274,186,0.00,256
33275,187,0.00,256
33276,188,0.00,256
33277,189,0.00,256
33278,190,0.00,256
33279,191,0.00,256
33280,192,0.00,256
33281,193,0.00,256
33282,194,0.00,256
33283,195,0.00,256
33284,196,0.00,256
33285,197,0.00,256
33286,198,0.00,256
33287,199,0.00,256
33288,200,0.00,256
33289,201,0.00,256
33290,202,0.00,256
33291,203,0.00,256
33292,204,0.00,256
33293,205,0.00,256
33294,206,0.00,256
33295,207,0.00,256
33296,208,41.67,256
33297,209,0.00,256
33298,210,0.00,256
33299,211,0.00,256
33300,212,0.00,256
33301,213,0.00,256
33302,214,0.00,256
33303,215,0.00,256
33304,216,0.00,256
33305,217,0.00,256
33306,218,0.00,256
33307,219,0.00,256
33308,220,0.00,256
33309,221,0.00,256
33310,222,0.00,256
33311,223,0.00,256
33312,224,0.00,256
33313,225,0.00,256
33314,226,0.00,256
33315,227,0.00,256
33316,228,0.00,256
33317,229,0.00,256
33318,230,0.00,256
33319,231,0.00,256
33320,232,0.00,256
33321,233,0.00,256
33322,234,0.00,256
33323,235,0.00,256
33324,236,0.00,256
33325,237,0.00,256
33326,238,0.00,256
33327,239,0.00,256
33328,240,0.00,256
33329,241,0.00,256
33330,242,0.00,256
33331,243,0.00,256
33332,244,0.00,256
33333,245,0.00,256
33334,246,0.00,256
33335,247,0.00,256
33336,248,0.00,256
33337,249,0.00,256
33338,250,0.00,256
33339,251,0.00,256
33340,252,0.00,256
33341,253,0.00,256
33342,254,0.00,256
33343,255,0.00,256
33344,0,0.00,256
33345,1,0.00,256
33346,2,0.00,256
33347,3,0.00,256
33348,4,0.00,256
33349,5,0.00,256
33350,6,0.00,256
33351,7,0.00,256
33352,8,0.00,256
33353,9,0.00,256
33354,10,0.00,256
33355,11,0.00,256
33356,12,0.00,256
33357,13,0.00,256
33358,14,0.00,256
33359,15,0.00,256
33360,16,0.00,256
33361,17,0.00,256
33362,18,0.00,256
33363,19,0.00,256
33364,20,0.00,256
33365,21,0.00,256
33366,22,0.00,256
33367,23,0.00,256
33368,24,0.00,256
33369,25,0.00,256
33370,26,0.00,256
33371,27,0.00,256
33372,28,0.00,256
33373,29,0.00,256
33374,30,0.00,256
33375,31,0.00,256
33376,32,0.00,256
33377,33,0.00,256
33378,34,0.00,256
33379,35,0.00,256
33380,36,0.00,256
33381,37,0.00,256
33382,38,0.00,256
33383,39,0.00,256
33384,40,0.00,256
33385,41,0.00,256
33386,42,0.00,256
33387,43,0.00,256
33388,44,0.00,256
33389,45,0.00,256
33390,46,0.00,256
33391,47,0.00,256
33392,48,0.00,256
33393,49,0.00,256
33394,50,0.00,256
33395,51,0.00,256
33396,52,0.00,256
33397,53,0.00,256
33398,54,0.00,256
33399,55,0.00,256
33400,56,0.00,256
33401,57,0.00,256
33402,58,0.00,256
33403,59,0.00,256
33404,60,0.00,256
33405,61,0.00,256
33406,62,0.00,256
33407,63,0.00,256
33408,64,0.00,256
33409,65,0.00,256
33410,66,0.00,256
33411,67,0.00,256
33412,68,0.00,256
33413,69,0.00,256
33414,70,0.00,256
33415,71,0.00,256
33416,72,0.00,256
33417,73,0.00,256
33418,74,0.00,256
33419,75,0.00,256
33420,76,0.00,256
33421,77,0.00,256
33422,78,0.00,256
33423,79,0.00,256
33424,80,0.00,256
33425,81,0.00,256
33426,82,0.00,256
33427,83,0.00,256
33428,84,0.00,256
33429,85,0.00,256
33430,86,0.00,256
33431,87,0.00,256
33432,88,0.00,256
33433,89,0.00,256
33434,90,0.00,256
33435,91,0.00,256
33436,92,0.00,256
33437,93,0.00,256
33438,94,0.00,256
33439,95,0.00,256
33440,96,0.00,256
33441,97,0.00,256
33442,98,0.00,256
33443,99,0.00,256
33444,100,0.00,256
33445,101,0.00,256
33446,102,0.00,256
33447,103,0.00,256
33448,104,0.00,256
33449,105,0.00,256
33450,106,0.00,256
33451,107,0.00,256
33452,108,0.00,256
33453,109,41.67,256
33454,110,0.00,256
33455,111,0.00,256
33456,112,0.00,256
33457,113,0.00,256
33458,114,0.00,256
33459,115,0.00,256
33460,116,0.00,256
33461,117,0.00,256
33462,118,0.00,256
33463,119,0.00,256
33464,120,0.00,256
33465,121,0.00,256
33466,122,0.00,256
33467,123,0.00,256
33468,124,0.00,256
33469,125,0.00,256
33470,126,0.00,256
33471,127,0.00,256
33472,128,0.00,256
33473,129,0.00,256
33474,130,0.00,256
33475,131,0.00,256
33476,132,0.00,256
33477,133,0.00,256
33478,134,0.00,256
33479,135,0.00,256
33480,136,0.00,256
33481,137,0.00,256
33482,138,0.00,256
33483,139,0.00,256
33484,140,0.00,256
33485,141,0.00,256
33486,142,0.00,256
33487,143,0.00,256
33488,144,0.00,256
33489,145,0.00,256
33490,146,0.00,256
33491,147,0.00,256
33492,148,0.00,256
33493,149,0.00,256
33494,150,0.00,256
33495,151,0.00,256
33496,152,0.00,256
33497,153,0.00,256
33498,154,0.00,256
33499,155,0.00,256
33500,156,0.00,256
33501,157,0.00,256
33502,158,0.00,256
33503,159,0.00,256
33504,160,0.00,256
33505,161,0.00,256
33506,162,0.00,256
33507,163,0.00,256
33508,164,0.00,256
33509,165,0.00,256
33510,166,0.00,256
33511,167,0.00,256
33512,168,0.00,256
33513,169,0.00,256
33514,170,0.00,256
33515,171,0.00,256
33516,172,0.00,256
33517,173,0.00,256
33518,174,0.00,256
33519,175,0.00,256
33520,176,0.00,256
33521,177,0.00,256
33522,178,0.00,256
33523,179,0.00,256
33524,180,0.00,256
33525,181,0.00,256
33526,182,0.00,256
33527,183,0.00,256
33528,184,0.00,256
33529,185,41.67,256
33530,186,0.00,256
33531,187,0.00,256
33532,188,0.00,256
33533,189,0.00,256
33534,190,0.00,256
33535,191,0.00,256
33536,192,0.00,256
33537,193,0.00,256
33538,194,0.00,256
33539,195,0.00,256
33540,196,0.00,256
33541,197,0.00,256
33542,198,0.00,256
33543,199,0.00,256
33544,200,0.00,256
33545,201,0.00,256
33546,202,0.00,256
33547,203,0.00,256
33548,204,0.00,256
33549,205,0.00,256
33550,206,0.00,256
33551,207,0.00,256
33552,208,0.00,256
33553,209,0.00,256
33554,210,0.00,256
33555,211,0.00,256
33556,212,0.00,256
33557,213,0.00,256
33558,214,0.00,256
33559,215,0.00,256
33560,216,0.00,256
33561,217,0.00,256
33562,218,0.00,256
33563,219,0.00,256
33564,220,0.00,256
33565,221,0.00,256
33566,222,0.00,256
33567,223,0.00,256
33568,224,0.00,256
33569,225,0.00,256
33570,226,0.00,256
33571,227,0.00,256
33572,228,0.00,256
33573,229,0.00,256
33574,230,0.00,256
33575,231,0.00,256
33576,232,0.00,256
33577,233,0.00,256
33578,234,0.00,256
33579,235,0.00,256
33580,236,0.00,256
33581,237,0.00,256
33582,238,0.00,256
33583,239,0.00,256
33584,240,0.00,256
33585,241,0.00,256
33586,242,0.00,256
33587,243,0.00,256
33588,244,0.00,256
33589,245,0.00,256
33590,246,0.00,256
33591,247,0.00,256
33592,248,0.00,256
33593,249,0.00,256
33594,250,0.00,256
33595,251,0.00,256
33596,252,0.00,256
33597,253,0.00,256
33598,254,0.00,256
33599,255,0.00,256
